{"problem": {"name": "C101", "datafile": "problems/solomon/25/C101.txt", "num_cust_nodes": 25, "num_tot_nodes": 27, "Gamma": 2, "t_range": 0.25, "Delta": 2, "d_range": 0.25, "num_drones": 2, "drone_time_multiplier": 0.25, "drone_cost_multiplier": 0.25, "flight_limit": 10, "demand_ratio": 0.75}, "timelimit": 3600, "num_cpus": 4, "alg": "BnP", "root_LP": 17900.0, "tot_cg_iterations": 51, "global_lb": 17900.0, "time": 5.950370788574219, "obj": 1e+20, "tot_mp_time": 0.22734618186950684, "tot_sp_time": 5.646003007888794, "tot_sp_heu1_time": 3.854234457015991, "tot_sp_heu2_time": 1.5911011695861816, "tot_sp_exact_time": 0.19263243675231934, "tot_num_sp_heu1": 51, "tot_num_sp_heu2": 15, "tot_num_sp_exact": 1, "tot_sp1_time": 17.28168249130249, "tot_sp2_time": 3.4246933460235596, "tot_heu_time": 0, "raw_solution": null, "solution": null, "num_bnb_nodes": 1, "num_bnb_remaining_nodes": 0, "tot_num_gen_cols": 1069, "tot_num_labels": 101345, "termination_status": "Optimal", "cg_result": [[0.10658574104309082, 28, 15, 46392.0], [0.13504791259765625, 60, 35, 38788.0], [0.1622912883758545, 89, 60, 34349.5], [0.1977393627166748, 117, 83, 30949.666666666664], [0.26720499992370605, 148, 102, 29994.666666666664], [0.3047068119049072, 176, 127, 28053.75], [0.35089540481567383, 204, 158, 27260.96610169491], [0.39864611625671387, 232, 185, 26515.999999999996], [0.4537944793701172, 260, 216, 26293.875], [0.521824836730957, 292, 247, 26214.375], [0.6136600971221924, 326, 273, 24960.433333333334], [0.661259651184082, 357, 301, 22997.333333333336], [0.726567268371582, 385, 322, 22997.33333333333], [0.7598075866699219, 413, 345, 20623.333333333332], [0.8534164428710938, 444, 372, 20465.967741935485], [0.9540677070617676, 466, 392, 20465.967741935485], [1.0220222473144531, 497, 419, 19670.999999999996], [1.1169748306274414, 526, 446, 19671.0], [1.2252240180969238, 556, 475, 19671.0], [1.3289721012115479, 584, 502, 19671.0], [1.41153883934021, 605, 521, 19671.0], [1.4951562881469727, 619, 532, 19671.0], [1.5762732028961182, 632, 545, 18972.0], [1.6591737270355225, 639, 552, 18972.0], [1.7447566986083984, 645, 558, 18972.0], [1.8238635063171387, 650, 563, 18972.0], [1.9199764728546143, 660, 573, 18779.0], [2.031187057495117, 700, 2363, 18779.0], [2.1167304515838623, 705, 2368, 18397.0], [2.2070889472961426, 711, 2374, 18397.0], [2.3013699054718018, 715, 2378, 18397.0], [2.3821358680725098, 717, 2381, 18397.0], [2.472705125808716, 730, 2390, 18397.0], [2.565147876739502, 737, 2396, 18397.0], [2.646498918533325, 739, 2398, 18397.0], [2.727834939956665, 741, 2400, 18397.0], [2.833760976791382, 771, 4087, 18397.0], [2.9540443420410156, 801, 6927, 18397.0], [3.094322681427002, 837, 10355, 18315.0], [3.2185933589935303, 869, 13676, 18315.0], [3.363085985183716, 897, 19063, 18315.0], [3.534749984741211, 925, 24750, 18315.0], [3.7220213413238525, 953, 30855, 18240.0], [3.815065860748291, 956, 30858, 18240.0], [4.031843662261963, 984, 38198, 18240.0], [4.320087909698486, 1022, 44947, 18194.0], [4.5488786697387695, 1059, 52976, 17900.0], [4.841565132141113, 1064, 62819, 17900.0], [5.123912572860718, 1067, 72426, 17900.0], [5.405622720718384, 1069, 82065, 17900.0], [5.873349189758301, 1069, 101345, 17900.0]]}