{"problem": {"name": "C102", "datafile": "problems/solomon/25/C102.txt", "num_cust_nodes": 25, "num_tot_nodes": 27, "Gamma": 2, "t_range": 0.25, "Delta": 2, "d_range": 0.25, "num_drones": 2, "drone_time_multiplier": 0.25, "drone_cost_multiplier": 0.25, "flight_limit": 10, "demand_ratio": 0.75}, "timelimit": 3600, "num_cpus": 4, "alg": "BnP", "root_LP": 17897.0, "tot_cg_iterations": 111, "global_lb": 17897.0, "time": 3603.6143765449524, "obj": 1e+20, "tot_mp_time": 1.0887157917022705, "tot_sp_time": 3602.342061519623, "tot_sp_heu1_time": 13.002755880355835, "tot_sp_heu2_time": 3587.1606302261353, "tot_sp_exact_time": 2.15286922454834, "tot_num_sp_heu1": 111, "tot_num_sp_heu2": 23, "tot_num_sp_exact": 1, "tot_sp1_time": 13481.342077255249, "tot_sp2_time": 864.2692391872406, "tot_heu_time": 0, "raw_solution": null, "solution": null, "num_bnb_nodes": 1, "num_bnb_remaining_nodes": 0, "tot_num_gen_cols": 1962, "tot_num_labels": 14213376, "termination_status": "Time limit", "cg_result": [[0.04488062858581543, 28, 17, 46392.0], [0.08368635177612305, 56, 38, 31527.0], [0.13057947158813477, 88, 54, 31527.0], [0.16929316520690918, 119, 77, 31527.0], [0.22062420845031738, 148, 100, 29196.399999999998], [0.2763204574584961, 176, 129, 28600.571428571428], [0.4518086910247803, 205, 161, 27339.5], [0.5097699165344238, 234, 190, 27197.000000000004], [0.5592727661132812, 263, 222, 26799.25], [0.6241466999053955, 293, 251, 26736.181818181816], [0.6844296455383301, 322, 282, 26482.000000000004], [0.757896900177002, 351, 307, 26466.809523809523], [0.844449520111084, 379, 335, 26267.875], [0.960644006729126, 407, 362, 26267.875], [1.0120041370391846, 435, 387, 25276.25], [1.0762982368469238, 465, 410, 25012.875], [1.2777647972106934, 498, 431, 24866.499999999996], [1.3513898849487305, 531, 456, 24866.5], [1.4262194633483887, 559, 471, 24489.999999999996], [1.4890093803405762, 587, 501, 24490.0], [1.589461326599121, 615, 530, 24490.0], [1.7933075428009033, 643, 552, 24490.0], [1.8722715377807617, 675, 580, 24364.866666666665], [1.9468107223510742, 705, 602, 24364.86666666667], [2.0295045375823975, 739, 623, 23962.0], [2.11786150932312, 768, 639, 23961.999999999996], [2.227015256881714, 797, 667, 23962.000000000004], [2.3338699340820312, 827, 697, 23962.0], [2.4221343994140625, 856, 724, 23500.714285714286], [2.5345983505249023, 888, 754, 23018.82352941177], [2.602696657180786, 916, 779, 21321.92857142857], [2.7109107971191406, 945, 803, 21292.64705882353], [2.818608522415161, 976, 831, 20414.10344827586], [2.9516637325286865, 1005, 859, 20364.4375], [3.084240436553955, 1033, 873, 19876.0], [3.234463691711426, 1055, 879, 19876.0], [3.3669090270996094, 1083, 905, 19876.0], [3.503187894821167, 1115, 917, 19876.0], [3.593769073486328, 1143, 936, 19876.0], [3.7512075901031494, 1171, 960, 19876.0], [3.8635222911834717, 1201, 980, 19876.0], [4.002729654312134, 1225, 997, 19876.0], [4.0769360065460205, 1253, 1017, 19769.0], [4.160190105438232, 1281, 1043, 19769.000000000004], [4.240662097930908, 1311, 1067, 19769.0], [4.333018064498901, 1341, 1094, 19769.0], [4.433051347732544, 1373, 1119, 19769.00000000001], [4.581200361251831, 1399, 1143, 19769.0], [4.738224983215332, 1404, 1146, 19769.0], [4.8889360427856445, 1419, 1160, 19148.0], [5.051188707351685, 1427, 1168, 19148.0], [5.198914527893066, 1429, 1171, 19148.0], [5.368565797805786, 1447, 1189, 18799.0], [5.5467846393585205, 1457, 1196, 18799.0], [5.6819775104522705, 1459, 1198, 18799.0], [5.818726062774658, 1462, 1201, 18798.999999999996], [5.964762449264526, 1463, 1202, 18799.0], [6.104859352111816, 1468, 1206, 18799.0], [6.248366117477417, 1474, 1211, 18624.0], [6.3810811042785645, 1477, 1214, 18624.0], [6.508657693862915, 1479, 1216, 18624.0], [6.6335320472717285, 1482, 1219, 18624.0], [6.772561550140381, 1486, 1223, 18624.0], [6.915769338607788, 1487, 1227, 18624.0], [7.086891412734985, 1488, 1228, 18624.0], [81.63238048553467, 1534, 271503, 18624.0], [81.78917098045349, 1536, 271505, 18624.0], [144.86183953285217, 1576, 509297, 18624.0], [145.01022386550903, 1577, 509298, 18624.0], [145.1622130870819, 1578, 509300, 18624.0], [199.81181001663208, 1590, 711690, 18624.0], [199.96906852722168, 1592, 711692, 18594.0], [200.1119077205658, 1594, 711694, 18594.0], [274.6504638195038, 1595, 1044244, 18594.0], [274.81053137779236, 1596, 1044246, 18594.0], [347.67446517944336, 1609, 1375413, 18594.000000000004], [347.8346366882324, 1610, 1375416, 18594.0], [347.97810220718384, 1611, 1375417, 18594.0], [423.54179286956787, 1618, 1729253, 18594.0], [499.2777009010315, 1619, 2109536, 18502.0], [576.2424879074097, 1625, 2496746, 18500.0], [576.3961842060089, 1628, 2496749, 18499.999999999996], [576.53164935112, 1632, 2496753, 18500.0], [666.0932152271271, 1636, 2907685, 18500.0], [800.3714942932129, 1641, 3485162, 18436.0], [933.3075449466705, 1642, 4045296, 18361.0], [1072.7769014835358, 1652, 4619230, 18361.0], [1072.9163653850555, 1656, 4619233, 18361.0], [1073.074847459793, 1658, 4619238, 18361.0], [1073.2339754104614, 1659, 4619242, 18361.0], [1237.8609220981598, 1670, 5269952, 18361.0], [1395.9965777397156, 1678, 5928047, 18280.0], [1396.1140117645264, 1679, 5928051, 18280.0], [1396.2378959655762, 1680, 5928055, 18280.0], [1660.1105163097382, 1745, 6769974, 18280.0], [1660.2496662139893, 1746, 6769976, 18280.0], [1660.4005646705627, 1747, 6769978, 18280.0], [1802.9655585289001, 1748, 7404189, 18280.0], [2071.857918024063, 1804, 8287931, 18280.0], [2072.0280356407166, 1807, 8287934, 18280.0], [2072.183134317398, 1808, 8287935, 18280.0], [2317.2103452682495, 1914, 9103940, 18280.0], [2317.453997850418, 1918, 9103944, 17919.0], [2317.617294549942, 1922, 9103948, 17919.0], [2317.779906272888, 1923, 9103949, 17919.0], [2537.488203048706, 1925, 10023515, 17919.0], [2758.2512164115906, 1926, 10973819, 17919.0], [3140.211624622345, 1958, 12293126, 17919.0], [3140.338596343994, 1959, 12293128, 17897.0], [3520.2243127822876, 1962, 13604715, 17897.0], [3603.430777311325, 1962, 14213376, 17897.0]]}