{"problem": {"name": "C103", "datafile": "problems/solomon/25/C103.txt", "num_cust_nodes": 25, "num_tot_nodes": 27, "Gamma": 2, "t_range": 0.25, "Delta": 2, "d_range": 0.25, "num_drones": 2, "drone_time_multiplier": 0.25, "drone_cost_multiplier": 0.25, "flight_limit": 10, "demand_ratio": 0.75}, "timelimit": 3600, "num_cpus": 4, "alg": "BnP", "root_LP": 19076.0, "tot_cg_iterations": 70, "global_lb": 19076.0, "time": 3630.5413603782654, "obj": 1e+20, "tot_mp_time": 0.20978784561157227, "tot_sp_time": 3630.1690135002136, "tot_sp_heu1_time": 7.81965184211731, "tot_sp_heu2_time": 3613.8797068595886, "tot_sp_exact_time": 8.455575942993164, "tot_num_sp_heu1": 70, "tot_num_sp_heu2": 1, "tot_num_sp_exact": 1, "tot_sp1_time": 14510.300963878632, "tot_sp2_time": 1.9539234638214111, "tot_heu_time": 0, "raw_solution": null, "solution": null, "num_bnb_nodes": 1, "num_bnb_remaining_nodes": 0, "tot_num_gen_cols": 1887, "tot_num_labels": 1779010, "termination_status": "Time limit", "cg_result": [[0.039685964584350586, 29, 27, 46392.0], [0.10089898109436035, 57, 53, 26711.0], [0.15451908111572266, 86, 79, 26711.0], [0.20304369926452637, 114, 105, 26711.0], [0.24958276748657227, 142, 133, 26711.0], [0.29767322540283203, 173, 152, 26711.0], [0.35739684104919434, 206, 168, 26711.0], [0.4006774425506592, 234, 191, 26711.0], [0.5797991752624512, 262, 220, 26711.0], [0.6585433483123779, 290, 240, 26711.0], [0.7368686199188232, 318, 265, 26573.0], [0.82926344871521, 348, 291, 26550.0], [0.9040944576263428, 376, 312, 26487.6], [1.0489146709442139, 410, 330, 26328.87878787879], [1.1758029460906982, 440, 360, 26328.87878787879], [1.2266099452972412, 471, 369, 25814.16], [1.2661707401275635, 527, 380, 25501.575757575753], [1.3421545028686523, 565, 390, 25480.61436672968], [1.3934388160705566, 599, 403, 24933.309559939305], [1.4670250415802002, 627, 431, 24773.20853080569], [1.5350978374481201, 669, 452, 24364.412195121957], [1.581444501876831, 703, 473, 23696.393574297195], [1.670994520187378, 731, 497, 23587.544776119405], [1.7386977672576904, 759, 508, 23295.94690265487], [1.7980482578277588, 787, 535, 23250.05588235294], [1.8689491748809814, 818, 558, 23211.88165680473], [1.9336087703704834, 846, 575, 23020.233333333337], [2.1169352531433105, 876, 600, 22856.83071230342], [2.2220981121063232, 912, 622, 22763.879725085913], [2.3198623657226562, 942, 642, 22712.382978723406], [2.3787803649902344, 970, 655, 22190.333333333332], [2.4602465629577637, 998, 683, 22190.333333333332], [2.573871612548828, 1026, 707, 22190.333333333336], [2.63694429397583, 1054, 725, 22190.333333333336], [2.7543559074401855, 1083, 751, 22190.333333333336], [2.8730971813201904, 1111, 773, 22190.333333333336], [2.9978411197662354, 1139, 798, 22190.333333333336], [3.0691351890563965, 1169, 812, 22076.46875000001], [3.193546772003174, 1203, 829, 21996.4], [3.285521984100342, 1231, 855, 21688.909090909085], [3.3922743797302246, 1259, 874, 21553.235294117643], [3.498595714569092, 1287, 895, 21445.0], [3.639103651046753, 1317, 918, 21355.000000000004], [3.7035396099090576, 1345, 938, 20677.0], [3.788997173309326, 1374, 964, 20662.571428571424], [3.8937015533447266, 1402, 991, 20546.999999999993], [4.159398794174194, 1431, 1006, 19876.0], [4.274755954742432, 1461, 1031, 19875.999999999993], [4.382743835449219, 1489, 1056, 19876.0], [4.505511283874512, 1518, 1074, 19875.999999999996], [4.646654367446899, 1546, 1094, 19876.0], [4.778325319290161, 1581, 1116, 19825.0], [4.941336631774902, 1611, 1124, 19709.5], [5.102836608886719, 1642, 1147, 19709.5], [5.174083948135376, 1671, 1173, 19709.500000000004], [5.332930564880371, 1699, 1203, 19709.5], [5.518618106842041, 1727, 1232, 19709.5], [5.574919939041138, 1755, 1244, 19345.5], [5.683351516723633, 1788, 1265, 19345.5], [5.830074071884155, 1816, 1287, 19345.5], [6.014909029006958, 1836, 1306, 19345.5], [6.204840183258057, 1865, 1331, 19306.5], [6.394366979598999, 1874, 1338, 19306.5], [6.592800617218018, 1879, 1343, 19306.5], [6.907504558563232, 1880, 1345, 19306.500000000004], [7.1287524700164795, 1884, 1351, 19076.000000000004], [7.349899768829346, 1885, 1352, 19075.999999999993], [7.573491096496582, 1886, 1353, 19076.0], [7.809780120849609, 1887, 1355, 19076.0], [3630.378801345825, 1887, 1779010, 19076.0]]}