{"problem": {"name": "C104", "datafile": "problems/solomon/25/C104.txt", "num_cust_nodes": 25, "num_tot_nodes": 27, "Gamma": 2, "t_range": 0.25, "Delta": 2, "d_range": 0.25, "num_drones": 2, "drone_time_multiplier": 0.25, "drone_cost_multiplier": 0.25, "flight_limit": 10, "demand_ratio": 0.75}, "timelimit": 3600, "num_cpus": 4, "alg": "BnP", "root_LP": 18139.0, "tot_cg_iterations": 80, "global_lb": 18139.0, "time": 3639.5864741802216, "obj": 1e+20, "tot_mp_time": 0.5603663921356201, "tot_sp_time": 3638.800534248352, "tot_sp_heu1_time": 11.203455686569214, "tot_sp_heu2_time": 3612.4567840099335, "tot_sp_exact_time": 15.119434356689453, "tot_num_sp_heu1": 80, "tot_num_sp_heu2": 1, "tot_num_sp_exact": 1, "tot_sp1_time": 14548.539963960648, "tot_sp2_time": 1.8397548198699951, "tot_heu_time": 0, "raw_solution": null, "solution": null, "num_bnb_nodes": 1, "num_bnb_remaining_nodes": 0, "tot_num_gen_cols": 2179, "tot_num_labels": 1398859, "termination_status": "Time limit", "cg_result": [[0.05539345741271973, 29, 22, 46392.0], [0.11501121520996094, 57, 40, 31135.454545454544], [0.17441630363464355, 88, 58, 29032.6], [0.2265462875366211, 116, 78, 28942.999999999996], [0.3000919818878174, 144, 93, 27605.342857142863], [0.37195611000061035, 172, 110, 27398.17073170732], [0.4511148929595947, 209, 121, 27233.458333333336], [0.5967247486114502, 247, 134, 27233.458333333336], [0.6439776420593262, 289, 145, 27133.708333333325], [0.7185966968536377, 322, 161, 26937.133333333328], [0.770188570022583, 352, 184, 26646.614906832292], [0.8301010131835938, 382, 206, 26608.933333333334], [0.8934042453765869, 412, 224, 25488.629629629635], [0.9443771839141846, 440, 247, 25154.916666666668], [1.0017528533935547, 469, 264, 24921.607142857145], [1.0777084827423096, 497, 275, 24921.607142857134], [1.1677775382995605, 525, 295, 24863.283783783783], [1.2076449394226074, 553, 305, 24643.25], [1.2747111320495605, 583, 330, 24643.25], [1.3346927165985107, 618, 338, 24589.76923076923], [1.4326305389404297, 647, 358, 24589.76923076923], [1.5308308601379395, 676, 384, 24495.625], [1.6385807991027832, 704, 410, 24421.149999999998], [1.7138242721557617, 737, 430, 24209.166666666664], [1.8214881420135498, 773, 447, 24209.166666666664], [2.067930221557617, 801, 472, 24182.119047619046], [2.197519540786743, 829, 493, 24172.185185185186], [2.313931941986084, 858, 515, 23994.318181818184], [2.4549760818481445, 887, 538, 23994.318181818184], [2.5254225730895996, 915, 548, 23817.0], [2.665853261947632, 944, 577, 23817.0], [2.739522933959961, 972, 598, 22242.22222222222], [2.819467067718506, 1004, 620, 22242.222222222223], [2.8963375091552734, 1036, 640, 22242.222222222215], [2.973616123199463, 1064, 649, 22158.090909090908], [3.053178071975708, 1095, 664, 22158.09090909091], [3.141422748565674, 1133, 683, 22158.09090909091], [3.224773645401001, 1162, 699, 22158.090909090915], [3.3054072856903076, 1190, 712, 22158.090909090908], [3.4292006492614746, 1220, 729, 22124.09090909091], [3.7362985610961914, 1254, 742, 22064.181818181816], [3.8231096267700195, 1284, 751, 22064.18181818182], [3.9545347690582275, 1312, 767, 22064.181818181816], [4.094500303268433, 1342, 784, 22064.181818181816], [4.166251182556152, 1370, 794, 21945.26315789474], [4.254257678985596, 1398, 814, 21945.263157894733], [4.341801881790161, 1426, 830, 21943.750326797384], [4.4688615798950195, 1457, 839, 21883.5], [4.582477331161499, 1490, 850, 21883.499999999996], [4.705639362335205, 1518, 865, 21822.89268292683], [4.841943025588989, 1553, 892, 21730.100000000002], [4.954478740692139, 1582, 914, 21431.154761904763], [5.123727083206177, 1611, 938, 21431.154761904763], [5.259385824203491, 1640, 960, 18777.0], [5.438883066177368, 1670, 981, 18777.0], [5.700187921524048, 1703, 999, 18777.0], [5.78520941734314, 1735, 1006, 18139.0], [6.232838869094849, 1763, 1029, 18139.0], [6.4761738777160645, 1791, 1047, 18139.0], [6.751231908798218, 1820, 1058, 18139.0], [6.87674355506897, 1849, 1066, 18139.0], [7.134325742721558, 1877, 1081, 18139.0], [7.297884464263916, 1905, 1089, 18139.0], [7.549635648727417, 1939, 1109, 18139.0], [7.7406439781188965, 1970, 1118, 18139.0], [7.992676258087158, 1998, 1126, 18138.999999999996], [8.224531888961792, 2027, 1151, 18139.0], [8.423341035842896, 2055, 1162, 18138.999999999996], [8.722569227218628, 2062, 1169, 18139.0], [9.005822658538818, 2077, 1184, 18139.0], [9.266252040863037, 2084, 1188, 18138.999999999996], [9.54252004623413, 2088, 1192, 18139.0], [9.789325952529907, 2094, 1196, 18139.0], [10.014476776123047, 2104, 1200, 18139.0], [10.277454853057861, 2119, 1206, 18139.0], [10.670256614685059, 2142, 1224, 18139.0], [10.980380535125732, 2167, 1240, 18139.0], [11.260770082473755, 2177, 1251, 18139.0], [11.521833181381226, 2179, 1254, 18139.0], [3639.3609006404877, 2179, 1398859, 18139.0]]}