{"problem": {"name": "C105", "datafile": "problems/solomon/25/C105.txt", "num_cust_nodes": 25, "num_tot_nodes": 27, "Gamma": 2, "t_range": 0.25, "Delta": 2, "d_range": 0.25, "num_drones": 2, "drone_time_multiplier": 0.25, "drone_cost_multiplier": 0.25, "flight_limit": 10, "demand_ratio": 0.75}, "timelimit": 3600, "num_cpus": 4, "alg": "BnP", "root_LP": 17900.0, "tot_cg_iterations": 54, "global_lb": 17900.0, "time": 38.990010499954224, "obj": 1e+20, "tot_mp_time": 0.2800455093383789, "tot_sp_time": 38.61609745025635, "tot_sp_heu1_time": 5.713072776794434, "tot_sp_heu2_time": 29.581607341766357, "tot_sp_exact_time": 3.304908514022827, "tot_num_sp_heu1": 54, "tot_num_sp_heu2": 17, "tot_num_sp_exact": 1, "tot_sp1_time": 76.93767046928406, "tot_sp2_time": 72.67376947402954, "tot_heu_time": 0, "raw_solution": null, "solution": null, "num_bnb_nodes": 1, "num_bnb_remaining_nodes": 0, "tot_num_gen_cols": 1144, "tot_num_labels": 867915, "termination_status": "Optimal", "cg_result": [[0.042400360107421875, 29, 16, 46392.0], [0.09868812561035156, 58, 39, 41794.0], [0.1550135612487793, 90, 60, 31652.0], [0.2109663486480713, 121, 85, 27640.25], [0.26578736305236816, 150, 111, 24828.615384615383], [0.32665085792541504, 182, 135, 23979.023255813954], [0.46418023109436035, 210, 159, 23665.0], [0.549128532409668, 242, 186, 23208.875], [0.6360361576080322, 271, 213, 22640.109374999996], [0.6927371025085449, 302, 236, 22640.109375], [0.8193974494934082, 334, 261, 22395.44444444444], [0.9416348934173584, 362, 283, 22395.444444444445], [1.0751736164093018, 393, 313, 21983.13636363636], [1.2078189849853516, 411, 329, 21480.43137254902], [1.3352789878845215, 443, 357, 19880.55555555556], [1.435882329940796, 455, 369, 19587.0], [1.5762639045715332, 483, 396, 19587.0], [1.6965928077697754, 504, 414, 19587.0], [1.8247554302215576, 532, 441, 18818.0], [1.980212688446045, 555, 459, 18818.0], [2.100738525390625, 566, 469, 18818.0], [2.208237886428833, 575, 476, 18818.0], [2.3319413661956787, 582, 482, 18818.0], [2.4620168209075928, 592, 490, 18818.0], [2.5689220428466797, 593, 491, 18818.0], [2.746293306350708, 626, 4800, 18818.0], [2.858560800552368, 628, 4802, 18436.0], [2.962153911590576, 629, 4804, 18436.0], [3.065883159637451, 632, 4807, 18436.0], [3.3777952194213867, 661, 9036, 18436.0], [3.728712558746338, 691, 18231, 18436.0], [4.0191810131073, 729, 27170, 18436.0], [4.372372150421143, 787, 36738, 18436.0], [4.501305818557739, 799, 36750, 18418.0], [4.607870101928711, 800, 36751, 18418.0], [4.702653884887695, 801, 36752, 18418.0], [5.70889139175415, 841, 55167, 18418.0], [6.498626470565796, 871, 72073, 18354.0], [8.642494440078735, 903, 117326, 18354.0], [10.940354824066162, 932, 161409, 18279.0], [13.623243570327759, 984, 218037, 18279.0], [13.744995594024658, 990, 218042, 18279.0], [13.86151123046875, 992, 218044, 18279.0], [13.986097812652588, 993, 218046, 18235.0], [17.068010807037354, 1021, 278400, 18235.0], [17.173775911331177, 1022, 278401, 18235.0], [19.659226179122925, 1075, 340567, 18235.0], [22.7883198261261, 1107, 424560, 18173.0], [22.901376724243164, 1109, 424562, 17900.0], [26.22656488418579, 1137, 520661, 17900.0], [29.357930421829224, 1140, 606269, 17900.0], [29.46816349029541, 1141, 606270, 17900.0], [32.53815460205078, 1144, 691678, 17900.0], [38.89614295959473, 1144, 867915, 17900.0]]}