{"problem": {"name": "C106", "datafile": "problems/solomon/25/C106.txt", "num_cust_nodes": 25, "num_tot_nodes": 27, "Gamma": 2, "t_range": 0.25, "Delta": 2, "d_range": 0.25, "num_drones": 2, "drone_time_multiplier": 0.25, "drone_cost_multiplier": 0.25, "flight_limit": 10, "demand_ratio": 0.75}, "timelimit": 3600, "num_cpus": 4, "alg": "BnP", "root_LP": 17900.0, "tot_cg_iterations": 71, "global_lb": 17900.0, "time": 12.170111894607544, "obj": 1e+20, "tot_mp_time": 0.4488050937652588, "tot_sp_time": 11.605489730834961, "tot_sp_heu1_time": 8.138134717941284, "tot_sp_heu2_time": 3.2827725410461426, "tot_sp_exact_time": 0.17056846618652344, "tot_num_sp_heu1": 71, "tot_num_sp_heu2": 21, "tot_num_sp_exact": 1, "tot_sp1_time": 29.87266254425049, "tot_sp2_time": 12.327373266220093, "tot_heu_time": 0, "raw_solution": null, "solution": null, "num_bnb_nodes": 1, "num_bnb_remaining_nodes": 0, "tot_num_gen_cols": 1306, "tot_num_labels": 125212, "termination_status": "Optimal", "cg_result": [[0.035858869552612305, 29, 19, 46392.0], [0.0849461555480957, 59, 41, 38788.0], [0.13328123092651367, 87, 66, 34251.85714285714], [0.17737817764282227, 115, 88, 29912.0], [0.21671533584594727, 147, 107, 29912.0], [0.26343560218811035, 175, 129, 26600.666666666664], [0.328845739364624, 203, 156, 26600.666666666664], [0.41790151596069336, 234, 188, 26600.666666666664], [0.5249707698822021, 263, 214, 23769.0], [0.6066315174102783, 291, 239, 22097.0], [0.6607389450073242, 320, 264, 22097.0], [0.706322431564331, 349, 285, 22097.0], [2.2869691848754883, 384, 305, 20968.999999999996], [2.3603177070617676, 417, 325, 20969.0], [2.466275453567505, 447, 349, 20968.999999999996], [2.5823678970336914, 482, 376, 20968.999999999996], [2.712613582611084, 513, 395, 20968.999999999996], [2.8564767837524414, 543, 423, 20969.0], [2.97613787651062, 573, 452, 20672.8], [3.066976308822632, 601, 478, 20003.0], [3.1802244186401367, 631, 501, 20003.0], [3.2710185050964355, 647, 515, 19639.0], [3.3806605339050293, 667, 534, 19639.0], [3.468238592147827, 673, 540, 19639.0], [3.5674421787261963, 686, 553, 19639.0], [3.661837100982666, 693, 559, 19639.0], [3.7624688148498535, 703, 569, 19183.0], [3.8564159870147705, 711, 577, 19183.0], [3.955379009246826, 716, 582, 19183.0], [4.0552918910980225, 718, 584, 19183.0], [4.1582536697387695, 720, 586, 19183.0], [4.412268161773682, 768, 1077, 19183.000000000004], [4.515824794769287, 769, 1078, 18775.0], [4.610266447067261, 772, 1081, 18775.000000000004], [4.714157581329346, 773, 1082, 18775.0], [4.808078765869141, 774, 1083, 18775.0], [4.955212354660034, 813, 2503, 18775.0], [5.09046745300293, 829, 2516, 18775.0], [5.20917820930481, 837, 2524, 18775.0], [5.310067176818848, 841, 2528, 18775.0], [5.401377201080322, 842, 2529, 18775.0], [5.489107131958008, 853, 2535, 18775.0], [5.592745542526245, 854, 2536, 18775.0], [5.68903374671936, 855, 2537, 18775.0], [5.792534828186035, 856, 2538, 18775.0], [5.901255369186401, 857, 2539, 18775.0], [5.9982078075408936, 858, 2542, 18775.0], [6.149348974227905, 892, 5181, 18775.0], [6.277151346206665, 894, 5183, 18693.0], [6.383967161178589, 895, 5184, 18693.0], [6.517395496368408, 925, 6776, 18693.0], [6.694440603256226, 955, 11944, 18693.0], [6.841647624969482, 993, 14629, 18618.0], [7.0440943241119385, 1024, 19922, 18618.0], [7.308361530303955, 1052, 26574, 18618.0], [7.598160982131958, 1093, 32386, 18618.0], [7.983340501785278, 1131, 39735, 18257.0], [8.392626285552979, 1161, 45254, 18235.0], [8.728333950042725, 1189, 52449, 18235.0], [8.952126026153564, 1217, 57604, 18235.0], [9.223241567611694, 1259, 64446, 18235.0], [9.33364486694336, 1260, 64447, 18235.0], [9.747797727584839, 1278, 72446, 18235.0], [9.861047506332397, 1279, 72447, 17900.0], [10.13376498222351, 1286, 80076, 17900.0], [10.263163805007935, 1289, 80079, 17900.0], [10.58077621459961, 1296, 87573, 17900.0], [10.959582805633545, 1301, 95174, 17900.0], [11.271123886108398, 1304, 102669, 17900.0], [11.575802326202393, 1306, 110210, 17900.0], [12.05429482460022, 1306, 125212, 17900.0]]}