{"problem": {"name": "C107", "datafile": "problems/solomon/25/C107.txt", "num_cust_nodes": 25, "num_tot_nodes": 27, "Gamma": 2, "t_range": 0.25, "Delta": 2, "d_range": 0.25, "num_drones": 2, "drone_time_multiplier": 0.25, "drone_cost_multiplier": 0.25, "flight_limit": 10, "demand_ratio": 0.75}, "timelimit": 3600, "num_cpus": 4, "alg": "BnP", "root_LP": 17900.0, "tot_cg_iterations": 57, "global_lb": 17900.0, "time": 173.30654215812683, "obj": 1e+20, "tot_mp_time": 0.31249523162841797, "tot_sp_time": 172.89784717559814, "tot_sp_heu1_time": 6.1395180225372314, "tot_sp_heu2_time": 143.03012228012085, "tot_sp_exact_time": 23.7119038105011, "tot_num_sp_heu1": 57, "tot_num_sp_heu2": 18, "tot_num_sp_exact": 1, "tot_sp1_time": 454.49034547805786, "tot_sp2_time": 208.9528250694275, "tot_heu_time": 0, "raw_solution": null, "solution": null, "num_bnb_nodes": 1, "num_bnb_remaining_nodes": 0, "tot_num_gen_cols": 1205, "tot_num_labels": 1644740, "termination_status": "Optimal", "cg_result": [[0.04060959815979004, 28, 17, 46392.0], [0.08106803894042969, 60, 38, 39981.5], [0.12155938148498535, 94, 60, 30862.400000000005], [0.1706397533416748, 124, 87, 28444.500000000004], [0.22270607948303223, 155, 110, 25660.8], [0.285980224609375, 188, 123, 25250.901960784315], [0.3354363441467285, 217, 150, 24400.346938775514], [0.3844149112701416, 247, 174, 24326.365079365078], [0.43695926666259766, 278, 197, 24000.066666666677], [0.5038189888000488, 307, 220, 23804.234636871508], [0.5602626800537109, 339, 248, 22250.714285714286], [0.6160361766815186, 369, 273, 22250.714285714286], [0.7119028568267822, 405, 295, 21056.6], [1.2264904975891113, 447, 317, 21051.274999999998], [1.4113709926605225, 484, 342, 21051.274999999998], [1.537128210067749, 516, 370, 20996.622641509435], [1.6218461990356445, 544, 395, 20794.42857142857], [1.7550568580627441, 565, 415, 20794.428571428572], [1.8088161945343018, 594, 436, 20776.5], [1.9490973949432373, 622, 463, 20741.02631578947], [2.0646328926086426, 637, 477, 20694.200000000004], [2.201225996017456, 665, 505, 19853.0], [2.324549674987793, 682, 520, 19489.0], [2.4450173377990723, 706, 542, 19489.0], [2.5418365001678467, 714, 550, 19154.0], [2.73006272315979, 727, 562, 19154.0], [2.837580442428589, 739, 574, 19154.0], [2.9457101821899414, 742, 577, 19154.0], [3.0486900806427, 745, 581, 19154.0], [3.1561279296875, 751, 587, 18822.0], [3.2563774585723877, 754, 590, 18822.0], [3.37410831451416, 755, 591, 18822.0], [3.487004280090332, 756, 592, 18822.0], [3.600663185119629, 758, 593, 18822.0], [4.029706954956055, 808, 4128, 18822.0], [4.150355577468872, 809, 4129, 18822.0], [4.621304988861084, 859, 7959, 18822.0], [4.724853515625, 862, 7963, 18440.0], [5.658644676208496, 897, 24156, 18440.0], [5.77863621711731, 899, 24159, 18440.0], [9.926599502563477, 930, 65233, 18440.0], [10.903577089309692, 960, 82281, 18358.0], [15.34883999824524, 991, 136766, 18358.0], [22.820277214050293, 1023, 208525, 18358.0], [30.565269470214844, 1053, 296513, 18283.0], [40.49120783805847, 1093, 378917, 18283.0], [40.6124222278595, 1094, 378918, 18283.0], [40.74759387969971, 1095, 378919, 18283.0], [51.90711832046509, 1164, 472709, 18283.0], [62.65870785713196, 1193, 567068, 17922.0], [73.32806158065796, 1199, 670847, 17900.0], [84.35193800926208, 1201, 770939, 17900.0], [96.60158109664917, 1202, 894625, 17900.0], [108.87272047996521, 1203, 1029075, 17900.0], [121.50248408317566, 1204, 1164192, 17900.0], [133.68388080596924, 1205, 1295525, 17900.0], [173.21034240722656, 1205, 1644740, 17900.0]]}