{"problem": {"name": "C108", "datafile": "problems/solomon/25/C108.txt", "num_cust_nodes": 25, "num_tot_nodes": 27, "Gamma": 2, "t_range": 0.25, "Delta": 2, "d_range": 0.25, "num_drones": 2, "drone_time_multiplier": 0.25, "drone_cost_multiplier": 0.25, "flight_limit": 10, "demand_ratio": 0.75}, "timelimit": 3600, "num_cpus": 4, "alg": "BnP", "root_LP": 17983.0, "tot_cg_iterations": 92, "global_lb": 17983.0, "time": 3601.681666612625, "obj": 1e+20, "tot_mp_time": 0.5093719959259033, "tot_sp_time": 3601.041152238846, "tot_sp_heu1_time": 9.641575336456299, "tot_sp_heu2_time": 3590.694389104843, "tot_sp_exact_time": 0.6769375801086426, "tot_num_sp_heu1": 92, "tot_num_sp_heu2": 42, "tot_num_sp_exact": 1, "tot_sp1_time": 13038.67527294159, "tot_sp2_time": 1271.8563089370728, "tot_heu_time": 0, "raw_solution": null, "solution": null, "num_bnb_nodes": 1, "num_bnb_remaining_nodes": 0, "tot_num_gen_cols": 1111, "tot_num_labels": 10896438, "termination_status": "Time limit", "cg_result": [[0.04602384567260742, 29, 16, 46392.0], [0.08477330207824707, 58, 24, 35701.0], [0.21672821044921875, 87, 44, 33179.0], [0.26398777961730957, 118, 70, 26442.25], [0.31490039825439453, 146, 87, 25131.500000000004], [0.37105798721313477, 174, 115, 24127.244274809163], [0.42217063903808594, 202, 131, 23530.54054054054], [0.4860262870788574, 230, 153, 22641.399999999998], [0.5505781173706055, 259, 181, 22279.721153846156], [0.6182401180267334, 287, 201, 21499.93181818182], [0.6889176368713379, 317, 225, 21317.774725274725], [0.7483832836151123, 347, 246, 21191.6875], [0.8739132881164551, 376, 275, 21043.3125], [1.0133614540100098, 405, 301, 20395.0], [1.1502714157104492, 428, 320, 20395.0], [1.2667829990386963, 457, 346, 20367.5], [1.3885133266448975, 485, 371, 20367.499999999996], [1.5121150016784668, 501, 383, 20367.5], [1.6537511348724365, 514, 397, 19330.0], [1.7911512851715088, 523, 407, 19330.000000000004], [1.9123749732971191, 534, 417, 19330.0], [2.0327303409576416, 541, 424, 19329.999999999996], [2.1605987548828125, 543, 428, 19330.0], [2.2853260040283203, 544, 429, 19330.0], [2.411695718765259, 546, 432, 19330.0], [2.5371365547180176, 558, 440, 19330.0], [2.6642167568206787, 566, 448, 19330.0], [2.7822468280792236, 569, 452, 19330.0], [2.9035518169403076, 570, 453, 19330.0], [3.1064705848693848, 571, 454, 19330.0], [3.2315971851348877, 572, 455, 19330.0], [3.3451406955718994, 573, 456, 19246.99999999998], [3.462433099746704, 576, 461, 19247.0], [3.5980072021484375, 577, 462, 18973.000000000004], [3.7351927757263184, 578, 463, 18972.99999999999], [4.003552436828613, 606, 4078, 18972.99999999999], [4.1400885581970215, 607, 4080, 18973.0], [5.179767847061157, 648, 14786, 18973.0], [5.307507038116455, 655, 14795, 18501.0], [5.422114610671997, 662, 14803, 18501.0], [5.552538156509399, 665, 14809, 18501.0], [17.58555555343628, 668, 71395, 18501.0], [31.193029403686523, 701, 130585, 18483.0], [31.322900772094727, 703, 130591, 18483.0], [31.46440577507019, 706, 130598, 18483.0], [78.46774339675903, 721, 257223, 18483.0], [127.14611482620239, 723, 395831, 18483.0], [127.25846719741821, 725, 395833, 18483.0], [200.01694107055664, 727, 590557, 18483.0], [274.7427155971527, 728, 777973, 18419.0], [351.23062014579773, 729, 968334, 18419.0], [441.1881196498871, 761, 1238243, 18419.0], [506.83692741394043, 762, 1409600, 18419.0], [586.4207191467285, 774, 1667233, 18419.0], [586.5251243114471, 776, 1667235, 18419.0], [633.9674084186554, 777, 1799667, 18419.0], [709.0206432342529, 778, 2035718, 18419.0], [794.5017273426056, 785, 2307091, 18419.0], [893.318594455719, 800, 2604017, 18419.0], [893.4404881000519, 804, 2604021, 18419.0], [937.6980581283569, 807, 2738462, 18419.0], [1048.0809843540192, 838, 3074202, 18419.0], [1097.8110406398773, 839, 3225664, 18344.0], [1201.201246023178, 840, 3552457, 18344.0], [1324.7529442310333, 858, 3923792, 18344.0], [1324.8478384017944, 859, 3923793, 18344.0], [1324.9400236606598, 860, 3923796, 18344.0], [1363.669267654419, 862, 4054119, 18344.0], [1490.6098380088806, 863, 4442862, 18344.0], [1625.1932356357574, 919, 4853695, 18344.0], [1625.308094739914, 920, 4853700, 18344.0], [1625.4236521720886, 921, 4853705, 18344.0], [1692.2640957832336, 923, 5102670, 18344.0], [1784.7857251167297, 924, 5415232, 18344.0], [1883.1243073940277, 928, 5730255, 18344.0], [2004.1247279644012, 929, 6099729, 18344.0], [2137.5106852054596, 943, 6530130, 18344.0], [2264.376408100128, 944, 6913064, 18344.0], [2417.7455835342407, 946, 7418288, 18344.0], [2464.3578202724457, 947, 7572687, 18344.0], [2619.4045329093933, 1004, 8071503, 18344.0], [2680.3372275829315, 1005, 8219504, 18344.0], [2765.252480506897, 1006, 8475504, 18344.0], [2925.418603658676, 1008, 8857401, 18344.0], [3092.096394777298, 1009, 9282485, 18344.0], [3269.957135438919, 1061, 9747772, 18344.0], [3270.063817501068, 1066, 9747777, 17983.0], [3270.1645679473877, 1069, 9747780, 17983.0], [3332.116726398468, 1072, 9960975, 17983.0], [3424.4414234161377, 1077, 10258806, 17983.0], [3545.9587621688843, 1111, 10650422, 17983.0], [3601.5505242347717, 1111, 10896438, 17983.0]]}