{"problem": {"name": "C109", "datafile": "problems/solomon/25/C109.txt", "num_cust_nodes": 25, "num_tot_nodes": 27, "Gamma": 2, "t_range": 0.25, "Delta": 2, "d_range": 0.25, "num_drones": 2, "drone_time_multiplier": 0.25, "drone_cost_multiplier": 0.25, "flight_limit": 10, "demand_ratio": 0.75}, "timelimit": 3600, "num_cpus": 4, "alg": "BnP", "root_LP": 18736.0, "tot_cg_iterations": 47, "global_lb": 18736.0, "time": 3620.004590988159, "obj": 1e+20, "tot_mp_time": 0.25483036041259766, "tot_sp_time": 3619.6502311229706, "tot_sp_heu1_time": 5.44809627532959, "tot_sp_heu2_time": 3610.5603415966034, "tot_sp_exact_time": 3.6306076049804688, "tot_num_sp_heu1": 47, "tot_num_sp_heu2": 5, "tot_num_sp_exact": 1, "tot_sp1_time": 14283.645691394806, "tot_sp2_time": 114.20386123657227, "tot_heu_time": 0, "raw_solution": null, "solution": null, "num_bnb_nodes": 1, "num_bnb_remaining_nodes": 0, "tot_num_gen_cols": 1305, "tot_num_labels": 2191035, "termination_status": "Time limit", "cg_result": [[0.03929924964904785, 28, 17, 46392.0], [0.13413453102111816, 57, 42, 35593.0], [0.30721426010131836, 91, 59, 30119.5], [0.3875248432159424, 129, 79, 27480.333333333336], [0.4352536201477051, 162, 92, 27331.071428571435], [0.4931609630584717, 190, 106, 26180.066666666662], [0.5531129837036133, 228, 126, 25827.166666666664], [0.5978801250457764, 258, 137, 24352.38888888889], [0.6363933086395264, 289, 151, 22782.357142857138], [0.765064001083374, 327, 162, 22621.585365853654], [0.813086748123169, 363, 181, 22621.58536585366], [0.8701276779174805, 393, 194, 22247.024844720498], [0.9354333877563477, 433, 207, 22247.024844720498], [0.9947206974029541, 462, 226, 22068.974358974356], [1.0433094501495361, 490, 246, 22058.04854368932], [1.0859270095825195, 524, 254, 21742.758364312263], [1.1669888496398926, 552, 281, 21072.27397260274], [1.29447603225708, 583, 304, 19812.0], [1.3572866916656494, 618, 321, 19812.0], [1.5434820652008057, 647, 339, 19812.0], [1.62070631980896, 677, 367, 19812.0], [1.7064828872680664, 707, 390, 19812.0], [1.7875604629516602, 735, 413, 19812.000000000007], [1.8654394149780273, 763, 439, 19812.000000000007], [2.0172131061553955, 795, 461, 19812.0], [2.088836908340454, 823, 487, 19812.0], [2.4175796508789062, 853, 518, 19812.0], [2.654513120651245, 882, 544, 19812.0], [2.8317441940307617, 910, 573, 19811.99999999999], [2.960219621658325, 939, 602, 19812.0], [3.1264615058898926, 969, 631, 19812.0], [3.301196336746216, 992, 650, 19812.0], [3.4406251907348633, 1012, 670, 19812.0], [3.6071419715881348, 1024, 678, 19812.0], [3.7601237297058105, 1039, 692, 19102.0], [3.901698589324951, 1044, 697, 19102.0], [4.057651996612549, 1048, 700, 19102.0], [4.211526393890381, 1052, 704, 19019.0], [4.339331865310669, 1053, 705, 19019.0], [6.19694447517395, 1134, 5212, 19019.0], [6.366069078445435, 1136, 5214, 18775.0], [7.6041789054870605, 1190, 13381, 18775.0], [622.3556952476501, 1289, 528917, 18775.0], [622.4941515922546, 1293, 528921, 18775.0], [1208.1121234893799, 1304, 1011548, 18775.0], [1208.2641773223877, 1305, 1011554, 18775.0], [3619.905061483383, 1305, 2191035, 18736.0]]}