{"problem": {"name": "R101", "datafile": "problems/solomon/25/R101.txt", "num_cust_nodes": 25, "num_tot_nodes": 27, "Gamma": 2, "t_range": 0.25, "Delta": 2, "d_range": 0.25, "num_drones": 2, "drone_time_multiplier": 0.25, "drone_cost_multiplier": 0.25, "flight_limit": 25, "demand_ratio": 0.75}, "timelimit": 3600, "num_cpus": 4, "alg": "BnP", "root_LP": 37594.0, "tot_cg_iterations": 26, "global_lb": 37594.0, "time": 2.8629205226898193, "obj": 1e+20, "tot_mp_time": 0.05863332748413086, "tot_sp_time": 2.77292799949646, "tot_sp_heu1_time": 1.7970271110534668, "tot_sp_heu2_time": 0.90781569480896, "tot_sp_exact_time": 0.06399250030517578, "tot_num_sp_heu1": 26, "tot_num_sp_heu2": 13, "tot_num_sp_exact": 1, "tot_sp1_time": 9.871132373809814, "tot_sp2_time": 0.1533966064453125, "tot_heu_time": 0, "raw_solution": null, "solution": null, "num_bnb_nodes": 1, "num_bnb_remaining_nodes": 0, "tot_num_gen_cols": 290, "tot_num_labels": 385, "termination_status": "Optimal", "cg_result": [[0.0684809684753418, 29, 28, 62351.2], [0.1252269744873047, 57, 56, 55206.0], [0.2222580909729004, 83, 77, 52398.59999999999], [0.30625152587890625, 97, 89, 47665.4375], [0.39386558532714844, 105, 95, 44648.33333333333], [0.4692816734313965, 109, 99, 43559.96428571429], [0.5318262577056885, 117, 107, 43488.45], [0.6034283638000488, 121, 111, 42749.90322580645], [0.6738300323486328, 122, 112, 42615.33333333334], [0.7820522785186768, 151, 147, 42549.666666666664], [0.8473019599914551, 152, 148, 42153.0], [0.96470046043396, 181, 190, 42153.00000000001], [1.0285212993621826, 182, 191, 40929.74999999999], [1.161341905593872, 210, 231, 40891.571428571435], [1.2276241779327393, 211, 232, 39971.57142857143], [1.288480520248413, 212, 233, 39904.33333333333], [1.4284956455230713, 229, 263, 39822.49999999999], [1.5596113204956055, 246, 289, 37705.0], [1.7021636962890625, 255, 302, 37705.0], [1.8827769756317139, 264, 312, 37705.0], [2.0293984413146973, 274, 330, 37705.0], [2.166949510574341, 278, 340, 37705.0], [2.312558650970459, 281, 352, 37705.0], [2.491321563720703, 286, 361, 37594.0], [2.6300551891326904, 290, 371, 37594.0], [2.831561326980591, 290, 385, 37594.0]]}