{"problem": {"name": "R102", "datafile": "problems/solomon/25/R102.txt", "num_cust_nodes": 25, "num_tot_nodes": 27, "Gamma": 2, "t_range": 0.25, "Delta": 2, "d_range": 0.25, "num_drones": 2, "drone_time_multiplier": 0.25, "drone_cost_multiplier": 0.25, "flight_limit": 25, "demand_ratio": 0.75}, "timelimit": 3600, "num_cpus": 4, "alg": "BnP", "root_LP": 34709.0, "tot_cg_iterations": 36, "global_lb": 34709.0, "time": 7.633662939071655, "obj": 1e+20, "tot_mp_time": 0.04656624794006348, "tot_sp_time": 7.545357704162598, "tot_sp_heu1_time": 4.5248353481292725, "tot_sp_heu2_time": 2.504822254180908, "tot_sp_exact_time": 0.5086095333099365, "tot_num_sp_heu1": 36, "tot_num_sp_heu2": 14, "tot_num_sp_exact": 3, "tot_sp1_time": 23.828621864318848, "tot_sp2_time": 4.00452184677124, "tot_heu_time": 0, "raw_solution": null, "solution": null, "num_bnb_nodes": 1, "num_bnb_remaining_nodes": 0, "tot_num_gen_cols": 478, "tot_num_labels": 9870, "termination_status": "Optimal", "cg_result": [[0.06171560287475586, 29, 22, 62749.25], [0.11613774299621582, 60, 51, 56648.66666666666], [0.21217966079711914, 90, 75, 54140.368421052626], [0.27773308753967285, 119, 104, 52329.25], [0.4095175266265869, 149, 131, 50543.29166666667], [0.5401296615600586, 177, 161, 46128.600000000006], [0.6783525943756104, 189, 173, 43969.20754716981], [0.8132283687591553, 195, 177, 42561.50684931506], [0.9810261726379395, 197, 179, 42191.043859649115], [1.1215205192565918, 201, 183, 41918.18750000001], [1.2493832111358643, 202, 184, 41383.3086419753], [1.965338945388794, 239, 1879, 41344.44047619047], [2.0977141857147217, 241, 1881, 40070.26315789473], [2.21036434173584, 243, 1882, 40004.299999999996], [2.3255605697631836, 247, 1884, 39710.711111111115], [2.451883554458618, 248, 1885, 39287.541666666664], [2.5608956813812256, 250, 1886, 38879.5], [2.733421564102173, 283, 2555, 38879.5], [2.945101499557495, 311, 3380, 38879.5], [3.1038637161254883, 321, 3390, 38112.328125], [3.3454980850219727, 354, 4391, 36995.875], [3.6189191341400146, 384, 5079, 36756.86], [3.9786033630371094, 412, 5783, 36091.0], [4.1298298835754395, 413, 5784, 35511.0], [4.23524284362793, 414, 5785, 35323.5], [4.533978462219238, 438, 6361, 35323.5], [4.695301532745361, 439, 6362, 34918.0], [4.840566873550415, 440, 6363, 34918.0], [4.990527868270874, 441, 6364, 34918.0], [5.310178756713867, 454, 6742, 34918.0], [5.625107288360596, 462, 7019, 34918.0], [5.898060321807861, 472, 7311, 34781.0], [6.16813325881958, 474, 7586, 34781.0], [6.6593451499938965, 477, 8395, 34781.0], [7.133497476577759, 478, 9212, 34781.0], [7.591923952102661, 478, 9870, 34709.0]]}