{"problem": {"name": "R103", "datafile": "problems/solomon/25/R103.txt", "num_cust_nodes": 25, "num_tot_nodes": 27, "Gamma": 2, "t_range": 0.25, "Delta": 2, "d_range": 0.25, "num_drones": 2, "drone_time_multiplier": 0.25, "drone_cost_multiplier": 0.25, "flight_limit": 25, "demand_ratio": 0.75}, "timelimit": 3600, "num_cpus": 4, "alg": "BnP", "root_LP": 33544.0, "tot_cg_iterations": 43, "global_lb": 33544.0, "time": 22.950306177139282, "obj": 1e+20, "tot_mp_time": 0.040081024169921875, "tot_sp_time": 22.85274052619934, "tot_sp_heu1_time": 7.724042177200317, "tot_sp_heu2_time": 14.456564664840698, "tot_sp_exact_time": 0.6592438220977783, "tot_num_sp_heu1": 43, "tot_num_sp_heu2": 17, "tot_num_sp_exact": 2, "tot_sp1_time": 31.840376377105713, "tot_sp2_time": 46.022419452667236, "tot_heu_time": 0, "raw_solution": null, "solution": null, "num_bnb_nodes": 1, "num_bnb_remaining_nodes": 0, "tot_num_gen_cols": 731, "tot_num_labels": 97474, "termination_status": "Optimal", "cg_result": [[0.06634259223937988, 32, 22, 62111.25], [0.1338973045349121, 60, 46, 56515.0], [0.36077332496643066, 89, 75, 47887.666666666664], [0.731494665145874, 118, 99, 44111.0], [1.1563498973846436, 150, 123, 41417.5], [1.242872953414917, 180, 142, 41417.5], [1.401557207107544, 209, 160, 41417.5], [1.9643948078155518, 240, 189, 40681.48484848483], [2.1357176303863525, 257, 204, 39965.647058823524], [2.3355016708374023, 272, 214, 38934.53141361257], [2.53470516204834, 273, 215, 38786.88990825689], [2.686445713043213, 275, 217, 38635.48053124057], [4.167623043060303, 319, 12150, 38570.14896799283], [4.319687604904175, 328, 12159, 37255.25], [4.4841554164886475, 333, 12164, 37084.66666666667], [4.626204252243042, 336, 12166, 36941.416666666664], [5.9809160232543945, 385, 16669, 36900.41176470589], [6.156728506088257, 387, 16671, 36900.41176470588], [6.322144031524658, 390, 16673, 36873.0], [7.107309818267822, 433, 22675, 36873.0], [7.262457609176636, 444, 22683, 36656.62790697674], [7.40263819694519, 448, 22687, 36432.333333333336], [8.182482719421387, 483, 25530, 36404.88888888889], [8.355076789855957, 492, 25539, 36089.956521739135], [8.52255392074585, 497, 25543, 35889.11111111111], [8.734296083450317, 498, 25544, 35889.11111111112], [8.87477159500122, 499, 25545, 35872.2], [9.355714797973633, 533, 29728, 35872.2], [13.058181524276733, 564, 35713, 35819.0], [13.83915376663208, 592, 40304, 35305.90909090909], [15.727106809616089, 626, 46300, 35119.0], [16.233115196228027, 657, 50152, 34482.200000000004], [16.41399908065796, 658, 50153, 34154.8], [16.877225399017334, 688, 55821, 34154.799999999996], [19.170899152755737, 705, 59292, 34072.333333333336], [19.328859567642212, 706, 59293, 33933.0], [19.473328590393066, 707, 59294, 33915.66666666667], [19.99197268486023, 718, 63328, 33908.5], [20.467480182647705, 722, 67782, 33883.0], [20.875691890716553, 723, 71513, 33697.0], [21.636967182159424, 730, 83763, 33697.0], [22.128934621810913, 731, 86940, 33544.0], [22.892821550369263, 731, 97474, 33544.0]]}