{"problem": {"name": "R104", "datafile": "problems/solomon/25/R104.txt", "num_cust_nodes": 25, "num_tot_nodes": 27, "Gamma": 2, "t_range": 0.25, "Delta": 2, "d_range": 0.25, "num_drones": 2, "drone_time_multiplier": 0.25, "drone_cost_multiplier": 0.25, "flight_limit": 25, "demand_ratio": 0.75}, "timelimit": 3600, "num_cpus": 4, "alg": "BnP", "root_LP": 32057.0, "tot_cg_iterations": 49, "global_lb": 32057.0, "time": 21.421183347702026, "obj": 1e+20, "tot_mp_time": 0.02919602394104004, "tot_sp_time": 21.309287071228027, "tot_sp_heu1_time": 9.03618574142456, "tot_sp_heu2_time": 8.948829174041748, "tot_sp_exact_time": 3.3089616298675537, "tot_num_sp_heu1": 49, "tot_num_sp_heu2": 24, "tot_num_sp_exact": 4, "tot_sp1_time": 58.186200857162476, "tot_sp2_time": 21.61466884613037, "tot_heu_time": 0, "raw_solution": null, "solution": null, "num_bnb_nodes": 1, "num_bnb_remaining_nodes": 0, "tot_num_gen_cols": 1103, "tot_num_labels": 289666, "termination_status": "Optimal", "cg_result": [[0.2129201889038086, 35, 18, 63370.333333333336], [0.2786691188812256, 69, 41, 56884.5], [0.35672426223754883, 102, 63, 54850.71428571429], [0.49806833267211914, 136, 84, 51617.66666666666], [0.6284983158111572, 165, 106, 50481.3125], [0.7265114784240723, 195, 134, 46032.04854368933], [1.2926828861236572, 229, 153, 43968.65789473685], [1.437352180480957, 258, 180, 40769.64328116567], [1.644547939300537, 281, 198, 39943.45344129554], [1.8456223011016846, 301, 210, 39296.159090909096], [2.0669000148773193, 313, 220, 38769.23267326733], [2.2777531147003174, 324, 230, 38428.119047619046], [3.539334535598755, 361, 8087, 38009.0], [3.7066071033477783, 379, 8096, 37206.449074074066], [3.903965711593628, 396, 8107, 36770.50847457627], [4.076042175292969, 399, 8110, 36346.700255102034], [4.256072521209717, 403, 8113, 36283.87150837989], [4.4295899868011475, 404, 8114, 36225.61688311688], [4.819455862045288, 447, 12713, 36218.18285280729], [5.016778945922852, 450, 12715, 35392.11111111112], [5.225974798202515, 451, 12716, 34962.35294117647], [5.402855396270752, 453, 12717, 34959.200000000004], [5.705536842346191, 502, 17090, 34956.71875], [5.873181343078613, 504, 17092, 34881.67171717172], [6.357593059539795, 546, 27212, 34833.761904761894], [6.531250238418579, 553, 27217, 34519.75], [7.753603458404541, 609, 37558, 34114.75], [8.119930982589722, 649, 46506, 33900.909090909096], [8.571788787841797, 683, 54999, 33749.77777777778], [8.757197618484497, 691, 55005, 33291.416666666664], [8.975647449493408, 700, 55014, 33291.41666666667], [9.307244777679443, 743, 60728, 33135.75], [9.967097997665405, 778, 68426, 33135.75], [10.353536128997803, 819, 74336, 33135.75], [10.857957124710083, 849, 79473, 33080.5], [11.353026628494263, 892, 85269, 32813.8], [11.869296550750732, 920, 95557, 32539.1], [12.31644082069397, 948, 104812, 32057.0], [12.82271695137024, 979, 116298, 32057.0], [13.24511981010437, 1011, 125711, 32057.0], [13.428117275238037, 1012, 125712, 32057.0], [14.013004064559937, 1044, 136183, 32057.0], [14.614600658416748, 1073, 146804, 32057.0], [15.12978196144104, 1090, 154503, 32057.0], [15.706287145614624, 1093, 162420, 32057.0], [17.115261554718018, 1101, 193770, 32057.0], [18.503621101379395, 1102, 225758, 32057.0], [19.9510600566864, 1103, 258037, 32057.0], [21.338483095169067, 1103, 289666, 32057.0]]}