{"problem": {"name": "R105", "datafile": "problems/solomon/25/R105.txt", "num_cust_nodes": 25, "num_tot_nodes": 27, "Gamma": 2, "t_range": 0.25, "Delta": 2, "d_range": 0.25, "num_drones": 2, "drone_time_multiplier": 0.25, "drone_cost_multiplier": 0.25, "flight_limit": 25, "demand_ratio": 0.75}, "timelimit": 3600, "num_cpus": 4, "alg": "BnP", "root_LP": 35072.0, "tot_cg_iterations": 27, "global_lb": 35072.0, "time": 3.4268343448638916, "obj": 1e+20, "tot_mp_time": 0.027388334274291992, "tot_sp_time": 3.3619866371154785, "tot_sp_heu1_time": 2.400949478149414, "tot_sp_heu2_time": 0.8651387691497803, "tot_sp_exact_time": 0.09193301200866699, "tot_num_sp_heu1": 27, "tot_num_sp_heu2": 11, "tot_num_sp_exact": 1, "tot_sp1_time": 12.027883291244507, "tot_sp2_time": 0.3431892395019531, "tot_heu_time": 0, "raw_solution": null, "solution": null, "num_bnb_nodes": 1, "num_bnb_remaining_nodes": 0, "tot_num_gen_cols": 389, "tot_num_labels": 867, "termination_status": "Optimal", "cg_result": [[0.07009649276733398, 28, 28, 61624.0], [0.11471247673034668, 58, 54, 50741.5], [0.21220660209655762, 86, 80, 47558.0], [0.3272831439971924, 115, 106, 45244.88888888889], [0.4355456829071045, 124, 115, 42881.64285714286], [0.5313422679901123, 129, 119, 41305.97297297297], [0.622312068939209, 138, 128, 40509.5], [0.7066798210144043, 139, 129, 40374.505882352954], [0.792743444442749, 140, 130, 40248.13526570048], [0.9232475757598877, 170, 220, 40248.13526570049], [1.01163911819458, 175, 223, 39742.41772151898], [1.1066720485687256, 176, 224, 39454.305084745756], [1.215419054031372, 210, 311, 39434.35074626867], [1.3004124164581299, 211, 312, 38869.999999999985], [1.4320094585418701, 246, 397, 38870.0], [1.534639596939087, 248, 399, 38384.0], [1.617922306060791, 249, 400, 37721.5], [1.7158350944519043, 252, 403, 37721.5], [1.867898941040039, 280, 460, 37721.5], [2.046966314315796, 308, 545, 37497.96428571429], [2.2625367641448975, 335, 616, 36945.33333333333], [2.3652255535125732, 336, 617, 36293.0], [2.571760892868042, 356, 671, 36293.0], [2.7637343406677246, 375, 722, 35777.5], [2.946108818054199, 387, 761, 35777.5], [3.1210944652557373, 389, 791, 35140.0], [3.3893749713897705, 389, 867, 35072.0]]}