{"problem": {"name": "R106", "datafile": "problems/solomon/25/R106.txt", "num_cust_nodes": 25, "num_tot_nodes": 27, "Gamma": 2, "t_range": 0.25, "Delta": 2, "d_range": 0.25, "num_drones": 2, "drone_time_multiplier": 0.25, "drone_cost_multiplier": 0.25, "flight_limit": 25, "demand_ratio": 0.75}, "timelimit": 3600, "num_cpus": 4, "alg": "BnP", "root_LP": 32745.333333333336, "tot_cg_iterations": 45, "global_lb": 32745.333333333336, "time": 12.237996816635132, "obj": 1e+20, "tot_mp_time": 0.02357625961303711, "tot_sp_time": 12.164618968963623, "tot_sp_heu1_time": 6.788830757141113, "tot_sp_heu2_time": 4.519114971160889, "tot_sp_exact_time": 0.8463952541351318, "tot_num_sp_heu1": 45, "tot_num_sp_heu2": 25, "tot_num_sp_exact": 5, "tot_sp1_time": 36.9953932762146, "tot_sp2_time": 6.956259727478027, "tot_heu_time": 0, "raw_solution": null, "solution": null, "num_bnb_nodes": 1, "num_bnb_remaining_nodes": 0, "tot_num_gen_cols": 656, "tot_num_labels": 23206, "termination_status": "Optimal", "cg_result": [[0.04674196243286133, 31, 17, 61624.0], [0.7211518287658691, 61, 39, 58204.666666666664], [0.8433480262756348, 89, 69, 50161.14285714286], [0.9447007179260254, 118, 93, 43412.23809523809], [1.0608465671539307, 147, 122, 42213.643356643355], [1.1974871158599854, 175, 147, 41839.48], [1.3585798740386963, 185, 156, 41041.625], [1.505887746810913, 189, 160, 40316.71186440679], [1.6576857566833496, 193, 164, 40230.72151898734], [2.2999441623687744, 234, 1249, 40165.28472222223], [2.449119806289673, 244, 1256, 39378.21739130435], [2.593780755996704, 245, 1257, 38901.010101010106], [2.8886311054229736, 279, 3136, 38865.703125], [3.0131921768188477, 280, 3137, 38511.0], [3.158600330352783, 295, 3150, 37853.35714285714], [3.315587282180786, 310, 3165, 37410.666666666664], [3.475306987762451, 320, 3175, 36742.666666666664], [3.6093199253082275, 322, 3177, 36641.08552631579], [3.8148531913757324, 351, 4561, 36561.0], [3.9784395694732666, 356, 4566, 35741.799999999996], [4.3964316844940186, 396, 6086, 35741.799999999996], [4.670355796813965, 438, 7733, 35373.57894736843], [4.807606935501099, 440, 7735, 35000.142857142855], [5.020891189575195, 474, 10003, 35000.14285714286], [5.261913061141968, 503, 11491, 34496.818181818184], [5.595236539840698, 536, 13286, 34378.99999999999], [5.911119699478149, 568, 14633, 34114.5], [6.076400518417358, 569, 14634, 33561.0], [6.22532320022583, 570, 14635, 33561.00000000001], [6.550414562225342, 588, 15640, 33561.0], [6.877710580825806, 598, 16198, 33330.5], [7.265504837036133, 617, 16520, 33080.33333333333], [7.602667331695557, 623, 16842, 32966.666666666664], [7.915771245956421, 626, 17167, 32966.666666666664], [8.247401237487793, 633, 17465, 32854.0], [8.54993987083435, 636, 17752, 32854.0], [8.837636232376099, 640, 18045, 32854.0], [9.141475677490234, 644, 18339, 32854.0], [9.46555233001709, 648, 18633, 32854.0], [9.771892786026001, 652, 18928, 32854.0], [10.293492317199707, 653, 19802, 32837.333333333336], [10.74890923500061, 654, 20636, 32837.333333333336], [11.193018436431885, 655, 21496, 32837.333333333336], [11.686302423477173, 656, 22334, 32837.333333333336], [12.18819522857666, 656, 23206, 32745.333333333336]]}