{"problem": {"name": "R107", "datafile": "problems/solomon/25/R107.txt", "num_cust_nodes": 25, "num_tot_nodes": 27, "Gamma": 2, "t_range": 0.25, "Delta": 2, "d_range": 0.25, "num_drones": 2, "drone_time_multiplier": 0.25, "drone_cost_multiplier": 0.25, "flight_limit": 25, "demand_ratio": 0.75}, "timelimit": 3600, "num_cpus": 4, "alg": "BnP", "root_LP": 31820.0, "tot_cg_iterations": 51, "global_lb": 31820.0, "time": 30.30216121673584, "obj": 1e+20, "tot_mp_time": 0.030773401260375977, "tot_sp_time": 30.196971893310547, "tot_sp_heu1_time": 9.136489152908325, "tot_sp_heu2_time": 19.46718978881836, "tot_sp_exact_time": 1.57834792137146, "tot_num_sp_heu1": 51, "tot_num_sp_heu2": 23, "tot_num_sp_exact": 3, "tot_sp1_time": 46.17603373527527, "tot_sp2_time": 61.18889856338501, "tot_heu_time": 0, "raw_solution": null, "solution": null, "num_bnb_nodes": 1, "num_bnb_remaining_nodes": 0, "tot_num_gen_cols": 893, "tot_num_labels": 254594, "termination_status": "Optimal", "cg_result": [[0.09390997886657715, 31, 20, 61624.0], [0.1609659194946289, 61, 48, 52637.0], [0.7015907764434814, 92, 64, 48666.833333333336], [0.7684893608093262, 121, 87, 45959.33333333333], [0.8359484672546387, 150, 110, 44114.61096605743], [1.0114412307739258, 180, 135, 41816.5], [1.1889851093292236, 209, 159, 40526.27419354838], [1.3445658683776855, 218, 165, 39405.64039696439], [1.7004976272583008, 235, 181, 38805.9], [2.0855088233947754, 250, 192, 37511.166666666664], [2.4623935222625732, 288, 13687, 37362.01595744681], [2.6333608627319336, 296, 13693, 36112.33777777778], [2.7987618446350098, 310, 13702, 35854.53982300885], [2.955085039138794, 313, 13705, 35755.825263157894], [3.1064367294311523, 317, 13710, 35686.20562770563], [3.6606006622314453, 357, 20465, 35628.98305084746], [3.8481905460357666, 359, 20467, 35378.553398058255], [4.000774383544922, 364, 20470, 35344.45833333333], [4.16400933265686, 372, 20473, 35181.8], [4.366831064224243, 374, 20475, 35055.33333333333], [4.50877571105957, 376, 20477, 35042.78], [4.66603684425354, 378, 20479, 35037.64285714285], [5.243803024291992, 432, 25109, 35037.642857142855], [5.417212724685669, 433, 25110, 34787.66666666667], [5.5861780643463135, 435, 25111, 34787.666666666664], [5.822079658508301, 440, 25116, 34530.08571428571], [5.988097667694092, 442, 25117, 34251.395833333336], [7.1356041431427, 483, 36043, 34251.39583333333], [7.29819130897522, 486, 36045, 33862.875], [7.4536402225494385, 487, 36046, 33862.875], [12.864453554153442, 532, 43993, 33862.875], [13.481658220291138, 580, 50542, 33862.87499999999], [16.53039050102234, 625, 57579, 33771.33333333333], [17.107600688934326, 664, 63039, 33582.375], [17.262729167938232, 665, 63040, 33316.5], [18.014859676361084, 694, 73784, 33316.5], [18.745323657989502, 727, 82749, 33145.8], [19.301480054855347, 762, 92024, 32583.666666666668], [19.474642753601074, 763, 92025, 32583.66666666666], [20.101420640945435, 781, 101296, 32583.666666666664], [20.8496572971344, 816, 112660, 32294.999999999996], [22.50110101699829, 849, 123789, 32129.5], [24.48360848426819, 858, 132575, 32114.2], [25.009239435195923, 863, 143181, 31925.66666666667], [26.13586139678955, 875, 177098, 31925.666666666668], [26.641420125961304, 880, 184348, 31820.0], [27.16729164123535, 882, 191651, 31820.0], [28.138670444488525, 887, 217388, 31820.0], [28.65019130706787, 889, 224215, 31820.0], [29.215819835662842, 893, 231328, 31820.0], [30.227745294570923, 893, 254594, 31820.0]]}