{"problem": {"name": "R108", "datafile": "problems/solomon/25/R108.txt", "num_cust_nodes": 25, "num_tot_nodes": 27, "Gamma": 2, "t_range": 0.25, "Delta": 2, "d_range": 0.25, "num_drones": 2, "drone_time_multiplier": 0.25, "drone_cost_multiplier": 0.25, "flight_limit": 25, "demand_ratio": 0.75}, "timelimit": 3600, "num_cpus": 4, "alg": "BnP", "root_LP": 29768.0, "tot_cg_iterations": 52, "global_lb": 29768.0, "time": 20.0924391746521, "obj": 1e+20, "tot_mp_time": 0.13155508041381836, "tot_sp_time": 19.8907470703125, "tot_sp_heu1_time": 8.832112312316895, "tot_sp_heu2_time": 8.394114255905151, "tot_sp_exact_time": 2.6504178047180176, "tot_num_sp_heu1": 52, "tot_num_sp_heu2": 18, "tot_num_sp_exact": 2, "tot_sp1_time": 58.332982301712036, "tot_sp2_time": 16.574641942977905, "tot_heu_time": 0, "raw_solution": null, "solution": null, "num_bnb_nodes": 1, "num_bnb_remaining_nodes": 0, "tot_num_gen_cols": 1092, "tot_num_labels": 354119, "termination_status": "Optimal", "cg_result": [[0.09834456443786621, 31, 26, 61624.0], [0.22272610664367676, 62, 45, 54843.5], [0.3010139465332031, 91, 68, 52477.41290322579], [0.38591456413269043, 122, 90, 45225.27450980392], [0.4555022716522217, 150, 111, 41410.69999999999], [0.5415797233581543, 181, 136, 40711.51851851852], [0.6276404857635498, 213, 161, 39676.71428571428], [0.7807066440582275, 241, 181, 39179.887152777774], [0.9271130561828613, 274, 200, 37878.777777777774], [1.1719040870666504, 295, 215, 36553.86363636364], [1.3454492092132568, 318, 235, 36165.96899224806], [1.4642224311828613, 352, 261, 35693.21568627451], [1.6502711772918701, 379, 287, 35505.62962962963], [1.8500821590423584, 388, 295, 35340.6], [1.9907259941101074, 420, 307, 34991.36363636363], [2.2046256065368652, 444, 327, 34837.13888888889], [2.4006412029266357, 467, 339, 34492.13333333334], [2.5574920177459717, 496, 360, 33615.34782608695], [3.46448016166687, 548, 6029, 33323.282608695656], [3.775217056274414, 566, 6036, 32809.666666666664], [3.962977409362793, 573, 6039, 32809.666666666664], [4.133730888366699, 577, 6041, 32809.666666666664], [4.314307451248169, 578, 6042, 32809.66666666667], [4.494819402694702, 579, 6043, 32809.666666666664], [5.037325382232666, 614, 15887, 32809.666666666664], [5.230358362197876, 618, 15891, 32742.03846153846], [5.5655357837677, 655, 25296, 32633.454545454533], [6.093528509140015, 696, 35452, 32450.190476190477], [6.640952825546265, 738, 47437, 32354.0], [7.284673452377319, 790, 58951, 32300.5], [7.440114974975586, 791, 58952, 32007.249999999996], [7.588958740234375, 792, 58953, 32007.249999999996], [8.23054027557373, 831, 73884, 32007.25], [8.400734901428223, 832, 73885, 31720.0], [8.844168186187744, 866, 86630, 31720.0], [9.038354873657227, 871, 86633, 31260.0], [9.230265855789185, 879, 86640, 31260.0], [9.414066791534424, 884, 86642, 31260.0], [9.60627007484436, 889, 86647, 31260.0], [9.794697761535645, 893, 86651, 31002.500000000004], [9.977829933166504, 894, 86653, 31002.5], [10.491369247436523, 929, 98723, 31002.5], [11.293493270874023, 962, 112218, 31002.5], [11.74338173866272, 995, 124265, 30731.0], [11.927295684814453, 996, 124266, 30730.999999999993], [12.594463109970093, 1025, 140883, 30731.0], [13.453930854797363, 1045, 161774, 30336.0], [14.3808913230896, 1065, 183403, 30014.0], [15.125115156173706, 1086, 202651, 29768.0], [15.865164279937744, 1088, 219342, 29768.0], [17.931488037109375, 1092, 286731, 29768.0], [20.02230215072632, 1092, 354119, 29768.0]]}