{"problem": {"name": "R109", "datafile": "problems/solomon/25/R109.txt", "num_cust_nodes": 25, "num_tot_nodes": 27, "Gamma": 2, "t_range": 0.25, "Delta": 2, "d_range": 0.25, "num_drones": 2, "drone_time_multiplier": 0.25, "drone_cost_multiplier": 0.25, "flight_limit": 25, "demand_ratio": 0.75}, "timelimit": 3600, "num_cpus": 4, "alg": "BnP", "root_LP": 33437.00000000001, "tot_cg_iterations": 33, "global_lb": 33437.00000000001, "time": 7.401538610458374, "obj": 1e+20, "tot_mp_time": 0.024799346923828125, "tot_sp_time": 7.333233833312988, "tot_sp_heu1_time": 4.176352500915527, "tot_sp_heu2_time": 2.2753288745880127, "tot_sp_exact_time": 0.8745021820068359, "tot_num_sp_heu1": 33, "tot_num_sp_heu2": 17, "tot_num_sp_exact": 5, "tot_sp1_time": 25.619303703308105, "tot_sp2_time": 1.6587252616882324, "tot_heu_time": 0, "raw_solution": null, "solution": null, "num_bnb_nodes": 1, "num_bnb_remaining_nodes": 0, "tot_num_gen_cols": 541, "tot_num_labels": 7018, "termination_status": "Optimal", "cg_result": [[0.057795047760009766, 30, 29, 61624.0], [0.12405109405517578, 59, 56, 50356.0], [0.20502591133117676, 90, 80, 46413.5], [0.2941932678222656, 120, 106, 42502.00000000001], [0.3977808952331543, 150, 128, 40775.60606060606], [0.5382139682769775, 179, 153, 39734.80392156863], [0.6895909309387207, 205, 176, 38377.175], [0.803483247756958, 215, 179, 38074.87124463519], [0.9356589317321777, 227, 190, 37435.29508196721], [1.0630261898040771, 244, 205, 36581.5], [1.1970601081848145, 252, 211, 36520.109589041094], [1.3285763263702393, 253, 212, 36361.82456140351], [1.5216937065124512, 285, 656, 36349.68965517241], [1.649498701095581, 288, 658, 36106.09677419355], [1.8334717750549316, 327, 907, 35982.925373134334], [2.004286766052246, 361, 1326, 35788.00000000001], [2.1312718391418457, 362, 1327, 35458.16666666667], [2.3341288566589355, 394, 1573, 35458.166666666664], [2.463124990463257, 398, 1576, 35134.6], [2.6893374919891357, 430, 1905, 35030.100000000006], [2.8192620277404785, 431, 1906, 34569.42857142857], [3.0933215618133545, 460, 2220, 34474.75], [3.3916213512420654, 478, 2496, 34009.25], [3.6977787017822266, 495, 2754, 33856.0], [3.9999337196350098, 512, 2990, 33793.0], [4.30897331237793, 523, 3216, 33714.0], [4.757582664489746, 527, 3880, 33714.0], [5.227429389953613, 529, 4560, 33714.0], [5.565265655517578, 536, 4790, 33613.42857142857], [6.0767059326171875, 537, 5429, 33595.28571428572], [6.560591220855713, 538, 6073, 33595.28571428572], [6.899926662445068, 541, 6318, 33437.0], [7.358033180236816, 541, 7018, 33437.00000000001]]}