{"problem": {"name": "R110", "datafile": "problems/solomon/25/R110.txt", "num_cust_nodes": 25, "num_tot_nodes": 27, "Gamma": 2, "t_range": 0.25, "Delta": 2, "d_range": 0.25, "num_drones": 2, "drone_time_multiplier": 0.25, "drone_cost_multiplier": 0.25, "flight_limit": 25, "demand_ratio": 0.75}, "timelimit": 3600, "num_cpus": 4, "alg": "BnP", "root_LP": 31450.0, "tot_cg_iterations": 46, "global_lb": 31450.0, "time": 12.99484372138977, "obj": 1e+20, "tot_mp_time": 0.15605688095092773, "tot_sp_time": 12.768559694290161, "tot_sp_heu1_time": 7.304779767990112, "tot_sp_heu2_time": 4.5017313957214355, "tot_sp_exact_time": 0.9514052867889404, "tot_num_sp_heu1": 46, "tot_num_sp_heu2": 26, "tot_num_sp_exact": 4, "tot_sp1_time": 40.75556230545044, "tot_sp2_time": 6.246534824371338, "tot_heu_time": 0, "raw_solution": null, "solution": null, "num_bnb_nodes": 1, "num_bnb_remaining_nodes": 0, "tot_num_gen_cols": 870, "tot_num_labels": 28433, "termination_status": "Optimal", "cg_result": [[0.07597851753234863, 28, 29, 61624.0], [0.15724611282348633, 56, 56, 53065.0], [0.2436821460723877, 87, 81, 43134.333333333336], [0.33813905715942383, 117, 108, 39840.0], [0.4512612819671631, 145, 126, 39840.0], [0.6336901187896729, 163, 141, 39792.98780487806], [0.7436003684997559, 193, 163, 38482.75000000001], [0.9125504493713379, 204, 169, 37307.775762936755], [1.2648074626922607, 258, 828, 36547.33333333333], [1.4373779296875, 273, 842, 36089.27388535031], [1.605139970779419, 279, 848, 35937.421875], [1.9475219249725342, 316, 2308, 35617.0], [2.1195521354675293, 317, 2309, 35310.333333333336], [2.4517643451690674, 362, 3528, 35298.44736842105], [2.695415496826172, 412, 5129, 35076.91666666667], [3.1147584915161133, 448, 6314, 34444.65909090909], [3.271296739578247, 449, 6315, 34252.41666666667], [3.414031505584717, 450, 6316, 34239.46], [3.5684711933135986, 451, 6317, 34239.46], [3.83838152885437, 487, 7325, 34168.625], [4.000685214996338, 489, 7327, 33715.846153846156], [4.176539897918701, 492, 7328, 33672.6], [4.4554736614227295, 528, 7987, 33672.600000000006], [4.714502573013306, 572, 9040, 32399.0], [4.969950437545776, 613, 10173, 32399.0], [5.232601642608643, 647, 11427, 32325.0], [5.526762008666992, 683, 12712, 32321.388888888887], [5.709138631820679, 686, 12715, 32145.7], [5.956850528717041, 724, 13815, 32145.7], [6.281322240829468, 760, 14768, 32100.611111111113], [6.496906280517578, 764, 14771, 31450.0], [6.797431945800781, 792, 15468, 31450.0], [6.967376947402954, 793, 15469, 31450.0], [7.257376670837402, 822, 16263, 31450.0], [7.414881467819214, 823, 16264, 31450.0], [7.793572187423706, 840, 16873, 31450.0], [8.206284999847412, 853, 17534, 31450.0], [8.688973665237427, 856, 18141, 31450.0], [9.289461612701416, 859, 19936, 31450.0], [9.714084386825562, 863, 20603, 31450.0], [10.143519401550293, 864, 21187, 31450.0], [10.555732488632202, 866, 21764, 31450.0], [11.183566808700562, 868, 23727, 31450.0], [11.848814725875854, 869, 25839, 31450.0], [12.29172158241272, 870, 26453, 31450.0], [12.924616575241089, 870, 28433, 31450.0]]}