{"problem": {"name": "R111", "datafile": "problems/solomon/25/R111.txt", "num_cust_nodes": 25, "num_tot_nodes": 27, "Gamma": 2, "t_range": 0.25, "Delta": 2, "d_range": 0.25, "num_drones": 2, "drone_time_multiplier": 0.25, "drone_cost_multiplier": 0.25, "flight_limit": 25, "demand_ratio": 0.75}, "timelimit": 3600, "num_cpus": 4, "alg": "BnP", "root_LP": 31866.0, "tot_cg_iterations": 46, "global_lb": 31866.0, "time": 26.349682807922363, "obj": 1e+20, "tot_mp_time": 0.04619002342224121, "tot_sp_time": 26.22238302230835, "tot_sp_heu1_time": 8.765349626541138, "tot_sp_heu2_time": 15.969694137573242, "tot_sp_exact_time": 1.4729642868041992, "tot_num_sp_heu1": 46, "tot_num_sp_heu2": 25, "tot_num_sp_exact": 5, "tot_sp1_time": 44.83695912361145, "tot_sp2_time": 48.30227541923523, "tot_heu_time": 0, "raw_solution": null, "solution": null, "num_bnb_nodes": 1, "num_bnb_remaining_nodes": 0, "tot_num_gen_cols": 848, "tot_num_labels": 147520, "termination_status": "Optimal", "cg_result": [[0.08724093437194824, 30, 27, 61624.0], [0.21001100540161133, 63, 55, 55225.25], [0.5511372089385986, 95, 82, 49148.545454545456], [1.1187944412231445, 125, 102, 44934.724137931036], [1.2214934825897217, 155, 125, 41662.00000000001], [1.4385089874267578, 170, 139, 40591.04285714285], [1.6249752044677734, 193, 154, 38780.64], [1.8063991069793701, 219, 171, 37807.916666666664], [2.0442566871643066, 236, 180, 37180.434782608696], [2.213301181793213, 239, 183, 37169.2722513089], [2.3775198459625244, 248, 189, 37111.0], [2.5309224128723145, 252, 193, 37001.02040816326], [2.6914126873016357, 258, 198, 36984.41573033709], [4.396973371505737, 307, 3343, 36973.811764705875], [4.561319828033447, 324, 3356, 36648.200000000004], [4.712635278701782, 325, 3357, 34971.25], [4.961316108703613, 369, 6192, 34971.25], [5.108864068984985, 370, 6193, 34971.25], [5.267142295837402, 374, 6195, 34922.9], [5.437652587890625, 379, 6198, 34757.75], [7.6118645668029785, 417, 10978, 34757.75], [10.38845181465149, 454, 17818, 34359.318840579705], [11.09385347366333, 487, 23623, 34314.470588235294], [12.18040943145752, 532, 29422, 34233.33333333333], [13.43398141860962, 571, 41063, 33839.0], [15.355008363723755, 608, 46869, 33839.0], [15.94844675064087, 644, 53895, 33302.333333333336], [16.13192915916443, 645, 53896, 33111.38888888888], [17.14248037338257, 683, 60327, 33111.38888888889], [17.380020141601562, 684, 60328, 32728.444444444438], [17.802016735076904, 713, 63939, 32728.44444444444], [17.982362985610962, 714, 63940, 32544.40000000001], [18.29001498222351, 745, 68531, 32544.4], [18.843970775604248, 770, 74558, 32441.2], [19.326892375946045, 791, 79197, 32392.0], [20.157135725021362, 803, 84107, 32382.199999999997], [20.593589305877686, 812, 88432, 32084.0], [21.04196858406067, 822, 91606, 31902.0], [21.486542463302612, 823, 94808, 31902.0], [21.93197751045227, 824, 98009, 31901.999999999996], [22.396450757980347, 827, 101166, 31868.666666666664], [23.214781284332275, 839, 111683, 31868.66666666667], [23.995601415634155, 846, 121091, 31868.66666666667], [24.738556146621704, 847, 129899, 31868.666666666675], [25.524521350860596, 848, 138710, 31868.666666666668], [26.26857304573059, 848, 147520, 31866.0]]}