{"problem": {"name": "R112", "datafile": "problems/solomon/25/R112.txt", "num_cust_nodes": 25, "num_tot_nodes": 27, "Gamma": 2, "t_range": 0.25, "Delta": 2, "d_range": 0.25, "num_drones": 2, "drone_time_multiplier": 0.25, "drone_cost_multiplier": 0.25, "flight_limit": 25, "demand_ratio": 0.75}, "timelimit": 3600, "num_cpus": 4, "alg": "BnP", "root_LP": 29559.363636363636, "tot_cg_iterations": 43, "global_lb": 29559.363636363636, "time": 27.636637687683105, "obj": 1e+20, "tot_mp_time": 0.028824806213378906, "tot_sp_time": 27.54527759552002, "tot_sp_heu1_time": 8.375808477401733, "tot_sp_heu2_time": 14.547051668167114, "tot_sp_exact_time": 4.607355356216431, "tot_num_sp_heu1": 43, "tot_num_sp_heu2": 24, "tot_num_sp_exact": 5, "tot_sp1_time": 50.46212553977966, "tot_sp2_time": 49.66848969459534, "tot_heu_time": 0, "raw_solution": null, "solution": null, "num_bnb_nodes": 1, "num_bnb_remaining_nodes": 0, "tot_num_gen_cols": 868, "tot_num_labels": 317802, "termination_status": "Optimal", "cg_result": [[0.08488345146179199, 29, 27, 61624.0], [0.2934074401855469, 61, 48, 51011.727272727265], [0.3957939147949219, 97, 73, 50103.83333333334], [0.47819995880126953, 125, 98, 42368.0], [0.5808775424957275, 154, 124, 41461.66666666667], [0.699432373046875, 183, 143, 39483.81030444964], [0.8624491691589355, 211, 164, 37335.44210526316], [0.958669900894165, 241, 185, 35658.41767764298], [1.1728079319000244, 256, 197, 34396.945783132534], [1.3743114471435547, 268, 203, 34066.76000000001], [1.5453355312347412, 278, 211, 33779.63636363635], [1.757986068725586, 304, 235, 33441.420237010025], [1.9584062099456787, 306, 236, 33260.44221105527], [2.3572096824645996, 353, 1435, 33252.47222222222], [2.555041790008545, 360, 1441, 32522.400000000005], [2.7466392517089844, 364, 1444, 32522.40000000001], [3.3569626808166504, 412, 4692, 32500.730769230762], [3.529445171356201, 413, 4693, 32438.431818181816], [3.718442916870117, 418, 4696, 32192.0], [5.136242151260376, 462, 8894, 32191.999999999993], [5.378747940063477, 467, 8898, 32009.88888888889], [5.973453760147095, 516, 11482, 32009.88888888889], [6.546736240386963, 552, 14813, 31789.918918918924], [7.58236289024353, 595, 18897, 31666.800000000003], [8.088944673538208, 640, 23758, 30964.666666666664], [8.824947357177734, 672, 30338, 30836.666666666664], [9.023582458496094, 674, 30339, 30177.6], [9.412386178970337, 713, 36503, 30177.6], [10.047298431396484, 743, 49292, 30177.6], [10.84117603302002, 774, 59254, 30177.600000000002], [11.473466157913208, 793, 68230, 30177.6], [12.587723016738892, 802, 79220, 29896.0], [13.379196405410767, 811, 89797, 29895.999999999996], [14.842659711837769, 822, 99242, 29859.5], [15.4278244972229, 826, 106804, 29795.333333333332], [16.563979625701904, 827, 114214, 29795.333333333336], [17.869295597076416, 844, 143272, 29772.66666666667], [18.814632892608643, 849, 154065, 29611.333333333332], [20.674888372421265, 856, 188144, 29611.333333333332], [21.77121138572693, 860, 201180, 29574.0], [23.95771050453186, 865, 242820, 29574.0], [25.773219108581543, 868, 280431, 29559.363636363636], [27.5741024017334, 868, 317802, 29559.363636363636]]}