{"problem": {"name": "RC105", "datafile": "problems/solomon/25/RC105.txt", "num_cust_nodes": 25, "num_tot_nodes": 27, "Gamma": 2, "t_range": 0.25, "Delta": 2, "d_range": 0.25, "num_drones": 2, "drone_time_multiplier": 0.25, "drone_cost_multiplier": 0.25, "flight_limit": 25, "demand_ratio": 0.75}, "timelimit": 3600, "num_cpus": 4, "alg": "BnP", "root_LP": 28360.0, "tot_cg_iterations": 49, "global_lb": 28360.0, "time": 10.322852611541748, "obj": 1e+20, "tot_mp_time": 0.20539283752441406, "tot_sp_time": 10.044732570648193, "tot_sp_heu1_time": 5.568233013153076, "tot_sp_heu2_time": 2.9490039348602295, "tot_sp_exact_time": 1.517815351486206, "tot_num_sp_heu1": 49, "tot_num_sp_heu2": 24, "tot_num_sp_exact": 9, "tot_sp1_time": 32.847012758255005, "tot_sp2_time": 3.8794875144958496, "tot_heu_time": 0, "raw_solution": null, "solution": null, "num_bnb_nodes": 1, "num_bnb_remaining_nodes": 0, "tot_num_gen_cols": 796, "tot_num_labels": 26462, "termination_status": "Optimal", "cg_result": [[0.03893470764160156, 28, 21, 62632.0], [0.08044791221618652, 61, 35, 62632.0], [0.13293719291687012, 91, 51, 59207.5], [0.18590903282165527, 121, 66, 56705.0], [0.23911547660827637, 149, 81, 56338.454545454544], [0.33575892448425293, 177, 102, 56338.45454545455], [0.4443545341491699, 205, 124, 51872.5], [0.5839762687683105, 232, 143, 50030.200000000004], [0.697352409362793, 261, 174, 48514.200000000004], [0.8254532814025879, 289, 198, 41831.2], [0.9476628303527832, 317, 224, 41831.2], [1.0571067333221436, 343, 246, 38802.81481481481], [1.1757023334503174, 357, 257, 37673.66666666666], [1.2896904945373535, 363, 261, 35641.666666666664], [1.4002785682678223, 366, 264, 35638.66666666667], [1.5431513786315918, 415, 386, 35603.41176470588], [1.6681475639343262, 416, 387, 35173.41176470588], [1.8895397186279297, 446, 746, 35173.41176470588], [2.0912818908691406, 480, 1061, 35083.41176470588], [2.30397367477417, 517, 1283, 35083.41176470588], [2.4308383464813232, 521, 1287, 33679.0], [2.560286521911621, 528, 1294, 33679.0], [2.777656316757202, 564, 1669, 33329.8], [2.9227254390716553, 565, 1670, 31960.0], [3.140403985977173, 594, 1944, 31960.0], [3.375626802444458, 635, 2731, 31960.0], [3.605354070663452, 667, 3261, 31960.0], [3.7318761348724365, 668, 3262, 30961.0], [3.9772112369537354, 700, 3943, 30961.0], [4.115798711776733, 710, 3951, 30961.0], [4.243719816207886, 714, 3954, 30961.0], [4.511290550231934, 751, 4712, 30961.0], [4.632727384567261, 757, 4718, 28449.0], [4.73438286781311, 758, 4719, 28449.0], [4.852807521820068, 759, 4720, 28449.0], [5.087920188903809, 773, 5275, 28449.0], [5.396892309188843, 778, 5813, 28437.0], [5.663947820663452, 781, 6351, 28437.0], [5.937417268753052, 784, 6888, 28437.0], [6.2179460525512695, 788, 7428, 28437.0], [6.66616678237915, 789, 9538, 28368.0], [7.0761332511901855, 790, 11648, 28368.0], [7.510455846786499, 791, 13760, 28368.0], [7.949187278747559, 792, 15872, 28368.0], [8.390514850616455, 793, 17984, 28368.0], [8.887198209762573, 794, 20104, 28368.0], [9.333417892456055, 795, 22224, 28368.0], [9.797880172729492, 796, 24344, 28368.0], [10.250125408172607, 796, 26462, 28360.0]]}