{"problem": {"name": "RC106", "datafile": "problems/solomon/25/RC106.txt", "num_cust_nodes": 25, "num_tot_nodes": 27, "Gamma": 2, "t_range": 0.25, "Delta": 2, "d_range": 0.25, "num_drones": 2, "drone_time_multiplier": 0.25, "drone_cost_multiplier": 0.25, "flight_limit": 25, "demand_ratio": 0.75}, "timelimit": 3600, "num_cpus": 4, "alg": "BnP", "root_LP": 28108.0, "tot_cg_iterations": 49, "global_lb": 28108.0, "time": 11.862834215164185, "obj": 1e+20, "tot_mp_time": 0.19304585456848145, "tot_sp_time": 11.594559907913208, "tot_sp_heu1_time": 6.299036741256714, "tot_sp_heu2_time": 3.5592968463897705, "tot_sp_exact_time": 1.7263195514678955, "tot_num_sp_heu1": 49, "tot_num_sp_heu2": 23, "tot_num_sp_exact": 6, "tot_sp1_time": 31.898022413253784, "tot_sp2_time": 10.371570825576782, "tot_heu_time": 0, "raw_solution": null, "solution": null, "num_bnb_nodes": 1, "num_bnb_remaining_nodes": 0, "tot_num_gen_cols": 1112, "tot_num_labels": 107973, "termination_status": "Optimal", "cg_result": [[0.09095883369445801, 28, 29, 62632.0], [0.13272428512573242, 57, 46, 58150.5], [0.2125685214996338, 88, 74, 56795.0], [0.27672767639160156, 118, 91, 51816.857142857145], [0.3603968620300293, 148, 108, 49984.600000000006], [0.44310760498046875, 181, 125, 49984.600000000006], [0.5349931716918945, 212, 142, 49974.68421052631], [0.6425192356109619, 240, 159, 47616.0], [1.2187016010284424, 275, 179, 47060.833333333336], [1.3362176418304443, 303, 198, 41728.416666666664], [1.4651603698730469, 331, 224, 38189.97222222221], [1.5975720882415771, 360, 252, 38189.97222222222], [1.7295739650726318, 390, 267, 36668.015151515145], [1.8543319702148438, 404, 276, 34601.38888888889], [1.9682707786560059, 414, 284, 33966.333333333336], [2.0994625091552734, 533, 416, 33591.23333333332], [2.237312078475952, 563, 434, 31648.399999999998], [2.365497589111328, 574, 443, 31648.399999999998], [2.4760124683380127, 586, 454, 31648.399999999998], [2.6892433166503906, 621, 636, 31648.399999999998], [2.812410831451416, 643, 657, 30249.4], [2.9445793628692627, 649, 663, 30249.4], [3.066610813140869, 651, 665, 30249.4], [3.2681751251220703, 683, 876, 30249.4], [3.399635076522827, 685, 878, 30249.4], [3.6039891242980957, 731, 1240, 30249.4], [3.7323198318481445, 735, 1242, 30249.4], [3.934363842010498, 790, 1601, 30249.4], [4.161415100097656, 822, 1973, 30249.4], [4.346106290817261, 861, 2317, 30249.4], [4.640053987503052, 905, 4229, 30249.4], [4.7575037479400635, 911, 4232, 30102.0], [4.898902893066406, 915, 4234, 28732.0], [5.20669960975647, 943, 6075, 28732.0], [5.546705484390259, 981, 8058, 28732.0], [5.701865196228027, 982, 8059, 28179.0], [5.976841449737549, 1013, 9860, 28179.0], [6.263826370239258, 1045, 12013, 28179.0], [6.5969483852386475, 1067, 14443, 28179.0], [6.910328388214111, 1100, 16872, 28179.0], [7.262436866760254, 1103, 19238, 28179.0], [7.613515138626099, 1104, 21592, 28179.0], [8.259090185165405, 1107, 35623, 28126.0], [8.584864616394043, 1108, 37975, 28126.0], [9.222453832626343, 1109, 51976, 28126.0], [9.848247051239014, 1110, 65977, 28126.0], [10.441972017288208, 1111, 79979, 28126.0], [11.068436861038208, 1112, 93975, 28126.0], [11.78760576248169, 1112, 107973, 28108.0]]}