{"problem": {"name": "RC101", "datafile": "problems/solomon/25/RC101.txt", "num_cust_nodes": 25, "num_tot_nodes": 27, "Gamma": 2, "t_range": 0.25, "Delta": 2, "d_range": 0.25, "num_drones": 2, "drone_time_multiplier": 0.25, "drone_cost_multiplier": 0.25, "flight_limit": 25, "demand_ratio": 0.75}, "timelimit": 3600, "num_cpus": 4, "alg": "BnP", "root_LP": 28399.0, "tot_cg_iterations": 35, "global_lb": 28399.0, "time": 4.7879345417022705, "obj": 1e+20, "tot_mp_time": 0.12823057174682617, "tot_sp_time": 4.60427188873291, "tot_sp_heu1_time": 3.1285343170166016, "tot_sp_heu2_time": 1.3413043022155762, "tot_sp_exact_time": 0.1281118392944336, "tot_num_sp_heu1": 35, "tot_num_sp_heu2": 15, "tot_num_sp_exact": 1, "tot_sp1_time": 15.656550168991089, "tot_sp2_time": 1.330669641494751, "tot_heu_time": 0, "raw_solution": null, "solution": null, "num_bnb_nodes": 1, "num_bnb_remaining_nodes": 0, "tot_num_gen_cols": 679, "tot_num_labels": 7088, "termination_status": "Optimal", "cg_result": [[0.057770490646362305, 28, 28, 62632.0], [0.11273646354675293, 57, 52, 62632.0], [0.19272994995117188, 85, 77, 58269.0], [0.2671844959259033, 116, 107, 54397.6875], [0.33928370475769043, 150, 123, 51770.777777777774], [0.4460866451263428, 174, 145, 50711.89999999999], [0.5468571186065674, 202, 173, 49973.979797979795], [0.6396009922027588, 231, 198, 41926.54747474749], [0.7511587142944336, 263, 217, 40698.12323232323], [0.8479411602020264, 273, 222, 38571.85656565656], [0.9294636249542236, 277, 225, 34591.74545454545], [1.0125417709350586, 280, 227, 34591.74545454545], [1.127143144607544, 336, 274, 34591.74545454545], [1.2133994102478027, 338, 276, 33000.200000000004], [1.3854830265045166, 379, 373, 33000.2], [1.494070053100586, 389, 382, 29471.0], [1.5906798839569092, 391, 384, 29471.0], [1.6904077529907227, 392, 385, 29471.0], [1.7821695804595947, 393, 386, 29471.0], [1.8903212547302246, 423, 425, 29471.0], [1.9818880558013916, 458, 472, 29471.0], [2.1224663257598877, 493, 714, 29410.0], [2.224215030670166, 495, 716, 28774.0], [2.305776834487915, 497, 718, 28774.0], [2.4495151042938232, 536, 857, 28774.0], [2.6303298473358154, 571, 1047, 28774.0], [2.8377110958099365, 610, 1668, 28774.0], [2.952449321746826, 613, 1671, 28487.0], [3.1736040115356445, 631, 2234, 28487.0], [3.412820816040039, 644, 2799, 28487.0], [3.6714060306549072, 656, 3364, 28487.0], [3.9078383445739746, 668, 3923, 28468.0], [4.142844915390015, 675, 4483, 28468.0], [4.37543511390686, 679, 5034, 28399.0], [4.732502460479736, 679, 7088, 28399.0]]}