{"problem": {"name": "RC103", "datafile": "problems/solomon/25/RC103.txt", "num_cust_nodes": 25, "num_tot_nodes": 27, "Gamma": 2, "t_range": 0.25, "Delta": 2, "d_range": 0.25, "num_drones": 2, "drone_time_multiplier": 0.25, "drone_cost_multiplier": 0.25, "flight_limit": 25, "demand_ratio": 0.75}, "timelimit": 3600, "num_cpus": 4, "alg": "BnP", "root_LP": 28001.0, "tot_cg_iterations": 48, "global_lb": 28001.0, "time": 14.614067077636719, "obj": 1e+20, "tot_mp_time": 0.12809062004089355, "tot_sp_time": 14.38193392753601, "tot_sp_heu1_time": 7.220484495162964, "tot_sp_heu2_time": 4.4163007736206055, "tot_sp_exact_time": 2.7334256172180176, "tot_num_sp_heu1": 48, "tot_num_sp_heu2": 18, "tot_num_sp_exact": 3, "tot_sp1_time": 37.093504428863525, "tot_sp2_time": 17.28486394882202, "tot_heu_time": 0, "raw_solution": null, "solution": null, "num_bnb_nodes": 1, "num_bnb_remaining_nodes": 0, "tot_num_gen_cols": 1302, "tot_num_labels": 326918, "termination_status": "Optimal", "cg_result": [[0.06734800338745117, 30, 27, 62632.0], [0.11640310287475586, 58, 47, 62632.0], [0.17518067359924316, 87, 70, 58846.0], [0.25790953636169434, 117, 85, 57955.75], [0.3366720676422119, 147, 110, 57343.545454545456], [0.4263293743133545, 176, 137, 56843.50000000001], [0.526207685470581, 204, 165, 56843.5], [0.5744442939758301, 232, 186, 54399.33333333333], [0.6750109195709229, 287, 201, 54067.8], [0.7843687534332275, 315, 212, 51185.638297872356], [0.8610405921936035, 344, 233, 49437.66666666667], [0.9661080837249756, 373, 252, 49396.09090909092], [1.1031348705291748, 401, 279, 45017.28947368422], [1.2458698749542236, 429, 296, 43223.33333333334], [1.417654037475586, 457, 315, 39227.92857142857], [1.57444429397583, 488, 330, 38463.217391304344], [1.727344036102295, 518, 353, 35984.625], [1.9050986766815186, 546, 374, 34904.375], [2.0784738063812256, 565, 391, 34438.0], [2.24119234085083, 566, 392, 34121.649999999994], [2.3951923847198486, 576, 398, 33914.65], [2.6074655055999756, 674, 1927, 33914.649999999994], [2.9197356700897217, 714, 3509, 33177.649999999994], [3.1912167072296143, 755, 6800, 33177.65], [3.3462564945220947, 756, 6801, 32840.649999999994], [3.6640069484710693, 784, 13493, 32840.65], [3.8356306552886963, 788, 13494, 32546.15], [4.002784252166748, 794, 13496, 32546.15], [4.1815338134765625, 796, 13497, 32546.15], [4.506299257278442, 825, 20017, 32546.15], [4.923072576522827, 868, 27227, 32546.15], [5.345278024673462, 901, 34394, 32546.15], [5.790348768234253, 981, 41392, 32546.15], [5.992687702178955, 999, 41406, 29929.4], [6.394322395324707, 1029, 46632, 29929.4], [6.8305885791778564, 1057, 56833, 29792.4], [7.329103231430054, 1126, 71199, 29792.4], [7.8545989990234375, 1190, 81514, 28439.0], [8.071955680847168, 1201, 81523, 28106.0], [8.25280499458313, 1212, 81532, 28106.0], [8.7427978515625, 1255, 92145, 28106.0], [8.954379081726074, 1256, 92146, 28007.0], [9.444404125213623, 1283, 102531, 28007.0], [9.661123752593994, 1285, 102533, 28001.0], [10.193533897399902, 1300, 112898, 28001.0], [11.568916082382202, 1301, 183941, 28001.0], [13.079669952392578, 1302, 255787, 28001.0], [14.510024547576904, 1302, 326918, 28001.0]]}