{"problem": {"name": "RC108", "datafile": "problems/solomon/25/RC108.txt", "num_cust_nodes": 25, "num_tot_nodes": 27, "Gamma": 2, "t_range": 0.25, "Delta": 2, "d_range": 0.25, "num_drones": 2, "drone_time_multiplier": 0.25, "drone_cost_multiplier": 0.25, "flight_limit": 25, "demand_ratio": 0.75}, "timelimit": 3600, "num_cpus": 4, "alg": "BnP", "root_LP": 27371.0, "tot_cg_iterations": 65, "global_lb": 27371.0, "time": 43.738452434539795, "obj": 1e+20, "tot_mp_time": 0.5152575969696045, "tot_sp_time": 43.0902316570282, "tot_sp_heu1_time": 10.77713942527771, "tot_sp_heu2_time": 16.42524552345276, "tot_sp_exact_time": 15.86928415298462, "tot_num_sp_heu1": 65, "tot_num_sp_heu2": 28, "tot_num_sp_exact": 2, "tot_sp1_time": 86.90548634529114, "tot_sp2_time": 79.78502297401428, "tot_heu_time": 0, "raw_solution": null, "solution": null, "num_bnb_nodes": 1, "num_bnb_remaining_nodes": 0, "tot_num_gen_cols": 2306, "tot_num_labels": 1287645, "termination_status": "Optimal", "cg_result": [[0.04939436912536621, 32, 23, 62632.0], [0.12256193161010742, 62, 44, 62632.0], [0.17594456672668457, 91, 59, 53244.5], [0.2286825180053711, 120, 73, 50394.428571428565], [0.32953429222106934, 150, 90, 49873.48239436619], [0.39660024642944336, 189, 103, 46546.705882352944], [0.4992213249206543, 218, 121, 43534.88888888889], [0.6602635383605957, 246, 131, 43232.05761316873], [0.7637009620666504, 284, 154, 39538.66666666667], [0.8533179759979248, 313, 164, 39030.666666666664], [0.9729104042053223, 341, 182, 39030.666666666664], [1.0922751426696777, 377, 202, 38949.666666666664], [1.2106585502624512, 406, 225, 37202.16923076922], [1.3300089836120605, 439, 248, 35665.1], [1.4455633163452148, 469, 258, 35665.100000000006], [1.5761847496032715, 497, 270, 34222.42857142857], [1.7344822883605957, 526, 290, 34222.42857142858], [1.9041788578033447, 554, 309, 33941.88888888889], [2.0914969444274902, 588, 326, 33127.90909090909], [2.2417428493499756, 616, 352, 28889.0], [2.4244165420532227, 644, 376, 28889.0], [2.5739262104034424, 674, 394, 28889.0], [2.7711124420166016, 689, 403, 28889.0], [2.964618682861328, 719, 418, 28889.0], [3.1474850177764893, 727, 424, 28889.0], [3.336045980453491, 733, 427, 28889.0], [3.54520320892334, 740, 432, 28615.0], [3.7260186672210693, 741, 434, 28615.0], [3.9101574420928955, 745, 438, 28615.0], [4.09299635887146, 746, 439, 28615.0], [4.405509948730469, 818, 3337, 28615.0], [4.574058771133423, 846, 3346, 28475.0], [4.781259298324585, 847, 3347, 28475.0], [5.123372554779053, 940, 4194, 28475.0], [5.3186423778533936, 968, 4207, 28475.0], [5.502978563308716, 992, 4217, 28475.0], [5.680185079574585, 999, 4220, 28475.000000000004], [5.938978433609009, 1107, 6084, 28475.0], [6.272825002670288, 1179, 7982, 28475.0], [6.874822616577148, 1225, 12437, 28235.999999999996], [7.197522878646851, 1258, 14977, 28236.0], [7.399040937423706, 1260, 14978, 28236.0], [7.700322866439819, 1325, 17092, 28236.0], [8.198776960372925, 1354, 22658, 28236.0], [8.773338079452515, 1399, 27207, 28236.0], [9.533474683761597, 1450, 35109, 28236.0], [10.540717124938965, 1527, 44623, 28099.0], [11.266387701034546, 1633, 52121, 27529.0], [11.96334958076477, 1738, 58121, 27529.0], [12.164878845214844, 1742, 58124, 27529.0], [12.720768213272095, 1801, 65874, 27529.0], [13.29304051399231, 1832, 72722, 27529.0], [14.030566453933716, 1871, 83927, 27529.0], [14.754497766494751, 1988, 97479, 27529.0], [16.438180685043335, 2062, 135673, 27529.0], [17.117189407348633, 2095, 148866, 27451.0], [18.21126961708069, 2139, 190415, 27451.0], [18.78945231437683, 2171, 201172, 27451.0], [19.412822246551514, 2213, 212519, 27451.0], [21.025228261947632, 2264, 254704, 27451.0], [22.50033187866211, 2292, 299056, 27451.0], [23.795814037322998, 2295, 346719, 27371.0], [25.14675784111023, 2297, 394286, 27371.0], [34.394466400146484, 2306, 838219, 27371.0], [43.6054892539978, 2306, 1287645, 27371.0]]}