{"problem": {"name": "RC102", "datafile": "problems/solomon/25/RC102.txt", "num_cust_nodes": 25, "num_tot_nodes": 27, "Gamma": 2, "t_range": 0.25, "Delta": 2, "d_range": 0.25, "num_drones": 2, "drone_time_multiplier": 0.25, "drone_cost_multiplier": 0.25, "flight_limit": 25, "demand_ratio": 0.75}, "timelimit": 3600, "num_cpus": 4, "alg": "BnP", "root_LP": 28188.0, "tot_cg_iterations": 53, "global_lb": 28188.0, "time": 18.21203589439392, "obj": 1e+20, "tot_mp_time": 0.16983890533447266, "tot_sp_time": 17.953961849212646, "tot_sp_heu1_time": 7.189188241958618, "tot_sp_heu2_time": 7.015833139419556, "tot_sp_exact_time": 3.736543893814087, "tot_num_sp_heu1": 53, "tot_num_sp_heu2": 27, "tot_num_sp_exact": 5, "tot_sp1_time": 37.586984634399414, "tot_sp2_time": 30.342130661010742, "tot_heu_time": 0, "raw_solution": null, "solution": null, "num_bnb_nodes": 1, "num_bnb_remaining_nodes": 0, "tot_num_gen_cols": 1234, "tot_num_labels": 307772, "termination_status": "Optimal", "cg_result": [[0.051145076751708984, 28, 21, 62632.0], [0.11274838447570801, 56, 43, 62632.0], [0.17344188690185547, 90, 66, 59469.666666666664], [0.2568802833557129, 120, 87, 57425.49999999999], [0.36605000495910645, 156, 116, 56067.66666666667], [0.47780919075012207, 186, 136, 56067.66666666667], [0.5503578186035156, 214, 148, 52193.8], [0.6472973823547363, 244, 159, 52193.8], [0.8078982830047607, 271, 183, 50489.666666666664], [0.936016321182251, 300, 213, 48642.0], [1.0475621223449707, 328, 241, 41959.0], [1.1764030456542969, 357, 267, 41959.0], [1.3276238441467285, 379, 286, 41199.5], [1.483180046081543, 385, 292, 38633.444444444445], [1.6187384128570557, 398, 305, 37696.0], [1.7467143535614014, 406, 310, 37427.0], [1.9534528255462646, 469, 777, 36133.88888888888], [2.0934503078460693, 474, 780, 35457.88888888889], [2.236499547958374, 475, 781, 35457.88888888889], [2.376403331756592, 495, 785, 35457.88888888889], [2.6205554008483887, 538, 1157, 35457.88888888889], [2.7607967853546143, 546, 1160, 35339.88888888889], [2.892871856689453, 547, 1161, 34392.13888888889], [3.0322396755218506, 556, 1169, 34392.13888888889], [3.339644193649292, 618, 2145, 34392.13888888889], [3.703392267227173, 667, 4523, 34392.13888888889], [4.0473175048828125, 714, 6820, 33899.26388888889], [4.395235300064087, 771, 7419, 33672.88888888889], [4.6824939250946045, 813, 8386, 33672.88888888889], [5.233890056610107, 842, 10346, 33672.88888888889], [5.654900550842285, 875, 12768, 33672.88888888889], [5.968121767044067, 910, 15147, 33423.81196581196], [6.631062030792236, 950, 17698, 33163.28888888889], [6.779942274093628, 951, 17699, 31521.88888888889], [7.077044248580933, 980, 19928, 31521.88888888889], [7.428991079330444, 1010, 23020, 31521.88888888889], [7.732146978378296, 1038, 26156, 31521.88888888889], [8.187511920928955, 1068, 33262, 31521.88888888889], [8.80474066734314, 1119, 40711, 31515.88888888889], [8.975237607955933, 1126, 40718, 28270.0], [9.120452404022217, 1137, 40728, 28270.0], [9.402993202209473, 1172, 43806, 28270.0], [9.935322523117065, 1191, 51214, 28270.0], [10.116276979446411, 1193, 51216, 28270.0], [10.560150861740112, 1208, 58574, 28270.0], [11.052121877670288, 1223, 65948, 28189.0], [11.54053521156311, 1224, 73299, 28189.0], [12.011396169662476, 1225, 80648, 28189.0], [13.23573637008667, 1228, 126077, 28189.0], [14.393415689468384, 1230, 171496, 28189.0], [15.603941440582275, 1232, 216919, 28189.0], [16.832937955856323, 1234, 262345, 28189.0], [18.12380075454712, 1234, 307772, 28188.0]]}