{"problem": {"name": "RC104", "datafile": "problems/solomon/25/RC104.txt", "num_cust_nodes": 25, "num_tot_nodes": 27, "Gamma": 2, "t_range": 0.25, "Delta": 2, "d_range": 0.25, "num_drones": 2, "drone_time_multiplier": 0.25, "drone_cost_multiplier": 0.25, "flight_limit": 25, "demand_ratio": 0.75}, "timelimit": 3600, "num_cpus": 4, "alg": "BnP", "root_LP": 27391.0, "tot_cg_iterations": 74, "global_lb": 27391.0, "time": 35.86975455284119, "obj": 1e+20, "tot_mp_time": 0.6178174018859863, "tot_sp_time": 35.10995435714722, "tot_sp_heu1_time": 11.492961406707764, "tot_sp_heu2_time": 18.388680458068848, "tot_sp_exact_time": 5.209274530410767, "tot_num_sp_heu1": 74, "tot_num_sp_heu2": 24, "tot_num_sp_exact": 1, "tot_sp1_time": 74.0752809047699, "tot_sp2_time": 60.80578660964966, "tot_heu_time": 0, "raw_solution": null, "solution": null, "num_bnb_nodes": 1, "num_bnb_remaining_nodes": 0, "tot_num_gen_cols": 2101, "tot_num_labels": 1041221, "termination_status": "Optimal", "cg_result": [[0.05587172508239746, 30, 26, 62632.0], [0.11069989204406738, 62, 46, 54764.33333333334], [0.15386629104614258, 91, 66, 52884.0], [0.21580195426940918, 128, 90, 51080.50000000001], [0.2620198726654053, 158, 105, 51080.5], [0.36476612091064453, 188, 126, 51080.50000000001], [0.40902185440063477, 218, 150, 50633.47499999999], [0.48290252685546875, 250, 166, 49838.0], [0.5877068042755127, 279, 193, 49387.57142857143], [0.6670346260070801, 307, 218, 46731.00000000001], [0.7411127090454102, 335, 233, 46599.8813559322], [0.8692665100097656, 363, 251, 45525.769230769234], [0.9515285491943359, 393, 271, 44327.613333333335], [1.0510733127593994, 423, 283, 43938.428571428565], [1.1898210048675537, 454, 301, 42682.399999999994], [1.2878899574279785, 489, 313, 41569.41304347826], [1.463383436203003, 529, 333, 40911.22222222221], [1.5630993843078613, 561, 346, 36780.16666666666], [1.6910145282745361, 589, 360, 36669.61111111111], [1.8375673294067383, 617, 377, 35876.5], [1.9901156425476074, 645, 400, 31458.0], [2.192516326904297, 670, 420, 31458.0], [2.291965961456299, 714, 430, 31458.0], [2.4675803184509277, 745, 454, 31458.0], [2.657217025756836, 747, 456, 31458.0], [2.915695905685425, 748, 457, 31458.0], [3.0845038890838623, 749, 458, 31458.0], [3.2392473220825195, 751, 459, 31458.0], [3.570572853088379, 808, 4616, 31458.0], [3.7491323947906494, 817, 4620, 30651.0], [3.923351526260376, 827, 4630, 30651.0], [4.0940775871276855, 831, 4633, 30651.0], [4.439094543457031, 872, 9757, 30651.0], [4.738154888153076, 921, 13227, 30651.0], [4.924993991851807, 924, 13230, 30651.0], [5.106126308441162, 925, 13231, 30651.0], [5.830059766769409, 954, 20191, 30651.0], [6.001191854476929, 955, 20192, 30651.0], [6.878476858139038, 992, 30451, 30651.0], [7.0903096199035645, 993, 30452, 30247.0], [7.572097063064575, 1057, 38446, 30247.0], [8.304046392440796, 1214, 50237, 30247.0], [8.49890661239624, 1242, 50258, 28798.0], [8.69735860824585, 1273, 50282, 28798.000000000007], [8.87342381477356, 1296, 50300, 28798.0], [9.077919006347656, 1324, 50315, 28798.0], [9.311537265777588, 1348, 50331, 28389.0], [9.487802267074585, 1355, 50337, 28389.0], [9.67090392112732, 1357, 50338, 28389.0], [10.045900583267212, 1449, 56206, 28389.0], [10.496230363845825, 1485, 65809, 28389.0], [10.682222366333008, 1497, 65812, 28389.000000000004], [11.27197551727295, 1598, 76708, 28389.0], [11.463997602462769, 1602, 76710, 28389.0], [11.629435062408447, 1604, 76712, 28389.0], [11.808432340621948, 1606, 76713, 28389.0], [12.245696783065796, 1673, 87800, 28389.0], [12.431919813156128, 1679, 87803, 28389.0], [12.919429540634155, 1707, 100820, 28389.0], [13.701803922653198, 1763, 112048, 28389.0], [14.138457536697388, 1809, 123436, 27717.0], [14.355078220367432, 1815, 123438, 27717.0], [15.21951699256897, 1846, 159298, 27717.0], [17.251574516296387, 1931, 224075, 27717.0], [17.45226740837097, 1937, 224081, 27717.0], [17.617164611816406, 1938, 224082, 27717.0], [18.977418661117554, 1980, 289706, 27717.0], [20.471518993377686, 2021, 354120, 27717.0], [22.131181001663208, 2061, 423159, 27717.0], [23.680228233337402, 2092, 492663, 27469.0], [25.479723930358887, 2098, 564368, 27469.0], [27.154204845428467, 2099, 635557, 27469.0], [28.875152349472046, 2101, 707413, 27469.0], [35.7277717590332, 2101, 1041221, 27391.0]]}