{"problem": {"name": "RC107", "datafile": "problems/solomon/25/RC107.txt", "num_cust_nodes": 25, "num_tot_nodes": 27, "Gamma": 2, "t_range": 0.25, "Delta": 2, "d_range": 0.25, "num_drones": 2, "drone_time_multiplier": 0.25, "drone_cost_multiplier": 0.25, "flight_limit": 25, "demand_ratio": 0.75}, "timelimit": 3600, "num_cpus": 4, "alg": "BnP", "root_LP": 27606.999999999996, "tot_cg_iterations": 53, "global_lb": 27606.999999999996, "time": 25.266464948654175, "obj": 1e+20, "tot_mp_time": 0.40142273902893066, "tot_sp_time": 24.75160789489746, "tot_sp_heu1_time": 7.867776393890381, "tot_sp_heu2_time": 11.933776378631592, "tot_sp_exact_time": 4.934993028640747, "tot_num_sp_heu1": 53, "tot_num_sp_heu2": 27, "tot_num_sp_exact": 3, "tot_sp1_time": 44.393983125686646, "tot_sp2_time": 49.968836069107056, "tot_heu_time": 0, "raw_solution": null, "solution": null, "num_bnb_nodes": 1, "num_bnb_remaining_nodes": 0, "tot_num_gen_cols": 1831, "tot_num_labels": 552517, "termination_status": "Optimal", "cg_result": [[0.03806161880493164, 29, 20, 62632.0], [0.1022958755493164, 58, 44, 54491.1111111111], [0.1786489486694336, 86, 62, 50091.256410256414], [0.29195427894592285, 122, 80, 49117.70000000001], [0.4028890132904053, 150, 104, 43687.0], [0.49538183212280273, 180, 128, 43687.0], [0.6018679141998291, 215, 148, 43687.0], [0.6985893249511719, 245, 163, 43687.0], [0.8248014450073242, 280, 189, 40575.10344827586], [0.9254817962646484, 310, 209, 39388.5], [1.0016255378723145, 338, 225, 38158.625], [1.1499617099761963, 367, 252, 38118.370370370365], [1.3028383255004883, 407, 264, 37047.69565217391], [1.4418551921844482, 439, 287, 35985.5], [1.5769951343536377, 467, 303, 34749.6], [1.6614384651184082, 496, 316, 33313.058823529405], [1.79624605178833, 528, 335, 33276.12499999999], [1.9396944046020508, 552, 353, 32066.14285714286], [2.094189167022705, 580, 367, 30695.0], [2.2619857788085938, 610, 389, 30695.0], [2.428426742553711, 616, 392, 30485.0], [2.599036931991577, 618, 394, 30485.0], [2.8233067989349365, 657, 1479, 30485.0], [3.0357749462127686, 704, 2811, 30485.0], [3.5508201122283936, 750, 7213, 30463.0], [3.89909291267395, 778, 10640, 30157.0], [4.437609672546387, 911, 15079, 30157.0], [4.608648300170898, 912, 15080, 29278.0], [4.766965627670288, 913, 15081, 29278.0], [5.092083930969238, 1069, 19644, 29278.0], [5.431956052780151, 1187, 24020, 29278.0], [5.761061906814575, 1256, 28530, 29278.0], [6.09010648727417, 1298, 33123, 29278.0], [6.25810980796814, 1301, 33126, 29278.0], [6.634525775909424, 1359, 38935, 29278.0], [7.092642068862915, 1410, 45126, 29278.0], [7.5282628536224365, 1445, 52698, 29030.0], [7.980694532394409, 1476, 60808, 29030.0], [8.768212080001831, 1513, 74441, 28952.0], [10.006860494613647, 1551, 87025, 28560.0], [10.202637910842896, 1555, 87026, 28420.0], [11.44354796409607, 1624, 99707, 28420.0], [12.517573595046997, 1678, 112536, 27907.0], [13.396889448165894, 1730, 125384, 27678.0], [14.132794857025146, 1763, 138812, 27678.0], [14.864887237548828, 1769, 153141, 27678.0], [15.678312301635742, 1771, 167483, 27608.0], [16.5313138961792, 1772, 181793, 27608.0], [17.95406198501587, 1804, 224105, 27608.0], [18.633222103118896, 1812, 239085, 27607.999999999996], [21.339752674102783, 1827, 389280, 27608.0], [22.09145736694336, 1831, 403603, 27607.0], [25.15303063392639, 1831, 552517, 27606.999999999996]]}