{"problem": {"name": "CVS-31-8", "datafile": "problems/ups_tw/CVS-31-8.vrp", "num_cust_nodes": 30, "num_tot_nodes": 32, "Gamma": 2, "t_range": 0.25, "Delta": 2, "d_range": 0.25, "num_drones": 2, "drone_time_multiplier": 1, "drone_cost_multiplier": 1, "flight_limit": 500, "demand_ratio": 0.75}, "timelimit": 3600, "num_cpus": 4, "alg": "MIP", "time": 3601.1515352725983, "root_LP": 26319.08226511838, "obj": 42457.0, "final_gap": 0.2241824170487186, "global_lb": 32938.88711936253, "num_bnb_nodes": 290680, "num_bnb_remaining_nodes": 212650, "solution": [[[0, 1, 4, 31], [[[4, 5], [4, 22]], [[4, 12]]]], [[0, 3, 2, 18, 31], [[], [[18, 30]]]], [[0, 9, 28, 31], [[], [[28, 6], [28, 14]]]], [[0, 10, 31], [[[10, 26], [10, 29]], [[10, 21], [10, 20]]]], [[0, 13, 16, 25, 31], [[[25, 11]], [[25, 17]]]], [[0, 24, 8, 31], [[], []]]], "termination_status": "time limit exceeded"}