{"problem": {"name": "CVS-31-5", "datafile": "problems/ups_tw/CVS-31-5.vrp", "num_cust_nodes": 30, "num_tot_nodes": 32, "Gamma": 2, "t_range": 0.25, "Delta": 2, "d_range": 0.25, "num_drones": 2, "drone_time_multiplier": 1, "drone_cost_multiplier": 1, "flight_limit": 500, "demand_ratio": 0.75}, "timelimit": 3600, "num_cpus": 4, "alg": "MIP", "time": 3601.8225791454315, "root_LP": 24185.210493046776, "obj": 46305.0, "final_gap": 0.40307274442930957, "global_lb": 27640.71656920078, "num_bnb_nodes": 180376, "num_bnb_remaining_nodes": 128721, "solution": [[[0, 7, 31], [[], [[7, 12]]]], [[0, 9, 29, 14, 31], [[[14, 24]], []]], [[0, 10, 30, 19, 6, 3, 31], [[], []]], [[0, 15, 17, 16, 31], [[[16, 27]], [[16, 4]]]], [[0, 23, 18, 11, 2, 31], [[[2, 28], [2, 20]], []]], [[0, 25, 1, 5, 31], [[], []]]], "termination_status": "time limit exceeded"}