{"problem": {"name": "CVS-31-10", "datafile": "problems/ups_tw/CVS-31-10.vrp", "num_cust_nodes": 30, "num_tot_nodes": 32, "Gamma": 2, "t_range": 0.25, "Delta": 2, "d_range": 0.25, "num_drones": 2, "drone_time_multiplier": 1, "drone_cost_multiplier": 1, "flight_limit": 500, "demand_ratio": 0.75}, "timelimit": 3600, "num_cpus": 4, "alg": "MIP", "time": 3600.5744166374207, "root_LP": 17718.34402909704, "obj": 44410.0, "final_gap": 0.44558080944711753, "global_lb": 24621.756252453466, "num_bnb_nodes": 450884, "num_bnb_remaining_nodes": 253599, "solution": [[[0, 4, 14, 31], [[[14, 17]], []]], [[0, 6, 2, 13, 31], [[], []]], [[0, 8, 16, 25, 27, 3, 31], [[], []]], [[0, 12, 23, 31], [[[23, 28], [23, 21]], []]], [[0, 26, 29, 15, 9, 24, 11, 31], [[], []]], [[0, 30, 10, 19, 18, 31], [[], []]]], "termination_status": "time limit exceeded"}