{"problem": {"name": "CVS-31-6", "datafile": "problems/ups_tw/CVS-31-6.vrp", "num_cust_nodes": 30, "num_tot_nodes": 32, "Gamma": 2, "t_range": 0.25, "Delta": 2, "d_range": 0.25, "num_drones": 2, "drone_time_multiplier": 1, "drone_cost_multiplier": 1, "flight_limit": 500, "demand_ratio": 0.75}, "timelimit": 3600, "num_cpus": 4, "alg": "MIP", "time": 3600.012099981308, "root_LP": 34783.74803921569, "obj": 52274.0, "final_gap": 0.2504878638425627, "global_lb": 39179.99740549385, "num_bnb_nodes": 54532, "num_bnb_remaining_nodes": 5694, "solution": [[[0, 5, 2, 31], [[], []]], [[0, 8, 30, 22, 26, 31], [[], []]], [[0, 10, 31], [[[10, 12]], [[10, 19]]]], [[0, 11, 18, 28, 31], [[[28, 4]], []]], [[0, 23, 24, 7, 31], [[], []]], [[0, 27, 16, 31], [[[16, 3]], [[16, 13]]]], [[0, 29, 15, 31], [[], [[15, 6], [15, 21], [15, 20], [15, 25]]]]], "termination_status": "time limit exceeded"}