{"problem": {"name": "CVS-31-7", "datafile": "problems/ups_tw/CVS-31-7.vrp", "num_cust_nodes": 30, "num_tot_nodes": 32, "Gamma": 2, "t_range": 0.25, "Delta": 2, "d_range": 0.25, "num_drones": 2, "drone_time_multiplier": 1, "drone_cost_multiplier": 1, "flight_limit": 500, "demand_ratio": 0.75}, "timelimit": 3600, "num_cpus": 4, "alg": "MIP", "time": 3600.571094751358, "root_LP": 24413.720112970535, "obj": 49939.0, "final_gap": 0.39811238522938025, "global_lb": 30057.66559402994, "num_bnb_nodes": 311276, "num_bnb_remaining_nodes": 239723, "solution": [[[0, 4, 28, 10, 31], [[[10, 7]], []]], [[0, 12, 2, 8, 31], [[], []]], [[0, 13, 25, 31], [[[25, 11]], [[25, 23]]]], [[0, 16, 31], [[[16, 17], [16, 9]], [[16, 3], [16, 22]]]], [[0, 20, 31], [[[20, 15]], [[20, 14]]]], [[0, 24, 31], [[[24, 30]], [[24, 19], [24, 21]]]], [[0, 29, 18, 6, 31], [[], []]]], "termination_status": "time limit exceeded"}