{"problem": {"name": "CVS-31-2", "datafile": "problems/ups_tw/CVS-31-2.vrp", "num_cust_nodes": 30, "num_tot_nodes": 32, "Gamma": 2, "t_range": 0.25, "Delta": 2, "d_range": 0.25, "num_drones": 2, "drone_time_multiplier": 1, "drone_cost_multiplier": 1, "flight_limit": 500, "demand_ratio": 0.75}, "timelimit": 3600, "num_cpus": 4, "alg": "MIP", "time": 1069.3867201805115, "root_LP": 23026.224116866346, "obj": 43122.0, "final_gap": 0.4016803173423242, "global_lb": 25800.741355564256, "num_bnb_nodes": 171965, "num_bnb_remaining_nodes": 119301, "solution": [[[0, 2, 11, 5, 16, 31], [[], []]], [[0, 18, 10, 12, 26, 31], [[], []]], [[0, 21, 8, 22, 4, 31], [[], []]], [[0, 23, 20, 31], [[], [[20, 6], [20, 14]]]], [[0, 27, 1, 28, 13, 24, 31], [[], [[24, 25], [24, 30]]]]], "termination_status": "memory limit exceeded"}