{"problem": {"name": "R103", "datafile": "problems/solomon/25/R103.txt", "num_cust_nodes": 25, "num_tot_nodes": 27, "Gamma": 2, "t_range": 0.25, "Delta": 2, "d_range": 0.25, "num_drones": 2, "drone_time_multiplier": 0.25, "drone_cost_multiplier": 0.25, "flight_limit": 25, "demand_ratio": 0.75}, "timelimit": 3600, "num_cpus": 4, "alg": "MIP", "time": 3600.018934726715, "root_LP": 25409.16304347826, "obj": 33935.0, "final_gap": 0.12209424238832527, "global_lb": 29791.73188455217, "num_bnb_nodes": 170597, "num_bnb_remaining_nodes": 84459, "solution": [[[0, 1, 26], [[[1, 20], [1, 9], [1, 10]], []]], [[0, 5, 16, 14, 13, 26], [[[13, 2]], []]], [[0, 12, 23, 4, 21, 26], [[], []]], [[0, 18, 26], [[[18, 6], [18, 17]], [[18, 19], [18, 11], [18, 8], [18, 7]]]]], "termination_status": "time limit exceeded"}