{"problem": {"name": "R103", "datafile": "problems/solomon/25/R103.txt", "num_cust_nodes": 25, "num_tot_nodes": 27, "Gamma": 0, "t_range": 0.25, "Delta": 1, "d_range": 0.25, "num_drones": 2, "drone_time_multiplier": 0.25, "drone_cost_multiplier": 0.25, "flight_limit": 25, "demand_ratio": 0.75}, "timelimit": 3600, "num_cpus": 4, "alg": "MIP", "time": 3600.0061218738556, "root_LP": 24357.737689044214, "obj": 32475.0, "final_gap": 0.036025854143571456, "global_lb": 31305.060386687514, "num_bnb_nodes": 1052446, "num_bnb_remaining_nodes": 232055, "solution": [[[0, 1, 26], [[[1, 10], [1, 3]], [[1, 20], [1, 9]]]], [[0, 13, 26], [[[13, 15], [13, 6]], [[13, 2]]]], [[0, 18, 5, 16, 14, 26], [[], []]], [[0, 21, 23, 4, 12, 26], [[], []]]], "termination_status": "time limit exceeded"}