{"problem": {"name": "R107", "datafile": "problems/solomon/25/R107.txt", "num_cust_nodes": 25, "num_tot_nodes": 27, "Gamma": 0, "t_range": 0.25, "Delta": 1, "d_range": 0.25, "num_drones": 2, "drone_time_multiplier": 0.25, "drone_cost_multiplier": 0.25, "flight_limit": 25, "demand_ratio": 0.75}, "timelimit": 3600, "num_cpus": 4, "alg": "MIP", "time": 3600.006282567978, "root_LP": 24517.839227096385, "obj": 31656.999999999996, "final_gap": 0.028517264652684626, "global_lb": 30754.228952889956, "num_bnb_nodes": 713058, "num_bnb_remaining_nodes": 125080, "solution": [[[0, 14, 16, 5, 13, 26], [[], [[13, 2]]]], [[0, 18, 7, 1, 26], [[], [[1, 20], [1, 9], [1, 10]]]], [[0, 21, 23, 4, 12, 26], [[[12, 24]], [[12, 3]]]]], "termination_status": "time limit exceeded"}