{"problem": {"name": "R111", "datafile": "problems/solomon/25/R111.txt", "num_cust_nodes": 25, "num_tot_nodes": 27, "Gamma": 2, "t_range": 0.25, "Delta": 2, "d_range": 0.25, "num_drones": 2, "drone_time_multiplier": 0.25, "drone_cost_multiplier": 0.25, "flight_limit": 25, "demand_ratio": 0.75}, "timelimit": 3600, "num_cpus": 4, "alg": "MIP", "time": 3600.0141746997833, "root_LP": 25149.775477011543, "obj": 32323.0, "final_gap": 0.0938571699781363, "global_lb": 29289.25469479669, "num_bnb_nodes": 158293, "num_bnb_remaining_nodes": 40267, "solution": [[[0, 1, 26], [[[1, 10]], [[1, 3], [1, 20], [1, 9]]]], [[0, 13, 26], [[[13, 15]], [[13, 6], [13, 2]]]], [[0, 18, 5, 16, 14, 26], [[], []]], [[0, 21, 23, 4, 12, 26], [[], [[12, 24]]]]], "termination_status": "time limit exceeded"}