{"problem": {"name": "R112", "datafile": "problems/solomon/25/R112.txt", "num_cust_nodes": 25, "num_tot_nodes": 27, "Gamma": 2, "t_range": 0.25, "Delta": 2, "d_range": 0.25, "num_drones": 2, "drone_time_multiplier": 0.25, "drone_cost_multiplier": 0.25, "flight_limit": 25, "demand_ratio": 0.75}, "timelimit": 3600, "num_cpus": 4, "alg": "MIP", "time": 3600.025502204895, "root_LP": 23111.13452914798, "obj": 30802.0, "final_gap": 0.15774805071306677, "global_lb": 25943.044541936102, "num_bnb_nodes": 297939, "num_bnb_remaining_nodes": 95478, "solution": [[[0, 1, 10, 26], [[[10, 7], [10, 19]], [[10, 20], [10, 11]]]], [[0, 6, 5, 16, 14, 13, 26], [[], []]], [[0, 12, 4, 23, 21, 26], [[[21, 2]], [[21, 22]]]]], "termination_status": "time limit exceeded"}