{"problem": {"name": "RC103", "datafile": "problems/solomon/25/RC103.txt", "num_cust_nodes": 25, "num_tot_nodes": 27, "Gamma": 0, "t_range": 0.25, "Delta": 0, "d_range": 0.25, "num_drones": 2, "drone_time_multiplier": 0.25, "drone_cost_multiplier": 0.25, "flight_limit": 25, "demand_ratio": 0.75}, "timelimit": 3600, "num_cpus": 4, "alg": "MIP", "time": 2250.526801109314, "root_LP": 8787.420149460282, "obj": 28144.0, "final_gap": 0.3922852978414249, "global_lb": 17103.5225775509, "num_bnb_nodes": 1113795, "num_bnb_remaining_nodes": 791358, "solution": [[[0, 2, 4, 26], [[[4, 8], [4, 3], [4, 5], [4, 1]], []]], [[0, 11, 10, 26], [[[10, 9]], [[10, 17], [10, 13]]]], [[0, 20, 19, 21, 23, 22, 26], [[[22, 24]], [[22, 25]]]]], "termination_status": "memory limit exceeded"}