{"problem": {"name": "RC102", "datafile": "problems/solomon/25/RC102.txt", "num_cust_nodes": 25, "num_tot_nodes": 27, "Gamma": 2, "t_range": 0.25, "Delta": 2, "d_range": 0.25, "num_drones": 2, "drone_time_multiplier": 0.25, "drone_cost_multiplier": 0.25, "flight_limit": 25, "demand_ratio": 0.75}, "timelimit": 3600, "num_cpus": 4, "alg": "MIP", "time": 3600.014353990555, "root_LP": 15180.021739130436, "obj": 28188.0, "final_gap": 0.08350608286900522, "global_lb": 25834.130536088473, "num_bnb_nodes": 197931, "num_bnb_remaining_nodes": 7496, "solution": [[[0, 6, 4, 2, 26], [[], []]], [[0, 12, 11, 10, 26], [[[10, 9], [10, 13]], [[10, 17]]]], [[0, 23, 21, 19, 22, 26], [[[22, 25]], [[22, 20], [22, 24]]]]], "termination_status": "time limit exceeded"}