{"problem": {"name": "RC102", "datafile": "problems/solomon/25/RC102.txt", "num_cust_nodes": 25, "num_tot_nodes": 27, "Gamma": 0, "t_range": 0.25, "Delta": 1, "d_range": 0.25, "num_drones": 2, "drone_time_multiplier": 0.25, "drone_cost_multiplier": 0.25, "flight_limit": 25, "demand_ratio": 0.75}, "timelimit": 3600, "num_cpus": 4, "alg": "MIP", "time": 3.637221574783325, "root_LP": 14235.1797752809, "obj": 28665.0, "final_gap": 0.3301887376673484, "global_lb": 19200.139834765425, "num_bnb_nodes": 1983, "num_bnb_remaining_nodes": 1515, "solution": [[[0, 6, 4, 3, 2, 26], [[], []]], [[0, 12, 11, 10, 26], [[[10, 16]], [[10, 9], [10, 17], [10, 13]]]], [[0, 23, 19, 22, 26], [[[22, 24]], [[22, 20], [22, 25]]]]], "termination_status": "aborted"}