{"problem": {"name": "RC103", "datafile": "problems/solomon/25/RC103.txt", "num_cust_nodes": 25, "num_tot_nodes": 27, "Gamma": 2, "t_range": 0.25, "Delta": 2, "d_range": 0.25, "num_drones": 2, "drone_time_multiplier": 0.25, "drone_cost_multiplier": 0.25, "flight_limit": 25, "demand_ratio": 0.75}, "timelimit": 3600, "num_cpus": 4, "alg": "MIP", "time": 3601.403154373169, "root_LP": 8554.681347539015, "obj": 28001.0, "final_gap": 0.6296417219267796, "global_lb": 10370.402144328182, "num_bnb_nodes": 335351, "num_bnb_remaining_nodes": 127886, "solution": [[[0, 6, 4, 2, 26], [[], []]], [[0, 12, 11, 10, 26], [[[10, 9], [10, 13], [10, 17]], []]], [[0, 20, 19, 21, 23, 22, 26], [[[22, 24]], [[22, 25]]]]], "termination_status": "time limit exceeded"}