{"problem": {"name": "C101", "datafile": "problems/solomon/25/C101.txt", "num_cust_nodes": 25, "num_tot_nodes": 27, "Gamma": 2, "t_range": 0.25, "Delta": 2, "d_range": 0.25, "num_drones": 2, "drone_time_multiplier": 0.25, "drone_cost_multiplier": 0.25, "flight_limit": 10, "demand_ratio": 0.75}, "timelimit": 3600, "num_cpus": 4, "alg": "BnP", "root_LP": 17900.0, "tot_cg_iterations": 15, "global_lb": 17900.0, "time": 2.1339590549468994, "obj": 17900.0, "tot_mp_time": 0.044275760650634766, "tot_sp_time": 2.061009645462036, "tot_sp_heu1_time": 1.147948980331421, "tot_sp_heu2_time": 0.7770893573760986, "tot_sp_exact_time": 0.13410639762878418, "tot_num_sp_heu1": 15, "tot_num_sp_heu2": 7, "tot_num_sp_exact": 1, "tot_sp1_time": 5.97657585144043, "tot_sp2_time": 1.593731164932251, "tot_heu_time": 0.010606765747070312, "raw_solution": [[[1.0, [0, 20, 25, 22, 21, 26], [[[25, 24], 0], [[22, 23], 0]]], [1.0, [0, 5, 7, 8, 6, 4, 2, 1, 26], [[[5, 3], 0], [[8, 10], 0], [[8, 9], 1], [[8, 11], 0]]], [1.0, [0, 13, 15, 16, 14, 26], [[[13, 17], 0], [[13, 18], 1], [[15, 19], 0], [[14, 12], 0]]]], [[1.0, [5, 3]], [1.0, [8, 9]], [1.0, [8, 10]], [1.0, [8, 11]], [1.0, [13, 17]], [1.0, [13, 18]], [1.0, [14, 12]], [1.0, [15, 19]], [1.0, [22, 23]], [1.0, [25, 24]]]], "solution": [[[0, 20, 25, 22, 21, 26], [[[25, 24], [22, 23]], []]], [[0, 5, 7, 8, 6, 4, 2, 1, 26], [[[5, 3], [8, 10], [8, 11]], [[8, 9]]]], [[0, 13, 15, 16, 14, 26], [[[13, 17], [15, 19], [14, 12]], [[13, 18]]]]], "num_bnb_nodes": 1, "num_bnb_remaining_nodes": 0, "tot_num_gen_cols": 386, "tot_num_labels": 36311, "termination_status": "Optimal"}