{"problem": {"name": "C102", "datafile": "problems/solomon/25/C102.txt", "num_cust_nodes": 25, "num_tot_nodes": 27, "Gamma": 2, "t_range": 0.25, "Delta": 2, "d_range": 0.25, "num_drones": 2, "drone_time_multiplier": 0.25, "drone_cost_multiplier": 0.25, "flight_limit": 10, "demand_ratio": 0.75}, "timelimit": 3600, "num_cpus": 4, "alg": "BnP", "root_LP": 18280.0, "tot_cg_iterations": 42, "global_lb": 18280.0, "time": 3603.227723121643, "obj": 18280.0, "tot_mp_time": 0.1936330795288086, "tot_sp_time": 3602.96995139122, "tot_sp_heu1_time": 4.891124486923218, "tot_sp_heu2_time": 3596.323315382004, "tot_sp_exact_time": 1.7401823997497559, "tot_num_sp_heu1": 42, "tot_num_sp_heu2": 19, "tot_num_sp_exact": 1, "tot_sp1_time": 14098.427364349365, "tot_sp2_time": 263.9881296157837, "tot_heu_time": 0.010233402252197266, "raw_solution": [[[1.0, [0, 21, 25, 22, 26], [[[21, 20], 0], [[25, 24], 0], [[22, 23], 0]]], [1.0, [0, 13, 17, 18, 19, 15, 16, 14, 12, 26], []], [1.0, [0, 7, 8, 6, 4, 2, 1, 3, 5, 26], [[[8, 9], 0], [[8, 10], 1], [[8, 11], 1]]]], [[1.0, [8, 9]], [1.0, [8, 10]], [1.0, [8, 11]], [1.0, [21, 20]], [1.0, [22, 23]], [1.0, [25, 24]]]], "solution": [[[0, 21, 25, 22, 26], [[[21, 20], [25, 24], [22, 23]], []]], [[0, 13, 17, 18, 19, 15, 16, 14, 12, 26], [[], []]], [[0, 7, 8, 6, 4, 2, 1, 3, 5, 26], [[[8, 9]], [[8, 10], [8, 11]]]]], "num_bnb_nodes": 1, "num_bnb_remaining_nodes": 0, "tot_num_gen_cols": 747, "tot_num_labels": 13007955, "termination_status": "Time limit"}