{"problem": {"name": "C103", "datafile": "problems/solomon/25/C103.txt", "num_cust_nodes": 25, "num_tot_nodes": 27, "Gamma": 2, "t_range": 0.25, "Delta": 2, "d_range": 0.25, "num_drones": 2, "drone_time_multiplier": 0.25, "drone_cost_multiplier": 0.25, "flight_limit": 10, "demand_ratio": 0.75}, "timelimit": 3600, "num_cpus": 4, "alg": "BnP", "root_LP": 18893.0, "tot_cg_iterations": 28, "global_lb": 18893.0, "time": 3627.5259776115417, "obj": 18893.0, "tot_mp_time": 0.07769107818603516, "tot_sp_time": 3627.40185046196, "tot_sp_heu1_time": 3.7005507946014404, "tot_sp_heu2_time": 3623.6968014240265, "tot_sp_exact_time": 0, "tot_num_sp_heu1": 27, "tot_num_sp_heu2": 1, "tot_num_sp_exact": 0, "tot_sp1_time": 14458.512259483337, "tot_sp2_time": 2.0007450580596924, "tot_heu_time": 0.00770878791809082, "raw_solution": [[[1.0, [0, 20, 25, 23, 22, 21, 26], [[[25, 24], 0]]], [1.0, [0, 7, 8, 9, 6, 4, 2, 1, 5, 26], [[[8, 10], 0], [[8, 11], 1]]], [1.0, [0, 13, 17, 18, 19, 15, 16, 14, 12, 3, 26], []]], [[1.0, [8, 10]], [1.0, [8, 11]], [1.0, [25, 24]]]], "solution": [[[0, 20, 25, 23, 22, 21, 26], [[[25, 24]], []]], [[0, 7, 8, 9, 6, 4, 2, 1, 5, 26], [[[8, 10]], [[8, 11]]]], [[0, 13, 17, 18, 19, 15, 16, 14, 12, 3, 26], [[], []]]], "num_bnb_nodes": 1, "num_bnb_remaining_nodes": 0, "tot_num_gen_cols": 498, "tot_num_labels": 1313353, "termination_status": "Time limit"}