{"problem": {"name": "C104", "datafile": "problems/solomon/25/C104.txt", "num_cust_nodes": 25, "num_tot_nodes": 27, "Gamma": 2, "t_range": 0.25, "Delta": 2, "d_range": 0.25, "num_drones": 2, "drone_time_multiplier": 0.25, "drone_cost_multiplier": 0.25, "flight_limit": 10, "demand_ratio": 0.75}, "timelimit": 3600, "num_cpus": 4, "alg": "BnP", "root_LP": 18546.0, "tot_cg_iterations": 31, "global_lb": 18546.0, "time": 3651.744648218155, "obj": 18546.0, "tot_mp_time": 0.12328171730041504, "tot_sp_time": 3651.544009447098, "tot_sp_heu1_time": 3.3880398273468018, "tot_sp_heu2_time": 3634.0167067050934, "tot_sp_exact_time": 14.134249687194824, "tot_num_sp_heu1": 31, "tot_num_sp_heu2": 2, "tot_num_sp_exact": 1, "tot_sp1_time": 14568.380937814713, "tot_sp2_time": 2.3214271068573, "tot_heu_time": 0.03042435646057129, "raw_solution": [[[1.0, [0, 13, 17, 18, 19, 15, 16, 14, 12, 10, 26], []], [1.0, [0, 7, 8, 11, 9, 6, 4, 2, 1, 3, 5, 26], []], [1.0, [0, 21, 22, 25, 23, 26], [[[21, 20], 0], [[25, 24], 0]]]], [[1.0, [21, 20]], [1.0, [25, 24]]]], "solution": [[[0, 13, 17, 18, 19, 15, 16, 14, 12, 10, 26], [[], []]], [[0, 7, 8, 11, 9, 6, 4, 2, 1, 3, 5, 26], [[], []]], [[0, 21, 22, 25, 23, 26], [[[21, 20], [25, 24]], []]]], "num_bnb_nodes": 1, "num_bnb_remaining_nodes": 0, "tot_num_gen_cols": 1187, "tot_num_labels": 1458334, "termination_status": "Time limit"}