{"problem": {"name": "C108", "datafile": "problems/solomon/25/C108.txt", "num_cust_nodes": 25, "num_tot_nodes": 27, "Gamma": 2, "t_range": 0.25, "Delta": 2, "d_range": 0.25, "num_drones": 2, "drone_time_multiplier": 0.25, "drone_cost_multiplier": 0.25, "flight_limit": 10, "demand_ratio": 0.75}, "timelimit": 3600, "num_cpus": 4, "alg": "BnP", "root_LP": 17900.0, "tot_cg_iterations": 68, "global_lb": 17900.0, "time": 3601.494637489319, "obj": 17900.0, "tot_mp_time": 0.3462052345275879, "tot_sp_time": 3601.065069437027, "tot_sp_heu1_time": 5.975208044052124, "tot_sp_heu2_time": 3594.284112215042, "tot_sp_exact_time": 0.7854890823364258, "tot_num_sp_heu1": 68, "tot_num_sp_heu2": 46, "tot_num_sp_exact": 1, "tot_sp1_time": 12307.128264188766, "tot_sp2_time": 1984.221842288971, "tot_heu_time": 0.01384425163269043, "raw_solution": [[[1.0, [0, 5, 7, 8, 6, 4, 2, 1, 26], [[[5, 3], 0], [[8, 10], 0], [[8, 11], 1], [[8, 9], 0]]], [1.0, [0, 13, 15, 16, 14, 26], [[[13, 17], 0], [[13, 18], 1], [[15, 19], 0], [[14, 12], 0]]], [1.0, [0, 20, 25, 22, 21, 26], [[[25, 24], 0], [[22, 23], 0]]]], [[1.0, [5, 3]], [1.0, [8, 9]], [1.0, [8, 10]], [1.0, [8, 11]], [1.0, [13, 17]], [1.0, [13, 18]], [1.0, [14, 12]], [1.0, [15, 19]], [1.0, [22, 23]], [1.0, [25, 24]]]], "solution": [[[0, 5, 7, 8, 6, 4, 2, 1, 26], [[[5, 3], [8, 10], [8, 9]], [[8, 11]]]], [[0, 13, 15, 16, 14, 26], [[[13, 17], [15, 19], [14, 12]], [[13, 18]]]], [[0, 20, 25, 22, 21, 26], [[[25, 24], [22, 23]], []]]], "num_bnb_nodes": 1, "num_bnb_remaining_nodes": 0, "tot_num_gen_cols": 1174, "tot_num_labels": 12708654, "termination_status": "Time limit"}