{"problem": {"name": "C109", "datafile": "problems/solomon/25/C109.txt", "num_cust_nodes": 25, "num_tot_nodes": 27, "Gamma": 2, "t_range": 0.25, "Delta": 2, "d_range": 0.25, "num_drones": 2, "drone_time_multiplier": 0.25, "drone_cost_multiplier": 0.25, "flight_limit": 10, "demand_ratio": 0.75}, "timelimit": 3600, "num_cpus": 4, "alg": "BnP", "root_LP": 18501.0, "tot_cg_iterations": 26, "global_lb": 18501.0, "time": 3630.918330669403, "obj": 18501.0, "tot_mp_time": 0.08496999740600586, "tot_sp_time": 3630.784408092499, "tot_sp_heu1_time": 2.29878306388855, "tot_sp_heu2_time": 3625.5648374557495, "tot_sp_exact_time": 2.911684274673462, "tot_num_sp_heu1": 26, "tot_num_sp_heu2": 5, "tot_num_sp_exact": 1, "tot_sp1_time": 14251.449980735779, "tot_sp2_time": 100.39154434204102, "tot_heu_time": 0.010230779647827148, "raw_solution": [[[1.0, [0, 20, 24, 25, 22, 21, 26], [[[22, 23], 0]]], [1.0, [0, 13, 17, 18, 19, 15, 16, 14, 12, 26], []], [1.0, [0, 3, 6, 4, 2, 1, 26], [[[3, 5], 0], [[3, 7], 1], [[6, 8], 0], [[6, 10], 1], [[6, 11], 0], [[6, 9], 1]]]], [[1.0, [3, 5]], [1.0, [3, 7]], [1.0, [6, 8]], [1.0, [6, 9]], [1.0, [6, 10]], [1.0, [6, 11]], [1.0, [22, 23]]]], "solution": [[[0, 20, 24, 25, 22, 21, 26], [[[22, 23]], []]], [[0, 13, 17, 18, 19, 15, 16, 14, 12, 26], [[], []]], [[0, 3, 6, 4, 2, 1, 26], [[[3, 5], [6, 8], [6, 11]], [[3, 7], [6, 10], [6, 9]]]]], "num_bnb_nodes": 1, "num_bnb_remaining_nodes": 0, "tot_num_gen_cols": 744, "tot_num_labels": 3092083, "termination_status": "Time limit"}