{"problem": {"name": "R101", "datafile": "problems/solomon/25/R101.txt", "num_cust_nodes": 25, "num_tot_nodes": 27, "Gamma": 2, "t_range": 0.25, "Delta": 2, "d_range": 0.25, "num_drones": 1, "drone_time_multiplier": 0.25, "drone_cost_multiplier": 0.25, "flight_limit": 25, "demand_ratio": 0.75}, "timelimit": 3600, "num_cpus": 4, "alg": "BnP", "root_LP": 39440.5, "tot_cg_iterations": 23, "global_lb": 39787.5, "time": 3.641834259033203, "obj": 39797.0, "tot_mp_time": 0.01627945899963379, "tot_sp_time": 3.532747745513916, "tot_sp_heu1_time": 1.6735658645629883, "tot_sp_heu2_time": 1.3230035305023193, "tot_sp_exact_time": 0.532477617263794, "tot_num_sp_heu1": 23, "tot_num_sp_heu2": 18, "tot_num_sp_exact": 7, "tot_sp1_time": 12.021612167358398, "tot_sp2_time": 0.6961770057678223, "tot_heu_time": 0.06090807914733887, "raw_solution": [[[1.0, [0, 12, 26], [[[12, 2], 0], [[12, 21], 0], [[12, 3], 0], [[12, 24], 0], [[12, 25], 0]]], [1.0, [0, 14, 16, 6, 13, 26], []], [1.0, [0, 10, 1, 26], [[[10, 11], 0], [[10, 19], 0], [[10, 9], 0], [[10, 20], 0]]], [1.0, [0, 5, 18, 26], [[[18, 11], 0], [[18, 7], 0], [[18, 8], 0], [[18, 10], 0], [[18, 17], 0]]], [1.0, [0, 23, 4, 26], [[[23, 15], 0], [[23, 22], 0], [[4, 25], 0]]]], [[1.0, [4, 25]], [1.0, [10, 9]], [1.0, [10, 11]], [1.0, [10, 19]], [1.0, [10, 20]], [1.0, [12, 2]], [1.0, [12, 3]], [1.0, [12, 21]], [1.0, [12, 24]], [1.0, [18, 7]], [1.0, [18, 8]], [1.0, [18, 17]], [1.0, [23, 15]], [1.0, [23, 22]]]], "solution": [[[0, 12, 26], [[[12, 2], [12, 21], [12, 3], [12, 24]]]], [[0, 14, 16, 6, 13, 26], [[]]], [[0, 10, 1, 26], [[[10, 11], [10, 19], [10, 9], [10, 20]]]], [[0, 5, 18, 26], [[[18, 7], [18, 8], [18, 17]]]], [[0, 23, 4, 26], [[[23, 15], [23, 22], [4, 25]]]]], "num_bnb_nodes": 7, "num_bnb_remaining_nodes": 0, "tot_num_gen_cols": 163, "tot_num_labels": 985, "termination_status": "Optimal"}