{"problem": {"name": "R101", "datafile": "problems/solomon/25/R101.txt", "num_cust_nodes": 25, "num_tot_nodes": 27, "Gamma": 1, "t_range": 0.25, "Delta": 0, "d_range": 0.25, "num_drones": 2, "drone_time_multiplier": 0.25, "drone_cost_multiplier": 0.25, "flight_limit": 25, "demand_ratio": 0.75}, "timelimit": 3600, "num_cpus": 4, "alg": "BnP", "root_LP": 37594.0, "tot_cg_iterations": 13, "global_lb": 37594.0, "time": 1.7698729038238525, "obj": 37594.0, "tot_mp_time": 0.02486109733581543, "tot_sp_time": 1.723686695098877, "tot_sp_heu1_time": 1.0002198219299316, "tot_sp_heu2_time": 0.638338565826416, "tot_sp_exact_time": 0.08221650123596191, "tot_num_sp_heu1": 13, "tot_num_sp_heu2": 9, "tot_num_sp_exact": 1, "tot_sp1_time": 6.122482776641846, "tot_sp2_time": 0.07652926445007324, "tot_heu_time": 0.007554292678833008, "raw_solution": [[[1.0, [0, 14, 16, 6, 13, 26], [[[16, 15], 0]]], [1.0, [0, 5, 18, 26], [[[18, 11], 0], [[18, 19], 1], [[18, 7], 0], [[18, 8], 1], [[18, 10], 0], [[18, 17], 1]]], [1.0, [0, 23, 4, 26], [[[23, 2], 0], [[23, 15], 1], [[23, 22], 0], [[4, 24], 0], [[4, 25], 1]]], [1.0, [0, 12, 1, 26], [[[12, 21], 0], [[1, 3], 0], [[1, 9], 1], [[1, 20], 1], [[1, 10], 0]]]], [[1.0, [1, 3]], [1.0, [1, 9]], [1.0, [1, 10]], [1.0, [1, 20]], [1.0, [4, 24]], [1.0, [4, 25]], [1.0, [12, 21]], [1.0, [18, 7]], [1.0, [18, 8]], [1.0, [18, 11]], [1.0, [18, 17]], [1.0, [18, 19]], [1.0, [23, 2]], [1.0, [23, 15]], [1.0, [23, 22]]]], "solution": [[[0, 14, 16, 6, 13, 26], [[], []]], [[0, 5, 18, 26], [[[18, 11], [18, 7]], [[18, 19], [18, 8], [18, 17]]]], [[0, 23, 4, 26], [[[23, 2], [23, 22], [4, 24]], [[23, 15], [4, 25]]]], [[0, 12, 1, 26], [[[12, 21], [1, 3], [1, 10]], [[1, 9], [1, 20]]]]], "num_bnb_nodes": 1, "num_bnb_remaining_nodes": 0, "tot_num_gen_cols": 109, "tot_num_labels": 200, "termination_status": "Optimal"}