{"problem": {"name": "R102", "datafile": "problems/solomon/25/R102.txt", "num_cust_nodes": 25, "num_tot_nodes": 27, "Gamma": 2, "t_range": 0.25, "Delta": 2, "d_range": 0.25, "num_drones": 1, "drone_time_multiplier": 0.25, "drone_cost_multiplier": 0.25, "flight_limit": 25, "demand_ratio": 0.75}, "timelimit": 3600, "num_cpus": 4, "alg": "BnP", "root_LP": 34709.0, "tot_cg_iterations": 19, "global_lb": 34709.0, "time": 5.343016862869263, "obj": 34709.0, "tot_mp_time": 0.040132999420166016, "tot_sp_time": 5.270414590835571, "tot_sp_heu1_time": 2.5635032653808594, "tot_sp_heu2_time": 2.1229143142700195, "tot_sp_exact_time": 0.5797200202941895, "tot_num_sp_heu1": 19, "tot_num_sp_heu2": 11, "tot_num_sp_exact": 3, "tot_sp1_time": 14.359409093856812, "tot_sp2_time": 4.916549921035767, "tot_heu_time": 0.009969234466552734, "raw_solution": [[[1.0, [0, 14, 16, 5, 26], [[[5, 8], 0], [[5, 17], 0]]], [1.0, [0, 1, 10, 26], [[[10, 11], 0], [[10, 19], 0], [[10, 9], 0], [[10, 20], 0], [[10, 7], 0]]], [1.0, [0, 13, 26], [[[13, 2], 0], [[13, 21], 0], [[13, 15], 0], [[13, 18], 0], [[13, 6], 0]]], [1.0, [0, 12, 23, 4, 21, 26], [[[12, 3], 0], [[23, 22], 0], [[4, 24], 0], [[4, 25], 0]]]], [[1.0, [4, 24]], [1.0, [4, 25]], [1.0, [5, 8]], [1.0, [5, 17]], [1.0, [10, 7]], [1.0, [10, 9]], [1.0, [10, 11]], [1.0, [10, 19]], [1.0, [10, 20]], [1.0, [12, 3]], [1.0, [13, 2]], [1.0, [13, 6]], [1.0, [13, 15]], [1.0, [13, 18]], [1.0, [23, 22]]]], "solution": [[[0, 14, 16, 5, 26], [[[5, 8], [5, 17]]]], [[0, 1, 10, 26], [[[10, 11], [10, 19], [10, 9], [10, 20], [10, 7]]]], [[0, 13, 26], [[[13, 2], [13, 15], [13, 18], [13, 6]]]], [[0, 12, 23, 4, 21, 26], [[[12, 3], [23, 22], [4, 24], [4, 25]]]]], "num_bnb_nodes": 1, "num_bnb_remaining_nodes": 0, "tot_num_gen_cols": 281, "tot_num_labels": 13562, "termination_status": "Optimal"}