{"problem": {"name": "R102", "datafile": "problems/solomon/25/R102.txt", "num_cust_nodes": 25, "num_tot_nodes": 27, "Gamma": 1, "t_range": 0.25, "Delta": 0, "d_range": 0.25, "num_drones": 2, "drone_time_multiplier": 0.25, "drone_cost_multiplier": 0.25, "flight_limit": 25, "demand_ratio": 0.75}, "timelimit": 3600, "num_cpus": 4, "alg": "BnP", "root_LP": 34140.0, "tot_cg_iterations": 17, "global_lb": 34140.0, "time": 6.237852573394775, "obj": 34140.0, "tot_mp_time": 0.0447545051574707, "tot_sp_time": 6.146576642990112, "tot_sp_heu1_time": 2.3260252475738525, "tot_sp_heu2_time": 3.015669822692871, "tot_sp_exact_time": 0.7994701862335205, "tot_num_sp_heu1": 17, "tot_num_sp_heu2": 9, "tot_num_sp_exact": 3, "tot_sp1_time": 13.258503198623657, "tot_sp2_time": 4.680691242218018, "tot_heu_time": 0.012187957763671875, "raw_solution": [[[1.0, [0, 14, 16, 5, 13, 26], [[[5, 6], 0], [[5, 8], 1], [[13, 2], 0]]], [1.0, [0, 1, 26], [[[1, 3], 0], [[1, 9], 1], [[1, 10], 0], [[1, 20], 1]]], [1.0, [0, 18, 26], [[[18, 7], 0], [[18, 11], 1], [[18, 19], 0], [[18, 8], 1], [[18, 17], 0]]], [1.0, [0, 21, 23, 4, 12, 26], [[[21, 2], 0], [[23, 15], 0], [[23, 22], 1], [[4, 24], 0], [[4, 25], 1]]]], [[1.0, [1, 3]], [1.0, [1, 9]], [1.0, [1, 10]], [1.0, [1, 20]], [1.0, [4, 24]], [1.0, [4, 25]], [1.0, [5, 6]], [1.0, [13, 2]], [1.0, [18, 7]], [1.0, [18, 8]], [1.0, [18, 11]], [1.0, [18, 17]], [1.0, [18, 19]], [1.0, [23, 15]], [1.0, [23, 22]]]], "solution": [[[0, 14, 16, 5, 13, 26], [[[5, 6], [13, 2]], []]], [[0, 1, 26], [[[1, 3], [1, 10]], [[1, 9], [1, 20]]]], [[0, 18, 26], [[[18, 7], [18, 19], [18, 17]], [[18, 11], [18, 8]]]], [[0, 21, 23, 4, 12, 26], [[[23, 15], [4, 24]], [[23, 22], [4, 25]]]]], "num_bnb_nodes": 1, "num_bnb_remaining_nodes": 0, "tot_num_gen_cols": 291, "tot_num_labels": 8090, "termination_status": "Optimal"}