{"problem": {"name": "R102", "datafile": "problems/solomon/25/R102.txt", "num_cust_nodes": 25, "num_tot_nodes": 27, "Gamma": 2, "t_range": 0.25, "Delta": 2, "d_range": 0.25, "num_drones": 0, "drone_time_multiplier": 0.25, "drone_cost_multiplier": 0.25, "flight_limit": 25, "demand_ratio": 0.75}, "timelimit": 3600, "num_cpus": 4, "alg": "BnP", "root_LP": 54811.0, "tot_cg_iterations": 12, "global_lb": 54811.0, "time": 1.5576295852661133, "obj": 54811.0, "tot_mp_time": 0.02235722541809082, "tot_sp_time": 1.5187005996704102, "tot_sp_heu1_time": 0.9411556720733643, "tot_sp_heu2_time": 0.2917056083679199, "tot_sp_exact_time": 0.28436970710754395, "tot_num_sp_heu1": 12, "tot_num_sp_heu2": 3, "tot_num_sp_exact": 3, "tot_sp1_time": 5.626856327056885, "tot_sp2_time": 0.0075304508209228516, "tot_heu_time": 0.0040857791900634766, "raw_solution": [[[1.0, [0, 18, 26], []], [1.0, [0, 2, 15, 22, 4, 25, 26], []], [1.0, [0, 3, 9, 20, 1, 26], []], [1.0, [0, 8, 17, 5, 26], []], [1.0, [0, 14, 16, 6, 13, 26], []], [1.0, [0, 21, 23, 24, 12, 26], []], [1.0, [0, 7, 11, 19, 10, 26], []]], []], "solution": [[[0, 18, 26], []], [[0, 2, 15, 22, 4, 25, 26], []], [[0, 3, 9, 20, 1, 26], []], [[0, 8, 17, 5, 26], []], [[0, 14, 16, 6, 13, 26], []], [[0, 21, 23, 24, 12, 26], []], [[0, 7, 11, 19, 10, 26], []]], "num_bnb_nodes": 1, "num_bnb_remaining_nodes": 0, "tot_num_gen_cols": 216, "tot_num_labels": 228, "termination_status": "Optimal"}