{"problem": {"name": "R102", "datafile": "problems/solomon/25/R102.txt", "num_cust_nodes": 25, "num_tot_nodes": 27, "Gamma": 2, "t_range": 0.25, "Delta": 2, "d_range": 0.25, "num_drones": 3, "drone_time_multiplier": 0.25, "drone_cost_multiplier": 0.25, "flight_limit": 25, "demand_ratio": 0.75}, "timelimit": 3600, "num_cpus": 4, "alg": "BnP", "root_LP": 34709.0, "tot_cg_iterations": 13, "global_lb": 34709.0, "time": 3.040013313293457, "obj": 34709.0, "tot_mp_time": 0.010651588439941406, "tot_sp_time": 3.002589464187622, "tot_sp_heu1_time": 1.68863844871521, "tot_sp_heu2_time": 0.9955806732177734, "tot_sp_exact_time": 0.31551599502563477, "tot_num_sp_heu1": 13, "tot_num_sp_heu2": 7, "tot_num_sp_exact": 2, "tot_sp1_time": 9.82760500907898, "tot_sp2_time": 1.2291507720947266, "tot_heu_time": 0.008154153823852539, "raw_solution": [[[1.0, [0, 13, 26], [[[13, 15], 0], [[13, 18], 1], [[13, 21], 2], [[13, 2], 2], [[13, 22], 2], [[13, 6], 0]]], [1.0, [0, 1, 10, 26], [[[10, 9], 0], [[10, 7], 1], [[10, 11], 2], [[10, 19], 1], [[10, 20], 2]]], [1.0, [0, 14, 16, 5, 26], [[[5, 8], 0], [[5, 17], 1]]], [1.0, [0, 12, 23, 4, 21, 26], [[[12, 3], 0], [[23, 22], 0], [[4, 24], 0], [[4, 25], 1]]]], [[1.0, [4, 24]], [1.0, [4, 25]], [1.0, [5, 8]], [1.0, [5, 17]], [1.0, [10, 7]], [1.0, [10, 9]], [1.0, [10, 11]], [1.0, [10, 19]], [1.0, [10, 20]], [1.0, [12, 3]], [1.0, [13, 2]], [1.0, [13, 6]], [1.0, [13, 15]], [1.0, [13, 18]], [1.0, [23, 22]]]], "solution": [[[0, 13, 26], [[[13, 15], [13, 6]], [[13, 18]], [[13, 2]]]], [[0, 1, 10, 26], [[[10, 9]], [[10, 7], [10, 19]], [[10, 11], [10, 20]]]], [[0, 14, 16, 5, 26], [[[5, 8]], [[5, 17]], []]], [[0, 12, 23, 4, 21, 26], [[[12, 3], [23, 22], [4, 24]], [[4, 25]], []]]], "num_bnb_nodes": 1, "num_bnb_remaining_nodes": 0, "tot_num_gen_cols": 213, "tot_num_labels": 4816, "termination_status": "Optimal"}