{"problem": {"name": "R103", "datafile": "problems/solomon/25/R103.txt", "num_cust_nodes": 25, "num_tot_nodes": 27, "Gamma": 2, "t_range": 0.25, "Delta": 2, "d_range": 0.25, "num_drones": 0, "drone_time_multiplier": 0.25, "drone_cost_multiplier": 0.25, "flight_limit": 25, "demand_ratio": 0.75}, "timelimit": 3600, "num_cpus": 4, "alg": "BnP", "root_LP": 46482.0, "tot_cg_iterations": 18, "global_lb": 46482.0, "time": 2.338418960571289, "obj": 46482.0, "tot_mp_time": 0.028185606002807617, "tot_sp_time": 2.2874631881713867, "tot_sp_heu1_time": 1.6150736808776855, "tot_sp_heu2_time": 0.3392159938812256, "tot_sp_exact_time": 0.3302140235900879, "tot_num_sp_heu1": 18, "tot_num_sp_heu2": 3, "tot_num_sp_exact": 3, "tot_sp1_time": 8.585089206695557, "tot_sp2_time": 0.011756181716918945, "tot_heu_time": 0.004871845245361328, "raw_solution": [[[1.0, [0, 2, 15, 14, 16, 17, 5, 26], []], [1.0, [0, 6, 13, 26], []], [1.0, [0, 7, 19, 11, 10, 26], []], [1.0, [0, 18, 8, 26], []], [1.0, [0, 21, 23, 22, 4, 25, 26], []], [1.0, [0, 1, 20, 9, 3, 24, 12, 26], []]], []], "solution": [[[0, 2, 15, 14, 16, 17, 5, 26], []], [[0, 6, 13, 26], []], [[0, 7, 19, 11, 10, 26], []], [[0, 18, 8, 26], []], [[0, 21, 23, 22, 4, 25, 26], []], [[0, 1, 20, 9, 3, 24, 12, 26], []]], "num_bnb_nodes": 1, "num_bnb_remaining_nodes": 0, "tot_num_gen_cols": 320, "tot_num_labels": 346, "termination_status": "Optimal"}