{"problem": {"name": "R103", "datafile": "problems/solomon/25/R103.txt", "num_cust_nodes": 25, "num_tot_nodes": 27, "Gamma": 1, "t_range": 0.25, "Delta": 1, "d_range": 0.25, "num_drones": 2, "drone_time_multiplier": 0.25, "drone_cost_multiplier": 0.25, "flight_limit": 25, "demand_ratio": 0.75}, "timelimit": 3600, "num_cpus": 4, "alg": "BnP", "root_LP": 33208.0, "tot_cg_iterations": 19, "global_lb": 33208.0, "time": 12.141782283782959, "obj": 33208.0, "tot_mp_time": 0.05626559257507324, "tot_sp_time": 12.041348457336426, "tot_sp_heu1_time": 3.9954826831817627, "tot_sp_heu2_time": 6.513626575469971, "tot_sp_exact_time": 1.526890754699707, "tot_num_sp_heu1": 19, "tot_num_sp_heu2": 11, "tot_num_sp_exact": 3, "tot_sp1_time": 20.9794979095459, "tot_sp2_time": 20.301573991775513, "tot_heu_time": 0.01030588150024414, "raw_solution": [[[1.0, [0, 13, 26], [[[13, 15], 0], [[13, 21], 1], [[13, 2], 1], [[13, 18], 1], [[13, 22], 1], [[13, 6], 0]]], [1.0, [0, 1, 26], [[[1, 3], 0], [[1, 9], 1], [[1, 10], 0], [[1, 20], 1]]], [1.0, [0, 18, 5, 16, 14, 26], [[[18, 7], 0], [[18, 11], 1], [[18, 19], 0], [[5, 8], 0], [[5, 6], 1], [[14, 17], 0]]], [1.0, [0, 21, 23, 4, 12, 26], [[[23, 22], 0], [[4, 24], 0], [[4, 25], 1]]]], [[1.0, [1, 3]], [1.0, [1, 9]], [1.0, [1, 10]], [1.0, [1, 20]], [1.0, [4, 24]], [1.0, [4, 25]], [1.0, [5, 8]], [1.0, [13, 2]], [1.0, [13, 6]], [1.0, [13, 15]], [1.0, [14, 17]], [1.0, [18, 7]], [1.0, [18, 11]], [1.0, [18, 19]], [1.0, [23, 22]]]], "solution": [[[0, 13, 26], [[[13, 15], [13, 6]], [[13, 2]]]], [[0, 1, 26], [[[1, 3], [1, 10]], [[1, 9], [1, 20]]]], [[0, 18, 5, 16, 14, 26], [[[18, 7], [18, 19], [5, 8], [14, 17]], [[18, 11]]]], [[0, 21, 23, 4, 12, 26], [[[23, 22], [4, 24]], [[4, 25]]]]], "num_bnb_nodes": 1, "num_bnb_remaining_nodes": 0, "tot_num_gen_cols": 296, "tot_num_labels": 114381, "termination_status": "Optimal"}