{"problem": {"name": "R103", "datafile": "problems/solomon/25/R103.txt", "num_cust_nodes": 25, "num_tot_nodes": 27, "Gamma": 2, "t_range": 0.25, "Delta": 2, "d_range": 0.25, "num_drones": 1, "drone_time_multiplier": 0.25, "drone_cost_multiplier": 0.25, "flight_limit": 25, "demand_ratio": 0.75}, "timelimit": 3600, "num_cpus": 4, "alg": "BnP", "root_LP": 33696.0, "tot_cg_iterations": 20, "global_lb": 33696.0, "time": 29.418790340423584, "obj": 33696.0, "tot_mp_time": 0.023879528045654297, "tot_sp_time": 29.355006456375122, "tot_sp_heu1_time": 3.771056890487671, "tot_sp_heu2_time": 23.735483646392822, "tot_sp_exact_time": 1.8412621021270752, "tot_num_sp_heu1": 20, "tot_num_sp_heu2": 10, "tot_num_sp_exact": 3, "tot_sp1_time": 15.985937595367432, "tot_sp2_time": 90.17468237876892, "tot_heu_time": 0.010979652404785156, "raw_solution": [[[1.0, [0, 1, 26], [[[1, 3], 0], [[1, 20], 0], [[1, 9], 0], [[1, 10], 0]]], [1.0, [0, 13, 26], [[[13, 2], 0], [[13, 15], 0], [[13, 6], 0]]], [1.0, [0, 18, 5, 16, 14, 26], [[[18, 7], 0], [[18, 19], 0], [[18, 11], 0], [[5, 8], 0], [[14, 17], 0]]], [1.0, [0, 12, 23, 4, 21, 26], [[[12, 3], 0], [[23, 22], 0], [[4, 24], 0], [[4, 25], 0]]]], [[1.0, [1, 9]], [1.0, [1, 10]], [1.0, [1, 20]], [1.0, [4, 24]], [1.0, [4, 25]], [1.0, [5, 8]], [1.0, [12, 3]], [1.0, [13, 2]], [1.0, [13, 6]], [1.0, [13, 15]], [1.0, [14, 17]], [1.0, [18, 7]], [1.0, [18, 11]], [1.0, [18, 19]], [1.0, [23, 22]]]], "solution": [[[0, 1, 26], [[[1, 20], [1, 9], [1, 10]]]], [[0, 13, 26], [[[13, 2], [13, 15], [13, 6]]]], [[0, 18, 5, 16, 14, 26], [[[18, 7], [18, 19], [18, 11], [5, 8], [14, 17]]]], [[0, 12, 23, 4, 21, 26], [[[12, 3], [23, 22], [4, 24], [4, 25]]]]], "num_bnb_nodes": 1, "num_bnb_remaining_nodes": 0, "tot_num_gen_cols": 357, "tot_num_labels": 76046, "termination_status": "Optimal"}