{"problem": {"name": "R104", "datafile": "problems/solomon/25/R104.txt", "num_cust_nodes": 25, "num_tot_nodes": 27, "Gamma": 0, "t_range": 0.25, "Delta": 1, "d_range": 0.25, "num_drones": 2, "drone_time_multiplier": 0.25, "drone_cost_multiplier": 0.25, "flight_limit": 25, "demand_ratio": 0.75}, "timelimit": 3600, "num_cpus": 4, "alg": "BnP", "root_LP": 31469.0, "tot_cg_iterations": 22, "global_lb": 31469.0, "time": 29.5233416557312, "obj": 31469.0, "tot_mp_time": 0.043843984603881836, "tot_sp_time": 29.376863479614258, "tot_sp_heu1_time": 4.158489465713501, "tot_sp_heu2_time": 14.902329444885254, "tot_sp_exact_time": 10.307202816009521, "tot_num_sp_heu1": 22, "tot_num_sp_heu2": 11, "tot_num_sp_exact": 2, "tot_sp1_time": 95.90457057952881, "tot_sp2_time": 13.501708269119263, "tot_heu_time": 0.02572321891784668, "raw_solution": [[[1.0, [0, 6, 5, 16, 14, 13, 26], [[[6, 18], 0], [[5, 17], 0], [[16, 8], 0], [[13, 2], 0]]], [1.0, [0, 18, 7, 10, 1, 26], [[[7, 19], 0], [[10, 11], 0], [[10, 20], 1], [[1, 9], 0], [[1, 3], 1]]], [1.0, [0, 21, 22, 23, 4, 12, 26], [[[23, 15], 0], [[4, 24], 0], [[4, 25], 1]]]], [[1.0, [1, 3]], [1.0, [1, 9]], [1.0, [4, 24]], [1.0, [4, 25]], [1.0, [5, 17]], [1.0, [7, 19]], [1.0, [10, 11]], [1.0, [10, 20]], [1.0, [13, 2]], [1.0, [16, 8]], [1.0, [23, 15]]]], "solution": [[[0, 6, 5, 16, 14, 13, 26], [[[5, 17], [16, 8], [13, 2]], []]], [[0, 18, 7, 10, 1, 26], [[[7, 19], [10, 11], [1, 9]], [[10, 20], [1, 3]]]], [[0, 21, 22, 23, 4, 12, 26], [[[23, 15], [4, 24]], [[4, 25]]]]], "num_bnb_nodes": 1, "num_bnb_remaining_nodes": 0, "tot_num_gen_cols": 523, "tot_num_labels": 548563, "termination_status": "Optimal"}