{"problem": {"name": "R104", "datafile": "problems/solomon/25/R104.txt", "num_cust_nodes": 25, "num_tot_nodes": 27, "Gamma": 1, "t_range": 0.25, "Delta": 2, "d_range": 0.25, "num_drones": 2, "drone_time_multiplier": 0.25, "drone_cost_multiplier": 0.25, "flight_limit": 25, "demand_ratio": 0.75}, "timelimit": 3600, "num_cpus": 4, "alg": "BnP", "root_LP": 31481.0, "tot_cg_iterations": 24, "global_lb": 31481.0, "time": 23.006965398788452, "obj": 31481.0, "tot_mp_time": 0.09357500076293945, "tot_sp_time": 22.82819652557373, "tot_sp_heu1_time": 4.614157199859619, "tot_sp_heu2_time": 11.77853512763977, "tot_sp_exact_time": 6.426222801208496, "tot_num_sp_heu1": 24, "tot_num_sp_heu2": 15, "tot_num_sp_exact": 3, "tot_sp1_time": 63.35011625289917, "tot_sp2_time": 23.388177394866943, "tot_heu_time": 0.023937702178955078, "raw_solution": [[[1.0, [0, 10, 1, 26], [[[10, 7], 0], [[10, 19], 1], [[10, 11], 0], [[10, 20], 1], [[1, 3], 0], [[1, 9], 1]]], [1.0, [0, 21, 22, 23, 4, 12, 26], [[[4, 24], 0], [[4, 25], 1]]], [1.0, [0, 6, 5, 16, 14, 13, 26], [[[5, 18], 0], [[5, 17], 1], [[16, 8], 0], [[16, 15], 1], [[13, 2], 0]]]], [[1.0, [1, 3]], [1.0, [1, 9]], [1.0, [4, 24]], [1.0, [4, 25]], [1.0, [5, 17]], [1.0, [5, 18]], [1.0, [10, 7]], [1.0, [10, 11]], [1.0, [10, 19]], [1.0, [10, 20]], [1.0, [13, 2]], [1.0, [16, 8]], [1.0, [16, 15]]]], "solution": [[[0, 10, 1, 26], [[[10, 7], [10, 11], [1, 3]], [[10, 19], [10, 20], [1, 9]]]], [[0, 21, 22, 23, 4, 12, 26], [[[4, 24]], [[4, 25]]]], [[0, 6, 5, 16, 14, 13, 26], [[[5, 18], [16, 8], [13, 2]], [[5, 17], [16, 15]]]]], "num_bnb_nodes": 1, "num_bnb_remaining_nodes": 0, "tot_num_gen_cols": 546, "tot_num_labels": 452604, "termination_status": "Optimal"}