{"problem": {"name": "R104", "datafile": "problems/solomon/25/R104.txt", "num_cust_nodes": 25, "num_tot_nodes": 27, "Gamma": 2, "t_range": 0.25, "Delta": 0, "d_range": 0.25, "num_drones": 2, "drone_time_multiplier": 0.25, "drone_cost_multiplier": 0.25, "flight_limit": 25, "demand_ratio": 0.75}, "timelimit": 3600, "num_cpus": 4, "alg": "BnP", "root_LP": 31970.0, "tot_cg_iterations": 27, "global_lb": 31970.0, "time": 19.26129651069641, "obj": 32061.0, "tot_mp_time": 0.0398554801940918, "tot_sp_time": 19.11055588722229, "tot_sp_heu1_time": 5.0491557121276855, "tot_sp_heu2_time": 7.130159139633179, "tot_sp_exact_time": 6.922327995300293, "tot_num_sp_heu1": 27, "tot_num_sp_heu2": 19, "tot_num_sp_exact": 7, "tot_sp1_time": 58.41168665885925, "tot_sp2_time": 13.542628526687622, "tot_heu_time": 0.05561184883117676, "raw_solution": [[[1.0, [0, 6, 5, 16, 14, 13, 26], [[[5, 18], 0], [[5, 17], 1], [[16, 8], 0], [[16, 15], 1], [[13, 2], 0]]], [1.0, [0, 10, 1, 26], [[[10, 7], 0], [[10, 19], 1], [[10, 11], 0], [[10, 20], 1], [[1, 9], 0]]], [1.0, [0, 12, 23, 4, 21, 26], [[[12, 3], 0], [[12, 24], 1], [[23, 22], 0], [[4, 25], 0]]]], [[1.0, [1, 9]], [1.0, [4, 25]], [1.0, [5, 17]], [1.0, [5, 18]], [1.0, [10, 7]], [1.0, [10, 11]], [1.0, [10, 19]], [1.0, [10, 20]], [1.0, [12, 3]], [1.0, [12, 24]], [1.0, [13, 2]], [1.0, [16, 8]], [1.0, [16, 15]], [1.0, [23, 22]]]], "solution": [[[0, 6, 5, 16, 14, 13, 26], [[[5, 18], [16, 8], [13, 2]], [[5, 17], [16, 15]]]], [[0, 10, 1, 26], [[[10, 7], [10, 11], [1, 9]], [[10, 19], [10, 20]]]], [[0, 12, 23, 4, 21, 26], [[[12, 3], [23, 22], [4, 25]], [[12, 24]]]]], "num_bnb_nodes": 3, "num_bnb_remaining_nodes": 0, "tot_num_gen_cols": 361, "tot_num_labels": 317562, "termination_status": "Optimal"}