{"problem": {"name": "R104", "datafile": "problems/solomon/25/R104.txt", "num_cust_nodes": 25, "num_tot_nodes": 27, "Gamma": 2, "t_range": 0.25, "Delta": 2, "d_range": 0.25, "num_drones": 2, "drone_time_multiplier": 0.25, "drone_cost_multiplier": 0.25, "flight_limit": 25, "demand_ratio": 0.75}, "timelimit": 3600, "num_cpus": 4, "alg": "BnP", "root_LP": 32057.0, "tot_cg_iterations": 23, "global_lb": 32057.0, "time": 38.94338941574097, "obj": 32148.0, "tot_mp_time": 0.024712800979614258, "tot_sp_time": 38.80006194114685, "tot_sp_heu1_time": 4.457635879516602, "tot_sp_heu2_time": 17.708827018737793, "tot_sp_exact_time": 16.62461280822754, "tot_num_sp_heu1": 23, "tot_num_sp_heu2": 15, "tot_num_sp_exact": 7, "tot_sp1_time": 53.6903657913208, "tot_sp2_time": 63.535340785980225, "tot_heu_time": 0.0580446720123291, "raw_solution": [[[1.0, [0, 7, 10, 1, 26], [[[7, 18], 0], [[7, 19], 1], [[10, 11], 0], [[10, 20], 1], [[1, 9], 0]]], [1.0, [0, 6, 5, 16, 14, 13, 26], [[[16, 8], 0], [[16, 15], 1], [[16, 17], 1], [[13, 2], 0]]], [1.0, [0, 12, 23, 4, 21, 26], [[[12, 3], 0], [[12, 24], 1], [[23, 22], 0], [[4, 25], 0]]]], [[1.0, [1, 9]], [1.0, [4, 25]], [1.0, [7, 18]], [1.0, [7, 19]], [1.0, [10, 11]], [1.0, [10, 20]], [1.0, [12, 3]], [1.0, [12, 24]], [1.0, [13, 2]], [1.0, [16, 8]], [1.0, [16, 15]], [1.0, [16, 17]], [1.0, [23, 22]]]], "solution": [[[0, 7, 10, 1, 26], [[[7, 18], [10, 11], [1, 9]], [[7, 19], [10, 20]]]], [[0, 6, 5, 16, 14, 13, 26], [[[16, 8], [13, 2]], [[16, 15], [16, 17]]]], [[0, 12, 23, 4, 21, 26], [[[12, 3], [23, 22], [4, 25]], [[12, 24]]]]], "num_bnb_nodes": 3, "num_bnb_remaining_nodes": 0, "tot_num_gen_cols": 414, "tot_num_labels": 406623, "termination_status": "Optimal"}