{"problem": {"name": "R104", "datafile": "problems/solomon/25/R104.txt", "num_cust_nodes": 25, "num_tot_nodes": 27, "Gamma": 2, "t_range": 0.25, "Delta": 2, "d_range": 0.25, "num_drones": 0, "drone_time_multiplier": 0.25, "drone_cost_multiplier": 0.25, "flight_limit": 25, "demand_ratio": 0.75}, "timelimit": 3600, "num_cpus": 4, "alg": "BnP", "root_LP": 43708.0, "tot_cg_iterations": 21, "global_lb": 43708.0, "time": 3.1595606803894043, "obj": 43708.0, "tot_mp_time": 0.03464961051940918, "tot_sp_time": 3.0903074741363525, "tot_sp_heu1_time": 2.0182454586029053, "tot_sp_heu2_time": 0.5505530834197998, "tot_sp_exact_time": 0.5183489322662354, "tot_num_sp_heu1": 21, "tot_num_sp_heu2": 4, "tot_num_sp_exact": 4, "tot_sp1_time": 11.541356801986694, "tot_sp2_time": 0.015630483627319336, "tot_heu_time": 0.009705781936645508, "raw_solution": [[[1.0, [0, 7, 19, 11, 10, 26], []], [1.0, [0, 21, 22, 23, 4, 25, 26], []], [1.0, [0, 1, 20, 9, 3, 24, 12, 26], []], [1.0, [0, 18, 8, 17, 5, 6, 26], []], [1.0, [0, 2, 15, 14, 16, 13, 26], []]], []], "solution": [[[0, 7, 19, 11, 10, 26], []], [[0, 21, 22, 23, 4, 25, 26], []], [[0, 1, 20, 9, 3, 24, 12, 26], []], [[0, 18, 8, 17, 5, 6, 26], []], [[0, 2, 15, 14, 16, 13, 26], []]], "num_bnb_nodes": 1, "num_bnb_remaining_nodes": 0, "tot_num_gen_cols": 395, "tot_num_labels": 430, "termination_status": "Optimal"}