{"problem": {"name": "R105", "datafile": "problems/solomon/25/R105.txt", "num_cust_nodes": 25, "num_tot_nodes": 27, "Gamma": 2, "t_range": 0.25, "Delta": 2, "d_range": 0.25, "num_drones": 0, "drone_time_multiplier": 0.25, "drone_cost_multiplier": 0.25, "flight_limit": 25, "demand_ratio": 0.75}, "timelimit": 3600, "num_cpus": 4, "alg": "BnP", "root_LP": 54323.5, "tot_cg_iterations": 39, "global_lb": 54832.666666666664, "time": 5.847254753112793, "obj": 54868.0, "tot_mp_time": 0.03374171257019043, "tot_sp_time": 5.663385391235352, "tot_sp_heu1_time": 2.737936019897461, "tot_sp_heu2_time": 1.4892830848693848, "tot_sp_exact_time": 1.4300622940063477, "tot_num_sp_heu1": 39, "tot_num_sp_heu2": 21, "tot_num_sp_exact": 21, "tot_sp1_time": 20.2270450592041, "tot_sp2_time": 0.029097557067871094, "tot_heu_time": 0.10463643074035645, "raw_solution": [[[1.0, [0, 12, 9, 3, 24, 25, 26], []], [1.0, [0, 5, 7, 18, 6, 26], []], [1.0, [0, 2, 15, 13, 26], []], [1.0, [0, 19, 11, 10, 20, 1, 26], []], [1.0, [0, 21, 23, 22, 4, 26], []], [1.0, [0, 14, 16, 8, 17, 26], []]], []], "solution": [[[0, 12, 9, 3, 24, 25, 26], []], [[0, 5, 7, 18, 6, 26], []], [[0, 2, 15, 13, 26], []], [[0, 19, 11, 10, 20, 1, 26], []], [[0, 21, 23, 22, 4, 26], []], [[0, 14, 16, 8, 17, 26], []]], "num_bnb_nodes": 11, "num_bnb_remaining_nodes": 0, "tot_num_gen_cols": 290, "tot_num_labels": 306, "termination_status": "Optimal"}