{"problem": {"name": "R105", "datafile": "problems/solomon/25/R105.txt", "num_cust_nodes": 25, "num_tot_nodes": 27, "Gamma": 1, "t_range": 0.25, "Delta": 1, "d_range": 0.25, "num_drones": 2, "drone_time_multiplier": 0.25, "drone_cost_multiplier": 0.25, "flight_limit": 25, "demand_ratio": 0.75}, "timelimit": 3600, "num_cpus": 4, "alg": "BnP", "root_LP": 34961.0, "tot_cg_iterations": 10, "global_lb": 34961.0, "time": 1.87396240234375, "obj": 34961.0, "tot_mp_time": 0.021491289138793945, "tot_sp_time": 1.8357486724853516, "tot_sp_heu1_time": 0.9057393074035645, "tot_sp_heu2_time": 0.7192497253417969, "tot_sp_exact_time": 0.20923686027526855, "tot_num_sp_heu1": 10, "tot_num_sp_heu2": 6, "tot_num_sp_exact": 2, "tot_sp1_time": 6.347263813018799, "tot_sp2_time": 0.1596221923828125, "tot_heu_time": 0.0069293975830078125, "raw_solution": [[[1.0, [0, 21, 23, 4, 26], [[[21, 2], 0], [[23, 22], 0], [[4, 24], 0], [[4, 25], 1]]], [1.0, [0, 5, 14, 16, 6, 13, 26], [[[14, 15], 0], [[6, 17], 0]]], [1.0, [0, 18, 26], [[[18, 6], 0], [[18, 11], 1], [[18, 7], 1], [[18, 19], 1], [[18, 8], 0], [[18, 17], 1]]], [1.0, [0, 12, 1, 26], [[[1, 3], 0], [[1, 9], 1], [[1, 20], 1], [[1, 10], 0]]]], [[1.0, [1, 3]], [1.0, [1, 9]], [1.0, [1, 10]], [1.0, [1, 20]], [1.0, [4, 24]], [1.0, [4, 25]], [1.0, [14, 15]], [1.0, [18, 7]], [1.0, [18, 8]], [1.0, [18, 11]], [1.0, [18, 17]], [1.0, [18, 19]], [1.0, [21, 2]], [1.0, [23, 22]]]], "solution": [[[0, 21, 23, 4, 26], [[[21, 2], [23, 22], [4, 24]], [[4, 25]]]], [[0, 5, 14, 16, 6, 13, 26], [[[14, 15]], []]], [[0, 18, 26], [[[18, 8]], [[18, 11], [18, 7], [18, 19], [18, 17]]]], [[0, 12, 1, 26], [[[1, 3], [1, 10]], [[1, 9], [1, 20]]]]], "num_bnb_nodes": 1, "num_bnb_remaining_nodes": 0, "tot_num_gen_cols": 116, "tot_num_labels": 604, "termination_status": "Optimal"}