{"problem": {"name": "R106", "datafile": "problems/solomon/25/R106.txt", "num_cust_nodes": 25, "num_tot_nodes": 27, "Gamma": 1, "t_range": 0.25, "Delta": 1, "d_range": 0.25, "num_drones": 2, "drone_time_multiplier": 0.25, "drone_cost_multiplier": 0.25, "flight_limit": 25, "demand_ratio": 0.75}, "timelimit": 3600, "num_cpus": 4, "alg": "BnP", "root_LP": 32494.0, "tot_cg_iterations": 14, "global_lb": 32494.0, "time": 3.7724056243896484, "obj": 32494.0, "tot_mp_time": 0.030297040939331055, "tot_sp_time": 3.709503412246704, "tot_sp_heu1_time": 2.26387357711792, "tot_sp_heu2_time": 1.0263221263885498, "tot_sp_exact_time": 0.41645097732543945, "tot_num_sp_heu1": 14, "tot_num_sp_heu2": 7, "tot_num_sp_exact": 2, "tot_sp1_time": 12.378982543945312, "tot_sp2_time": 1.4808270931243896, "tot_heu_time": 0.010154247283935547, "raw_solution": [[[1.0, [0, 7, 1, 26], [[[7, 11], 0], [[7, 19], 1], [[1, 9], 0], [[1, 20], 1], [[1, 10], 0]]], [1.0, [0, 14, 16, 5, 6, 13, 26], [[[5, 8], 0], [[5, 18], 1], [[6, 17], 0], [[13, 2], 0]]], [1.0, [0, 21, 23, 4, 12, 26], [[[23, 15], 0], [[23, 22], 1], [[4, 24], 0], [[4, 25], 1], [[12, 3], 0]]]], [[1.0, [1, 9]], [1.0, [1, 10]], [1.0, [1, 20]], [1.0, [4, 24]], [1.0, [4, 25]], [1.0, [5, 8]], [1.0, [5, 18]], [1.0, [6, 17]], [1.0, [7, 11]], [1.0, [7, 19]], [1.0, [12, 3]], [1.0, [13, 2]], [1.0, [23, 15]], [1.0, [23, 22]]]], "solution": [[[0, 7, 1, 26], [[[7, 11], [1, 9], [1, 10]], [[7, 19], [1, 20]]]], [[0, 14, 16, 5, 6, 13, 26], [[[5, 8], [6, 17], [13, 2]], [[5, 18]]]], [[0, 21, 23, 4, 12, 26], [[[23, 15], [4, 24], [12, 3]], [[23, 22], [4, 25]]]]], "num_bnb_nodes": 1, "num_bnb_remaining_nodes": 0, "tot_num_gen_cols": 249, "tot_num_labels": 18003, "termination_status": "Optimal"}