{"problem": {"name": "R106", "datafile": "problems/solomon/25/R106.txt", "num_cust_nodes": 25, "num_tot_nodes": 27, "Gamma": 2, "t_range": 0.25, "Delta": 2, "d_range": 0.25, "num_drones": 1, "drone_time_multiplier": 0.25, "drone_cost_multiplier": 0.25, "flight_limit": 25, "demand_ratio": 0.75}, "timelimit": 3600, "num_cpus": 4, "alg": "BnP", "root_LP": 33270.0, "tot_cg_iterations": 37, "global_lb": 33573.666666666664, "time": 14.798242330551147, "obj": 33677.0, "tot_mp_time": 0.02350163459777832, "tot_sp_time": 14.62218189239502, "tot_sp_heu1_time": 5.468533754348755, "tot_sp_heu2_time": 6.158112525939941, "tot_sp_exact_time": 2.9862611293792725, "tot_num_sp_heu1": 37, "tot_num_sp_heu2": 32, "tot_num_sp_exact": 13, "tot_sp1_time": 41.52251672744751, "tot_sp2_time": 10.153107643127441, "tot_heu_time": 0.1059420108795166, "raw_solution": [[[1.0, [0, 1, 26], [[[1, 3], 0], [[1, 9], 0], [[1, 10], 0], [[1, 20], 0]]], [1.0, [0, 14, 16, 5, 26], [[[14, 15], 0], [[5, 8], 0], [[5, 17], 0]]], [1.0, [0, 21, 23, 4, 12, 26], [[[23, 22], 0], [[4, 24], 0], [[4, 25], 0]]], [1.0000000000000002, [0, 18, 6, 13, 26], [[[18, 7], 0], [[18, 11], 0], [[18, 19], 0], [[6, 17], 0], [[13, 2], 0]]]], [[1.0, [1, 3]], [1.0, [1, 9]], [1.0, [1, 10]], [1.0, [1, 20]], [1.0, [4, 24]], [1.0, [4, 25]], [1.0, [5, 8]], [1.0, [5, 17]], [1.0, [13, 2]], [1.0, [14, 15]], [1.0000000000000002, [18, 7]], [1.0, [18, 11]], [1.0, [18, 19]], [1.0, [23, 22]]]], "solution": [[[0, 1, 26], [[[1, 3], [1, 9], [1, 10], [1, 20]]]], [[0, 14, 16, 5, 26], [[[14, 15], [5, 8], [5, 17]]]], [[0, 21, 23, 4, 12, 26], [[[23, 22], [4, 24], [4, 25]]]], [[0, 18, 6, 13, 26], [[[18, 7], [18, 11], [18, 19], [13, 2]]]]], "num_bnb_nodes": 7, "num_bnb_remaining_nodes": 0, "tot_num_gen_cols": 469, "tot_num_labels": 65962, "termination_status": "Optimal"}