{"problem": {"name": "R106", "datafile": "problems/solomon/25/R106.txt", "num_cust_nodes": 25, "num_tot_nodes": 27, "Gamma": 2, "t_range": 0.25, "Delta": 2, "d_range": 0.25, "num_drones": 2, "drone_time_multiplier": 0.25, "drone_cost_multiplier": 0.25, "flight_limit": 25, "demand_ratio": 0.75}, "timelimit": 3600, "num_cpus": 4, "alg": "BnP", "root_LP": 32745.333333333332, "tot_cg_iterations": 50, "global_lb": 33239.333333333336, "time": 21.99233341217041, "obj": 33334.0, "tot_mp_time": 0.04117894172668457, "tot_sp_time": 21.73026180267334, "tot_sp_heu1_time": 7.927151918411255, "tot_sp_heu2_time": 10.118876218795776, "tot_sp_exact_time": 3.6715972423553467, "tot_num_sp_heu1": 50, "tot_num_sp_heu2": 44, "tot_num_sp_exact": 15, "tot_sp1_time": 56.59150266647339, "tot_sp2_time": 16.194305896759033, "tot_heu_time": 0.135894775390625, "raw_solution": [[[1.0, [0, 1, 26], [[[1, 9], 0], [[1, 10], 1], [[1, 20], 0]]], [1.0, [0, 14, 16, 5, 26], [[[14, 15], 0], [[5, 6], 0], [[5, 8], 1], [[5, 17], 0]]], [1.0, [0, 18, 6, 13, 26], [[[18, 7], 0], [[18, 8], 1], [[18, 11], 0], [[18, 19], 0], [[6, 17], 0], [[13, 2], 0]]], [1.0, [0, 21, 23, 4, 12, 26], [[[23, 22], 0], [[4, 24], 0], [[4, 25], 1], [[12, 3], 0]]]], [[1.0, [1, 9]], [1.0, [1, 10]], [1.0, [1, 20]], [1.0, [4, 24]], [1.0, [4, 25]], [1.0, [5, 17]], [1.0, [12, 3]], [1.0, [13, 2]], [1.0, [14, 15]], [1.0, [18, 7]], [1.0, [18, 8]], [1.0, [18, 11]], [1.0, [18, 19]], [1.0, [23, 22]]]], "solution": [[[0, 1, 26], [[[1, 9], [1, 20]], [[1, 10]]]], [[0, 14, 16, 5, 26], [[[14, 15], [5, 17]], []]], [[0, 18, 6, 13, 26], [[[18, 7], [18, 11], [18, 19], [13, 2]], [[18, 8]]]], [[0, 21, 23, 4, 12, 26], [[[23, 22], [4, 24], [12, 3]], [[4, 25]]]]], "num_bnb_nodes": 9, "num_bnb_remaining_nodes": 0, "tot_num_gen_cols": 473, "tot_num_labels": 80660, "termination_status": "Optimal"}