{"problem": {"name": "R106", "datafile": "problems/solomon/25/R106.txt", "num_cust_nodes": 25, "num_tot_nodes": 27, "Gamma": 2, "t_range": 0.25, "Delta": 2, "d_range": 0.25, "num_drones": 3, "drone_time_multiplier": 0.25, "drone_cost_multiplier": 0.25, "flight_limit": 25, "demand_ratio": 0.75}, "timelimit": 3600, "num_cpus": 4, "alg": "BnP", "root_LP": 32745.333333333332, "tot_cg_iterations": 30, "global_lb": 32982.5, "time": 12.594060897827148, "obj": 33074.0, "tot_mp_time": 0.024339675903320312, "tot_sp_time": 12.42889952659607, "tot_sp_heu1_time": 5.043876647949219, "tot_sp_heu2_time": 5.235246896743774, "tot_sp_exact_time": 2.142825126647949, "tot_num_sp_heu1": 30, "tot_num_sp_heu2": 25, "tot_num_sp_exact": 10, "tot_sp1_time": 36.24666881561279, "tot_sp2_time": 7.557718515396118, "tot_heu_time": 0.09199285507202148, "raw_solution": [[[1.0, [0, 21, 23, 4, 12, 26], [[[23, 22], 0], [[4, 24], 0], [[4, 25], 1], [[12, 3], 0]]], [1.0, [0, 14, 16, 5, 13, 26], [[[14, 15], 0], [[5, 6], 0], [[5, 8], 1], [[5, 18], 2], [[13, 2], 0]]], [1.0, [0, 1, 10, 7, 26], [[[10, 9], 0], [[10, 11], 1], [[10, 19], 2], [[10, 20], 1], [[7, 17], 0]]]], [[1.0, [4, 24]], [1.0, [4, 25]], [1.0, [5, 6]], [1.0, [5, 8]], [1.0, [5, 18]], [1.0, [7, 17]], [1.0, [10, 9]], [1.0, [10, 11]], [1.0, [10, 19]], [1.0, [10, 20]], [1.0, [12, 3]], [1.0, [13, 2]], [1.0, [14, 15]], [1.0, [23, 22]]]], "solution": [[[0, 21, 23, 4, 12, 26], [[[23, 22], [4, 24], [12, 3]], [[4, 25]], []]], [[0, 14, 16, 5, 13, 26], [[[14, 15], [5, 6], [13, 2]], [[5, 8]], [[5, 18]]]], [[0, 1, 10, 7, 26], [[[10, 9], [7, 17]], [[10, 11], [10, 20]], [[10, 19]]]]], "num_bnb_nodes": 7, "num_bnb_remaining_nodes": 0, "tot_num_gen_cols": 330, "tot_num_labels": 46791, "termination_status": "Optimal"}