{"problem": {"name": "R106", "datafile": "problems/solomon/25/R106.txt", "num_cust_nodes": 25, "num_tot_nodes": 27, "Gamma": 2, "t_range": 0.25, "Delta": 2, "d_range": 0.25, "num_drones": 0, "drone_time_multiplier": 0.25, "drone_cost_multiplier": 0.25, "flight_limit": 25, "demand_ratio": 0.75}, "timelimit": 3600, "num_cpus": 4, "alg": "BnP", "root_LP": 49062.83333333333, "tot_cg_iterations": 85, "global_lb": 49964.0, "time": 18.14008855819702, "obj": 49964.0, "tot_mp_time": 0.060582637786865234, "tot_sp_time": 17.56073760986328, "tot_sp_heu1_time": 8.42337942123413, "tot_sp_heu2_time": 4.581809997558594, "tot_sp_exact_time": 4.542957782745361, "tot_num_sp_heu1": 85, "tot_num_sp_heu2": 47, "tot_num_sp_exact": 47, "tot_sp1_time": 63.8857696056366, "tot_sp2_time": 0.08761763572692871, "tot_heu_time": 0.3905355930328369, "raw_solution": [[[1.0, [0, 18, 8, 17, 5, 26], []], [1.0, [0, 7, 19, 11, 10, 20, 1, 26], []], [1.0, [0, 9, 3, 24, 12, 26], []], [1.0, [0, 14, 16, 6, 26], []], [1.0, [0, 21, 23, 22, 4, 25, 26], []], [1.0, [0, 2, 15, 13, 26], []]], []], "solution": [[[0, 18, 8, 17, 5, 26], []], [[0, 7, 19, 11, 10, 20, 1, 26], []], [[0, 9, 3, 24, 12, 26], []], [[0, 14, 16, 6, 26], []], [[0, 21, 23, 22, 4, 25, 26], []], [[0, 2, 15, 13, 26], []]], "num_bnb_nodes": 37, "num_bnb_remaining_nodes": 0, "tot_num_gen_cols": 470, "tot_num_labels": 509, "termination_status": "Optimal"}