{"problem": {"name": "R106", "datafile": "problems/solomon/25/R106.txt", "num_cust_nodes": 25, "num_tot_nodes": 27, "Gamma": 0, "t_range": 0.25, "Delta": 2, "d_range": 0.25, "num_drones": 2, "drone_time_multiplier": 0.25, "drone_cost_multiplier": 0.25, "flight_limit": 25, "demand_ratio": 0.75}, "timelimit": 3600, "num_cpus": 4, "alg": "BnP", "root_LP": 31849.0, "tot_cg_iterations": 17, "global_lb": 31849.0, "time": 5.570666551589966, "obj": 31849.0, "tot_mp_time": 0.05890464782714844, "tot_sp_time": 5.460018157958984, "tot_sp_heu1_time": 2.9245212078094482, "tot_sp_heu2_time": 2.025001049041748, "tot_sp_exact_time": 0.5052554607391357, "tot_num_sp_heu1": 17, "tot_num_sp_heu2": 11, "tot_num_sp_exact": 2, "tot_sp1_time": 19.15977382659912, "tot_sp2_time": 1.3938653469085693, "tot_heu_time": 0.012565374374389648, "raw_solution": [[[1.0, [0, 7, 1, 26], [[[7, 11], 0], [[7, 18], 1], [[7, 19], 0], [[1, 9], 0], [[1, 10], 1], [[1, 20], 1]]], [1.0, [0, 21, 23, 4, 12, 26], [[[23, 22], 0], [[4, 24], 0], [[4, 25], 1], [[12, 3], 0]]], [1.0, [0, 14, 16, 5, 13, 26], [[[14, 15], 0], [[5, 8], 0], [[5, 6], 1], [[5, 17], 1], [[13, 2], 0]]]], [[1.0, [1, 9]], [1.0, [1, 10]], [1.0, [1, 20]], [1.0, [4, 24]], [1.0, [4, 25]], [1.0, [5, 6]], [1.0, [5, 8]], [1.0, [5, 17]], [1.0, [7, 11]], [1.0, [7, 18]], [1.0, [7, 19]], [1.0, [12, 3]], [1.0, [13, 2]], [1.0, [14, 15]], [1.0, [23, 22]]]], "solution": [[[0, 7, 1, 26], [[[7, 11], [7, 19], [1, 9]], [[7, 18], [1, 10], [1, 20]]]], [[0, 21, 23, 4, 12, 26], [[[23, 22], [4, 24], [12, 3]], [[4, 25]]]], [[0, 14, 16, 5, 13, 26], [[[14, 15], [5, 8], [13, 2]], [[5, 6], [5, 17]]]]], "num_bnb_nodes": 1, "num_bnb_remaining_nodes": 0, "tot_num_gen_cols": 296, "tot_num_labels": 29814, "termination_status": "Optimal"}