{"problem": {"name": "R106", "datafile": "problems/solomon/25/R106.txt", "num_cust_nodes": 25, "num_tot_nodes": 27, "Gamma": 2, "t_range": 0.25, "Delta": 1, "d_range": 0.25, "num_drones": 2, "drone_time_multiplier": 0.25, "drone_cost_multiplier": 0.25, "flight_limit": 25, "demand_ratio": 0.75}, "timelimit": 3600, "num_cpus": 4, "alg": "BnP", "root_LP": 32745.333333333332, "tot_cg_iterations": 43, "global_lb": 33239.333333333336, "time": 18.009205102920532, "obj": 33334.0, "tot_mp_time": 0.03232717514038086, "tot_sp_time": 17.726601600646973, "tot_sp_heu1_time": 7.121385812759399, "tot_sp_heu2_time": 7.008934736251831, "tot_sp_exact_time": 3.586923837661743, "tot_num_sp_heu1": 43, "tot_num_sp_heu2": 38, "tot_num_sp_exact": 17, "tot_sp1_time": 55.70279812812805, "tot_sp2_time": 8.665745735168457, "tot_heu_time": 0.16196751594543457, "raw_solution": [[[1.0, [0, 1, 26], [[[1, 9], 0], [[1, 10], 1], [[1, 20], 0]]], [1.0, [0, 14, 16, 5, 26], [[[14, 15], 0], [[5, 8], 0], [[5, 6], 1], [[5, 17], 1]]], [1.0, [0, 21, 23, 4, 12, 26], [[[23, 22], 0], [[4, 24], 0], [[4, 25], 1], [[12, 3], 0]]], [1.0, [0, 18, 6, 13, 26], [[[18, 7], 0], [[18, 8], 1], [[18, 11], 0], [[18, 19], 0], [[6, 17], 0], [[13, 2], 0]]]], [[1.0, [1, 9]], [1.0, [1, 10]], [1.0, [1, 20]], [1.0, [4, 24]], [1.0, [4, 25]], [1.0, [5, 17]], [1.0, [12, 3]], [1.0, [13, 2]], [1.0, [14, 15]], [1.0, [18, 7]], [1.0, [18, 8]], [1.0, [18, 11]], [1.0, [18, 19]], [1.0, [23, 22]]]], "solution": [[[0, 1, 26], [[[1, 9], [1, 20]], [[1, 10]]]], [[0, 14, 16, 5, 26], [[[14, 15]], [[5, 17]]]], [[0, 21, 23, 4, 12, 26], [[[23, 22], [4, 24], [12, 3]], [[4, 25]]]], [[0, 18, 6, 13, 26], [[[18, 7], [18, 11], [18, 19], [13, 2]], [[18, 8]]]]], "num_bnb_nodes": 11, "num_bnb_remaining_nodes": 0, "tot_num_gen_cols": 348, "tot_num_labels": 58386, "termination_status": "Optimal"}