{"problem": {"name": "R107", "datafile": "problems/solomon/25/R107.txt", "num_cust_nodes": 25, "num_tot_nodes": 27, "Gamma": 2, "t_range": 0.25, "Delta": 2, "d_range": 0.25, "num_drones": 0, "drone_time_multiplier": 0.25, "drone_cost_multiplier": 0.25, "flight_limit": 25, "demand_ratio": 0.75}, "timelimit": 3600, "num_cpus": 4, "alg": "BnP", "root_LP": 43177.0, "tot_cg_iterations": 21, "global_lb": 43177.0, "time": 2.8455393314361572, "obj": 43177.0, "tot_mp_time": 0.028447866439819336, "tot_sp_time": 2.788546562194824, "tot_sp_heu1_time": 2.057009220123291, "tot_sp_heu2_time": 0.37191033363342285, "tot_sp_exact_time": 0.3558013439178467, "tot_num_sp_heu1": 21, "tot_num_sp_heu2": 3, "tot_num_sp_exact": 3, "tot_sp1_time": 10.4723801612854, "tot_sp2_time": 0.01365804672241211, "tot_heu_time": 0.008676290512084961, "raw_solution": [[[1.0, [0, 18, 7, 11, 19, 8, 17, 16, 5, 26], []], [1.0, [0, 2, 15, 14, 6, 13, 26], []], [1.0, [0, 12, 24, 3, 9, 20, 10, 1, 26], []], [1.0, [0, 21, 23, 22, 4, 25, 26], []]], []], "solution": [[[0, 18, 7, 11, 19, 8, 17, 16, 5, 26], []], [[0, 2, 15, 14, 6, 13, 26], []], [[0, 12, 24, 3, 9, 20, 10, 1, 26], []], [[0, 21, 23, 22, 4, 25, 26], []]], "num_bnb_nodes": 1, "num_bnb_remaining_nodes": 0, "tot_num_gen_cols": 367, "tot_num_labels": 402, "termination_status": "Optimal"}