{"problem": {"name": "R107", "datafile": "problems/solomon/25/R107.txt", "num_cust_nodes": 25, "num_tot_nodes": 27, "Gamma": 0, "t_range": 0.25, "Delta": 2, "d_range": 0.25, "num_drones": 2, "drone_time_multiplier": 0.25, "drone_cost_multiplier": 0.25, "flight_limit": 25, "demand_ratio": 0.75}, "timelimit": 3600, "num_cpus": 4, "alg": "BnP", "root_LP": 31280.0, "tot_cg_iterations": 53, "global_lb": 31404.5, "time": 52.97129940986633, "obj": 31657.0, "tot_mp_time": 0.0902547836303711, "tot_sp_time": 52.553017139434814, "tot_sp_heu1_time": 10.495829343795776, "tot_sp_heu2_time": 28.029959678649902, "tot_sp_exact_time": 14.001288890838623, "tot_num_sp_heu1": 53, "tot_num_sp_heu2": 42, "tot_num_sp_exact": 11, "tot_sp1_time": 150.33109641075134, "tot_sp2_time": 47.284297943115234, "tot_heu_time": 0.1786494255065918, "raw_solution": [[[1.0, [0, 14, 16, 5, 13, 26], [[[14, 15], 0], [[5, 17], 0], [[5, 8], 1], [[5, 6], 1], [[13, 2], 0]]], [1.0, [0, 21, 23, 4, 12, 26], [[[21, 2], 0], [[21, 15], 1], [[23, 22], 0], [[4, 25], 0], [[12, 3], 0], [[12, 24], 1]]], [1.0, [0, 18, 7, 1, 26], [[[7, 11], 0], [[7, 19], 1], [[1, 3], 0], [[1, 20], 1], [[1, 9], 0], [[1, 10], 1]]]], [[1.0, [1, 9]], [1.0, [1, 10]], [1.0, [1, 20]], [1.0, [4, 25]], [1.0, [5, 6]], [1.0, [5, 8]], [1.0, [5, 17]], [1.0, [7, 11]], [1.0, [7, 19]], [1.0, [12, 3]], [1.0, [12, 24]], [1.0, [13, 2]], [1.0, [14, 15]], [1.0, [23, 22]]]], "solution": [[[0, 14, 16, 5, 13, 26], [[[14, 15], [5, 17], [13, 2]], [[5, 8], [5, 6]]]], [[0, 21, 23, 4, 12, 26], [[[23, 22], [4, 25], [12, 3]], [[12, 24]]]], [[0, 18, 7, 1, 26], [[[7, 11], [1, 9]], [[7, 19], [1, 20], [1, 10]]]]], "num_bnb_nodes": 5, "num_bnb_remaining_nodes": 0, "tot_num_gen_cols": 795, "tot_num_labels": 1182799, "termination_status": "Optimal"}