{"problem": {"name": "R107", "datafile": "problems/solomon/25/R107.txt", "num_cust_nodes": 25, "num_tot_nodes": 27, "Gamma": 0, "t_range": 0.25, "Delta": 1, "d_range": 0.25, "num_drones": 2, "drone_time_multiplier": 0.25, "drone_cost_multiplier": 0.25, "flight_limit": 25, "demand_ratio": 0.75}, "timelimit": 3600, "num_cpus": 4, "alg": "BnP", "root_LP": 31280.0, "tot_cg_iterations": 44, "global_lb": 31404.5, "time": 48.0525267124176, "obj": 31657.0, "tot_mp_time": 0.06171274185180664, "tot_sp_time": 47.72010684013367, "tot_sp_heu1_time": 8.536970853805542, "tot_sp_heu2_time": 25.392696857452393, "tot_sp_exact_time": 13.770218133926392, "tot_num_sp_heu1": 44, "tot_num_sp_heu2": 33, "tot_num_sp_exact": 11, "tot_sp1_time": 133.58047699928284, "tot_sp2_time": 44.45727181434631, "tot_heu_time": 0.15776824951171875, "raw_solution": [[[1.0, [0, 21, 23, 4, 12, 26], [[[21, 2], 0], [[23, 22], 0], [[4, 25], 0], [[12, 3], 0], [[12, 24], 1]]], [1.0, [0, 18, 7, 1, 26], [[[7, 11], 0], [[7, 19], 1], [[1, 9], 0], [[1, 20], 1], [[1, 10], 1]]], [1.0, [0, 14, 16, 5, 13, 26], [[[14, 15], 0], [[5, 6], 0], [[5, 8], 1], [[5, 17], 0], [[13, 2], 0]]]], [[1.0, [1, 9]], [1.0, [1, 10]], [1.0, [1, 20]], [1.0, [4, 25]], [1.0, [5, 6]], [1.0, [5, 8]], [1.0, [5, 17]], [1.0, [7, 11]], [1.0, [7, 19]], [1.0, [12, 3]], [1.0, [12, 24]], [1.0, [13, 2]], [1.0, [14, 15]], [1.0, [23, 22]]]], "solution": [[[0, 21, 23, 4, 12, 26], [[[23, 22], [4, 25], [12, 3]], [[12, 24]]]], [[0, 18, 7, 1, 26], [[[7, 11], [1, 9]], [[7, 19], [1, 20], [1, 10]]]], [[0, 14, 16, 5, 13, 26], [[[14, 15], [5, 6], [5, 17], [13, 2]], [[5, 8]]]]], "num_bnb_nodes": 5, "num_bnb_remaining_nodes": 0, "tot_num_gen_cols": 673, "tot_num_labels": 1096379, "termination_status": "Optimal"}