{"problem": {"name": "R108", "datafile": "problems/solomon/25/R108.txt", "num_cust_nodes": 25, "num_tot_nodes": 27, "Gamma": 2, "t_range": 0.25, "Delta": 2, "d_range": 0.25, "num_drones": 0, "drone_time_multiplier": 0.25, "drone_cost_multiplier": 0.25, "flight_limit": 25, "demand_ratio": 0.75}, "timelimit": 3600, "num_cpus": 4, "alg": "BnP", "root_LP": 41066.5, "tot_cg_iterations": 57, "global_lb": 41198.0, "time": 13.431914806365967, "obj": 41199.0, "tot_mp_time": 0.0360260009765625, "tot_sp_time": 13.177661895751953, "tot_sp_heu1_time": 6.733546733856201, "tot_sp_heu2_time": 3.1070618629455566, "tot_sp_exact_time": 3.3276424407958984, "tot_num_sp_heu1": 57, "tot_num_sp_heu2": 25, "tot_num_sp_exact": 25, "tot_sp1_time": 48.53279638290405, "tot_sp2_time": 0.06337141990661621, "tot_heu_time": 0.14254403114318848, "raw_solution": [[[1.0, [0, 1, 20, 9, 3, 24, 12, 26], []], [1.0, [0, 2, 15, 14, 16, 17, 5, 13, 26], []], [1.0, [0, 21, 22, 23, 4, 25, 26], []], [1.0, [0, 10, 11, 19, 8, 7, 18, 6, 26], []]], []], "solution": [[[0, 1, 20, 9, 3, 24, 12, 26], []], [[0, 2, 15, 14, 16, 17, 5, 13, 26], []], [[0, 21, 22, 23, 4, 25, 26], []], [[0, 10, 11, 19, 8, 7, 18, 6, 26], []]], "num_bnb_nodes": 11, "num_bnb_remaining_nodes": 0, "tot_num_gen_cols": 541, "tot_num_labels": 614, "termination_status": "Optimal"}