{"problem": {"name": "R108", "datafile": "problems/solomon/25/R108.txt", "num_cust_nodes": 25, "num_tot_nodes": 27, "Gamma": 2, "t_range": 0.25, "Delta": 0, "d_range": 0.25, "num_drones": 2, "drone_time_multiplier": 0.25, "drone_cost_multiplier": 0.25, "flight_limit": 25, "demand_ratio": 0.75}, "timelimit": 3600, "num_cpus": 4, "alg": "BnP", "root_LP": 29768.0, "tot_cg_iterations": 23, "global_lb": 29768.0, "time": 13.701377868652344, "obj": 29768.0, "tot_mp_time": 0.06635522842407227, "tot_sp_time": 13.554793119430542, "tot_sp_heu1_time": 3.8765978813171387, "tot_sp_heu2_time": 6.496167898178101, "tot_sp_exact_time": 3.1752994060516357, "tot_num_sp_heu1": 23, "tot_num_sp_heu2": 14, "tot_num_sp_exact": 3, "tot_sp1_time": 41.467105865478516, "tot_sp2_time": 9.60002326965332, "tot_heu_time": 0.022035837173461914, "raw_solution": [[[1.0, [0, 1, 26], [[[1, 6], 0], [[1, 9], 1], [[1, 10], 0], [[1, 20], 0]]], [1.0, [0, 21, 22, 23, 4, 12, 26], [[[22, 15], 0], [[4, 24], 0], [[4, 25], 1], [[12, 3], 0]]], [1.0, [0, 18, 5, 16, 14, 13, 26], [[[18, 7], 0], [[18, 11], 1], [[18, 19], 0], [[5, 8], 0], [[5, 17], 1], [[13, 6], 0], [[13, 2], 1]]]], [[1.0, [1, 9]], [1.0, [1, 10]], [1.0, [1, 20]], [1.0, [4, 24]], [1.0, [4, 25]], [1.0, [5, 8]], [1.0, [5, 17]], [1.0, [12, 3]], [1.0, [13, 2]], [1.0, [13, 6]], [1.0, [18, 7]], [1.0, [18, 11]], [1.0, [18, 19]], [1.0, [22, 15]]]], "solution": [[[0, 1, 26], [[[1, 10], [1, 20]], [[1, 9]]]], [[0, 21, 22, 23, 4, 12, 26], [[[22, 15], [4, 24], [12, 3]], [[4, 25]]]], [[0, 18, 5, 16, 14, 13, 26], [[[18, 7], [18, 19], [5, 8], [13, 6]], [[18, 11], [5, 17], [13, 2]]]]], "num_bnb_nodes": 1, "num_bnb_remaining_nodes": 0, "tot_num_gen_cols": 572, "tot_num_labels": 327444, "termination_status": "Optimal"}