{"problem": {"name": "R109", "datafile": "problems/solomon/25/R109.txt", "num_cust_nodes": 25, "num_tot_nodes": 27, "Gamma": 2, "t_range": 0.25, "Delta": 2, "d_range": 0.25, "num_drones": 1, "drone_time_multiplier": 0.25, "drone_cost_multiplier": 0.25, "flight_limit": 25, "demand_ratio": 0.75}, "timelimit": 3600, "num_cpus": 4, "alg": "BnP", "root_LP": 33767.333333333336, "tot_cg_iterations": 35, "global_lb": 33795.333333333336, "time": 11.055856227874756, "obj": 33800.0, "tot_mp_time": 0.07075881958007812, "tot_sp_time": 10.868742942810059, "tot_sp_heu1_time": 4.731362581253052, "tot_sp_heu2_time": 4.517425298690796, "tot_sp_exact_time": 1.6110782623291016, "tot_num_sp_heu1": 35, "tot_num_sp_heu2": 28, "tot_num_sp_exact": 9, "tot_sp1_time": 33.48437452316284, "tot_sp2_time": 5.5445215702056885, "tot_heu_time": 0.0673060417175293, "raw_solution": [[[1.0, [0, 5, 16, 14, 13, 26], [[[14, 15], 0], [[13, 6], 0]]], [1.0, [0, 12, 1, 26], [[[1, 9], 0], [[1, 3], 0], [[1, 10], 0], [[1, 20], 0]]], [1.0, [0, 18, 26], [[[18, 11], 0], [[18, 19], 0], [[18, 6], 0], [[18, 7], 0], [[18, 8], 0], [[18, 10], 0], [[18, 17], 0]]], [1.0, [0, 21, 22, 23, 4, 26], [[[21, 2], 0], [[4, 24], 0], [[4, 25], 0]]]], [[1.0, [1, 3]], [1.0, [1, 9]], [1.0, [1, 10]], [1.0, [1, 20]], [1.0, [4, 24]], [1.0, [4, 25]], [1.0, [13, 6]], [1.0, [14, 15]], [1.0, [18, 7]], [1.0, [18, 8]], [1.0, [18, 11]], [1.0, [18, 17]], [1.0, [18, 19]], [1.0, [21, 2]]]], "solution": [[[0, 5, 16, 14, 13, 26], [[[14, 15], [13, 6]]]], [[0, 12, 1, 26], [[[1, 9], [1, 3], [1, 10], [1, 20]]]], [[0, 18, 26], [[[18, 11], [18, 19], [18, 7], [18, 8], [18, 17]]]], [[0, 21, 22, 23, 4, 26], [[[21, 2], [4, 24], [4, 25]]]]], "num_bnb_nodes": 5, "num_bnb_remaining_nodes": 0, "tot_num_gen_cols": 501, "tot_num_labels": 15917, "termination_status": "Optimal"}