{"problem": {"name": "R109", "datafile": "problems/solomon/25/R109.txt", "num_cust_nodes": 25, "num_tot_nodes": 27, "Gamma": 2, "t_range": 0.25, "Delta": 2, "d_range": 0.25, "num_drones": 3, "drone_time_multiplier": 0.25, "drone_cost_multiplier": 0.25, "flight_limit": 25, "demand_ratio": 0.75}, "timelimit": 3600, "num_cpus": 4, "alg": "BnP", "root_LP": 33437.0, "tot_cg_iterations": 23, "global_lb": 33437.0, "time": 6.82735276222229, "obj": 33439.0, "tot_mp_time": 0.0368037223815918, "tot_sp_time": 6.710454702377319, "tot_sp_heu1_time": 3.3287174701690674, "tot_sp_heu2_time": 2.4780471324920654, "tot_sp_exact_time": 0.8990116119384766, "tot_num_sp_heu1": 23, "tot_num_sp_heu2": 17, "tot_num_sp_exact": 5, "tot_sp1_time": 22.634179830551147, "tot_sp2_time": 1.9769270420074463, "tot_heu_time": 0.04772663116455078, "raw_solution": [[[1.0, [0, 7, 1, 26], [[[7, 8], 0], [[7, 11], 1], [[7, 18], 2], [[7, 19], 1], [[1, 3], 0], [[1, 9], 1], [[1, 20], 2], [[1, 10], 0]]], [1.0, [0, 12, 21, 23, 4, 26], [[[23, 22], 0], [[4, 25], 0], [[4, 24], 1]]], [1.0, [0, 5, 16, 14, 6, 13, 26], [[[14, 2], 0], [[14, 15], 1], [[6, 17], 0]]]], [[1.0, [1, 3]], [1.0, [1, 9]], [1.0, [1, 10]], [1.0, [1, 20]], [1.0, [4, 24]], [1.0, [4, 25]], [1.0, [6, 17]], [1.0, [7, 8]], [1.0, [7, 11]], [1.0, [7, 18]], [1.0, [7, 19]], [1.0, [14, 2]], [1.0, [14, 15]], [1.0, [23, 22]]]], "solution": [[[0, 7, 1, 26], [[[7, 8], [1, 3], [1, 10]], [[7, 11], [7, 19], [1, 9]], [[7, 18], [1, 20]]]], [[0, 12, 21, 23, 4, 26], [[[23, 22], [4, 25]], [[4, 24]], []]], [[0, 5, 16, 14, 6, 13, 26], [[[14, 2], [6, 17]], [[14, 15]], []]]], "num_bnb_nodes": 3, "num_bnb_remaining_nodes": 0, "tot_num_gen_cols": 361, "tot_num_labels": 8898, "termination_status": "Optimal"}