{"problem": {"name": "R109", "datafile": "problems/solomon/25/R109.txt", "num_cust_nodes": 25, "num_tot_nodes": 27, "Gamma": 2, "t_range": 0.25, "Delta": 2, "d_range": 0.25, "num_drones": 0, "drone_time_multiplier": 0.25, "drone_cost_multiplier": 0.25, "flight_limit": 25, "demand_ratio": 0.75}, "timelimit": 3600, "num_cpus": 4, "alg": "BnP", "root_LP": 45597.5, "tot_cg_iterations": 28, "global_lb": 45597.5, "time": 4.972739934921265, "obj": 45792.0, "tot_mp_time": 0.0466458797454834, "tot_sp_time": 4.878583908081055, "tot_sp_heu1_time": 2.461655855178833, "tot_sp_heu2_time": 1.1997077465057373, "tot_sp_exact_time": 1.213242530822754, "tot_num_sp_heu1": 28, "tot_num_sp_heu2": 13, "tot_num_sp_exact": 13, "tot_sp1_time": 17.611372470855713, "tot_sp2_time": 0.025390148162841797, "tot_heu_time": 0.022976398468017578, "raw_solution": [[[1.0, [0, 2, 15, 14, 16, 17, 13, 26], []], [1.0, [0, 21, 22, 23, 4, 25, 24, 26], []], [1.0, [0, 12, 3, 9, 20, 1, 26], []], [1.0, [0, 5, 8, 18, 6, 26], []], [1.0, [0, 11, 19, 7, 10, 26], []]], []], "solution": [[[0, 2, 15, 14, 16, 17, 13, 26], []], [[0, 21, 22, 23, 4, 25, 24, 26], []], [[0, 12, 3, 9, 20, 1, 26], []], [[0, 5, 8, 18, 6, 26], []], [[0, 11, 19, 7, 10, 26], []]], "num_bnb_nodes": 3, "num_bnb_remaining_nodes": 0, "tot_num_gen_cols": 316, "tot_num_labels": 329, "termination_status": "Optimal"}