{"problem": {"name": "R110", "datafile": "problems/solomon/25/R110.txt", "num_cust_nodes": 25, "num_tot_nodes": 27, "Gamma": 1, "t_range": 0.25, "Delta": 0, "d_range": 0.25, "num_drones": 2, "drone_time_multiplier": 0.25, "drone_cost_multiplier": 0.25, "flight_limit": 25, "demand_ratio": 0.75}, "timelimit": 3600, "num_cpus": 4, "alg": "BnP", "root_LP": 31349.0, "tot_cg_iterations": 15, "global_lb": 31349.0, "time": 4.741748332977295, "obj": 31349.0, "tot_mp_time": 0.028195619583129883, "tot_sp_time": 4.658364534378052, "tot_sp_heu1_time": 2.326819658279419, "tot_sp_heu2_time": 1.794321060180664, "tot_sp_exact_time": 0.5330982208251953, "tot_num_sp_heu1": 15, "tot_num_sp_heu2": 10, "tot_num_sp_exact": 2, "tot_sp1_time": 13.83545184135437, "tot_sp2_time": 3.195359945297241, "tot_heu_time": 0.010716438293457031, "raw_solution": [[[1.0, [0, 6, 5, 16, 14, 13, 26], [[[6, 2], 0], [[5, 18], 0], [[5, 17], 1]]], [1.0, [0, 7, 10, 1, 26], [[[7, 8], 0], [[7, 19], 1], [[10, 11], 0], [[1, 9], 0], [[1, 3], 1], [[1, 20], 1]]], [1.0, [0, 12, 21, 22, 23, 4, 26], [[[21, 2], 0], [[22, 15], 0], [[4, 24], 0], [[4, 25], 1]]]], [[1.0, [1, 3]], [1.0, [1, 9]], [1.0, [1, 20]], [1.0, [4, 24]], [1.0, [4, 25]], [1.0, [5, 17]], [1.0, [5, 18]], [1.0, [7, 8]], [1.0, [7, 19]], [1.0, [10, 11]], [1.0, [21, 2]], [1.0, [22, 15]]]], "solution": [[[0, 6, 5, 16, 14, 13, 26], [[[5, 18]], [[5, 17]]]], [[0, 7, 10, 1, 26], [[[7, 8], [10, 11], [1, 9]], [[7, 19], [1, 3], [1, 20]]]], [[0, 12, 21, 22, 23, 4, 26], [[[21, 2], [22, 15], [4, 24]], [[4, 25]]]]], "num_bnb_nodes": 1, "num_bnb_remaining_nodes": 0, "tot_num_gen_cols": 438, "tot_num_labels": 19642, "termination_status": "Optimal"}