{"problem": {"name": "R110", "datafile": "problems/solomon/25/R110.txt", "num_cust_nodes": 25, "num_tot_nodes": 27, "Gamma": 2, "t_range": 0.25, "Delta": 2, "d_range": 0.25, "num_drones": 0, "drone_time_multiplier": 0.25, "drone_cost_multiplier": 0.25, "flight_limit": 25, "demand_ratio": 0.75}, "timelimit": 3600, "num_cpus": 4, "alg": "BnP", "root_LP": 45701.0, "tot_cg_iterations": 50, "global_lb": 45948.166666666664, "time": 12.45586895942688, "obj": 46000.0, "tot_mp_time": 0.029036283493041992, "tot_sp_time": 12.188310623168945, "tot_sp_heu1_time": 5.609734058380127, "tot_sp_heu2_time": 3.2995474338531494, "tot_sp_exact_time": 3.270641565322876, "tot_num_sp_heu1": 50, "tot_num_sp_heu2": 28, "tot_num_sp_exact": 28, "tot_sp1_time": 44.32450294494629, "tot_sp2_time": 0.06099653244018555, "tot_heu_time": 0.16971516609191895, "raw_solution": [[[1.0, [0, 2, 15, 14, 16, 6, 13, 26], []], [1.0, [0, 5, 17, 8, 18, 26], []], [1.0, [0, 21, 22, 23, 4, 25, 24, 26], []], [1.0, [0, 12, 9, 3, 20, 1, 26], []], [1.0, [0, 7, 19, 11, 10, 26], []]], []], "solution": [[[0, 2, 15, 14, 16, 6, 13, 26], []], [[0, 5, 17, 8, 18, 26], []], [[0, 21, 22, 23, 4, 25, 24, 26], []], [[0, 12, 9, 3, 20, 1, 26], []], [[0, 7, 19, 11, 10, 26], []]], "num_bnb_nodes": 15, "num_bnb_remaining_nodes": 0, "tot_num_gen_cols": 385, "tot_num_labels": 439, "termination_status": "Optimal"}