{"problem": {"name": "R110", "datafile": "problems/solomon/25/R110.txt", "num_cust_nodes": 25, "num_tot_nodes": 27, "Gamma": 2, "t_range": 0.25, "Delta": 2, "d_range": 0.25, "num_drones": 1, "drone_time_multiplier": 0.25, "drone_cost_multiplier": 0.25, "flight_limit": 25, "demand_ratio": 0.75}, "timelimit": 3600, "num_cpus": 4, "alg": "BnP", "root_LP": 32494.5, "tot_cg_iterations": 86, "global_lb": 32693.0, "time": 48.278499126434326, "obj": 32793.0, "tot_mp_time": 0.07686471939086914, "tot_sp_time": 47.673988819122314, "tot_sp_heu1_time": 15.947640895843506, "tot_sp_heu2_time": 20.97450542449951, "tot_sp_exact_time": 10.725948333740234, "tot_num_sp_heu1": 86, "tot_num_sp_heu2": 81, "tot_num_sp_exact": 37, "tot_sp1_time": 116.37444400787354, "tot_sp2_time": 52.04229521751404, "tot_heu_time": 0.381974458694458, "raw_solution": [[[1.0, [0, 6, 5, 16, 14, 13, 26], [[[16, 17], 0], [[14, 15], 0]]], [1.0, [0, 12, 21, 22, 23, 4, 26], [[[21, 2], 0], [[4, 24], 0], [[4, 25], 0]]], [1.0, [0, 1, 26], [[[1, 9], 0], [[1, 10], 0], [[1, 3], 0], [[1, 20], 0]]], [1.0, [0, 18, 7, 26], [[[18, 6], 0], [[18, 8], 0], [[7, 19], 0], [[7, 11], 0], [[7, 10], 0]]]], [[1.0, [1, 3]], [1.0, [1, 9]], [1.0, [1, 20]], [1.0, [4, 24]], [1.0, [4, 25]], [1.0, [7, 10]], [1.0, [7, 11]], [1.0, [7, 19]], [1.0, [14, 15]], [1.0, [16, 17]], [1.0, [18, 8]], [1.0, [21, 2]]]], "solution": [[[0, 6, 5, 16, 14, 13, 26], [[[16, 17], [14, 15]]]], [[0, 12, 21, 22, 23, 4, 26], [[[21, 2], [4, 24], [4, 25]]]], [[0, 1, 26], [[[1, 9], [1, 3], [1, 20]]]], [[0, 18, 7, 26], [[[18, 8], [7, 19], [7, 11], [7, 10]]]]], "num_bnb_nodes": 19, "num_bnb_remaining_nodes": 0, "tot_num_gen_cols": 831, "tot_num_labels": 197757, "termination_status": "Optimal"}