{"problem": {"name": "R110", "datafile": "problems/solomon/25/R110.txt", "num_cust_nodes": 25, "num_tot_nodes": 27, "Gamma": 0, "t_range": 0.25, "Delta": 0, "d_range": 0.25, "num_drones": 2, "drone_time_multiplier": 0.25, "drone_cost_multiplier": 0.25, "flight_limit": 25, "demand_ratio": 0.75}, "timelimit": 3600, "num_cpus": 4, "alg": "BnP", "root_LP": 31023.0, "tot_cg_iterations": 61, "global_lb": 31318.75, "time": 27.64872097969055, "obj": 31349.0, "tot_mp_time": 0.09507083892822266, "tot_sp_time": 27.226149797439575, "tot_sp_heu1_time": 11.88457441329956, "tot_sp_heu2_time": 11.468048334121704, "tot_sp_exact_time": 3.8545336723327637, "tot_num_sp_heu1": 61, "tot_num_sp_heu2": 53, "tot_num_sp_exact": 14, "tot_sp1_time": 82.64911413192749, "tot_sp2_time": 18.61528253555298, "tot_heu_time": 0.18303418159484863, "raw_solution": [[[1.0, [0, 12, 21, 22, 23, 4, 26], [[[21, 2], 0], [[21, 15], 1], [[4, 25], 0], [[4, 24], 1]]], [1.0, [0, 7, 10, 1, 26], [[[7, 8], 0], [[7, 19], 1], [[10, 11], 0], [[1, 3], 0], [[1, 9], 1], [[1, 20], 0]]], [1.0, [0, 6, 5, 16, 14, 13, 26], [[[6, 2], 0], [[5, 18], 0], [[5, 17], 1], [[14, 15], 0]]]], [[1.0, [1, 3]], [1.0, [1, 9]], [1.0, [1, 20]], [1.0, [4, 24]], [1.0, [4, 25]], [1.0, [5, 17]], [1.0, [5, 18]], [1.0, [7, 8]], [1.0, [7, 19]], [1.0, [10, 11]], [1.0, [14, 15]], [1.0, [21, 2]]]], "solution": [[[0, 12, 21, 22, 23, 4, 26], [[[21, 2], [4, 25]], [[4, 24]]]], [[0, 7, 10, 1, 26], [[[7, 8], [10, 11], [1, 3], [1, 20]], [[7, 19], [1, 9]]]], [[0, 6, 5, 16, 14, 13, 26], [[[5, 18], [14, 15]], [[5, 17]]]]], "num_bnb_nodes": 7, "num_bnb_remaining_nodes": 0, "tot_num_gen_cols": 967, "tot_num_labels": 156135, "termination_status": "Optimal"}