{"problem": {"name": "R110", "datafile": "problems/solomon/25/R110.txt", "num_cust_nodes": 25, "num_tot_nodes": 27, "Gamma": 0, "t_range": 0.25, "Delta": 1, "d_range": 0.25, "num_drones": 2, "drone_time_multiplier": 0.25, "drone_cost_multiplier": 0.25, "flight_limit": 25, "demand_ratio": 0.75}, "timelimit": 3600, "num_cpus": 4, "alg": "BnP", "root_LP": 31148.0, "tot_cg_iterations": 41, "global_lb": 31280.125, "time": 19.642117977142334, "obj": 31349.0, "tot_mp_time": 0.04736161231994629, "tot_sp_time": 19.3695387840271, "tot_sp_heu1_time": 7.701117753982544, "tot_sp_heu2_time": 8.514388799667358, "tot_sp_exact_time": 3.1402411460876465, "tot_num_sp_heu1": 41, "tot_num_sp_heu2": 34, "tot_num_sp_exact": 10, "tot_sp1_time": 56.0318922996521, "tot_sp2_time": 15.808091402053833, "tot_heu_time": 0.12280106544494629, "raw_solution": [[[1.0, [0, 6, 5, 16, 14, 13, 26], [[[6, 2], 0], [[5, 18], 0], [[5, 17], 1], [[14, 15], 0]]], [1.0, [0, 12, 21, 22, 23, 4, 26], [[[21, 2], 0], [[22, 15], 0], [[4, 25], 0], [[4, 24], 1]]], [1.0, [0, 7, 10, 1, 26], [[[7, 8], 0], [[7, 19], 1], [[10, 11], 0], [[1, 9], 0], [[1, 3], 1], [[1, 20], 1]]]], [[1.0, [1, 3]], [1.0, [1, 9]], [1.0, [1, 20]], [1.0, [4, 24]], [1.0, [4, 25]], [1.0, [5, 17]], [1.0, [5, 18]], [1.0, [7, 8]], [1.0, [7, 19]], [1.0, [10, 11]], [1.0, [14, 15]], [1.0, [21, 2]]]], "solution": [[[0, 6, 5, 16, 14, 13, 26], [[[5, 18], [14, 15]], [[5, 17]]]], [[0, 12, 21, 22, 23, 4, 26], [[[21, 2], [4, 25]], [[4, 24]]]], [[0, 7, 10, 1, 26], [[[7, 8], [10, 11], [1, 9]], [[7, 19], [1, 3], [1, 20]]]]], "num_bnb_nodes": 5, "num_bnb_remaining_nodes": 0, "tot_num_gen_cols": 691, "tot_num_labels": 144807, "termination_status": "Optimal"}