{"problem": {"name": "R110", "datafile": "problems/solomon/25/R110.txt", "num_cust_nodes": 25, "num_tot_nodes": 27, "Gamma": 0, "t_range": 0.25, "Delta": 2, "d_range": 0.25, "num_drones": 2, "drone_time_multiplier": 0.25, "drone_cost_multiplier": 0.25, "flight_limit": 25, "demand_ratio": 0.75}, "timelimit": 3600, "num_cpus": 4, "alg": "BnP", "root_LP": 31148.0, "tot_cg_iterations": 29, "global_lb": 31148.0, "time": 13.832581043243408, "obj": 31349.0, "tot_mp_time": 0.03238511085510254, "tot_sp_time": 13.666187524795532, "tot_sp_heu1_time": 5.754082679748535, "tot_sp_heu2_time": 5.523610830307007, "tot_sp_exact_time": 2.378490686416626, "tot_num_sp_heu1": 29, "tot_num_sp_heu2": 23, "tot_num_sp_exact": 8, "tot_sp1_time": 40.420069456100464, "tot_sp2_time": 10.135664701461792, "tot_heu_time": 0.06490159034729004, "raw_solution": [[[1.0, [0, 7, 10, 1, 26], [[[7, 8], 0], [[7, 19], 1], [[10, 11], 0], [[1, 9], 0], [[1, 3], 1], [[1, 20], 1]]], [1.0, [0, 6, 5, 16, 14, 13, 26], [[[6, 2], 0], [[5, 18], 0], [[5, 17], 1], [[14, 15], 0]]], [1.0, [0, 12, 21, 22, 23, 4, 26], [[[21, 2], 0], [[4, 24], 0], [[4, 25], 1]]]], [[1.0, [1, 3]], [1.0, [1, 9]], [1.0, [1, 20]], [1.0, [4, 24]], [1.0, [4, 25]], [1.0, [5, 17]], [1.0, [5, 18]], [1.0, [7, 8]], [1.0, [7, 19]], [1.0, [10, 11]], [1.0, [14, 15]], [1.0, [21, 2]]]], "solution": [[[0, 7, 10, 1, 26], [[[7, 8], [10, 11], [1, 9]], [[7, 19], [1, 3], [1, 20]]]], [[0, 6, 5, 16, 14, 13, 26], [[[5, 18], [14, 15]], [[5, 17]]]], [[0, 12, 21, 22, 23, 4, 26], [[[21, 2], [4, 24]], [[4, 25]]]]], "num_bnb_nodes": 3, "num_bnb_remaining_nodes": 0, "tot_num_gen_cols": 474, "tot_num_labels": 91723, "termination_status": "Optimal"}