{"problem": {"name": "R111", "datafile": "problems/solomon/25/R111.txt", "num_cust_nodes": 25, "num_tot_nodes": 27, "Gamma": 2, "t_range": 0.25, "Delta": 2, "d_range": 0.25, "num_drones": 3, "drone_time_multiplier": 0.25, "drone_cost_multiplier": 0.25, "flight_limit": 25, "demand_ratio": 0.75}, "timelimit": 3600, "num_cpus": 4, "alg": "BnP", "root_LP": 31866.0, "tot_cg_iterations": 22, "global_lb": 31866.0, "time": 12.263341665267944, "obj": 31866.0, "tot_mp_time": 0.027634382247924805, "tot_sp_time": 12.181367874145508, "tot_sp_heu1_time": 3.9123029708862305, "tot_sp_heu2_time": 6.850301742553711, "tot_sp_exact_time": 1.4113237857818604, "tot_num_sp_heu1": 22, "tot_num_sp_heu2": 13, "tot_num_sp_exact": 4, "tot_sp1_time": 22.459670066833496, "tot_sp2_time": 21.917658805847168, "tot_heu_time": 0.013845682144165039, "raw_solution": [[[1.0, [0, 14, 16, 5, 13, 26], [[[14, 15], 0], [[5, 6], 0], [[5, 8], 1], [[5, 17], 2], [[5, 18], 0], [[13, 2], 0]]], [1.0, [0, 21, 23, 4, 12, 26], [[[23, 22], 0], [[4, 25], 0], [[12, 24], 0]]], [1.0, [0, 7, 1, 26], [[[7, 11], 0], [[7, 18], 1], [[7, 19], 2], [[1, 3], 0], [[1, 9], 1], [[1, 20], 2], [[1, 10], 0]]]], [[1.0, [1, 3]], [1.0, [1, 9]], [1.0, [1, 10]], [1.0, [1, 20]], [1.0, [4, 25]], [1.0, [5, 6]], [1.0, [5, 8]], [1.0, [5, 17]], [1.0, [7, 11]], [1.0, [7, 18]], [1.0, [7, 19]], [1.0, [12, 24]], [1.0, [13, 2]], [1.0, [14, 15]], [1.0, [23, 22]]]], "solution": [[[0, 14, 16, 5, 13, 26], [[[14, 15], [5, 6], [13, 2]], [[5, 8]], [[5, 17]]]], [[0, 21, 23, 4, 12, 26], [[[23, 22], [4, 25], [12, 24]], [], []]], [[0, 7, 1, 26], [[[7, 11], [1, 3], [1, 10]], [[7, 18], [1, 9]], [[7, 19], [1, 20]]]]], "num_bnb_nodes": 1, "num_bnb_remaining_nodes": 0, "tot_num_gen_cols": 432, "tot_num_labels": 94665, "termination_status": "Optimal"}