{"problem": {"name": "R111", "datafile": "problems/solomon/25/R111.txt", "num_cust_nodes": 25, "num_tot_nodes": 27, "Gamma": 2, "t_range": 0.25, "Delta": 2, "d_range": 0.25, "num_drones": 0, "drone_time_multiplier": 0.25, "drone_cost_multiplier": 0.25, "flight_limit": 25, "demand_ratio": 0.75}, "timelimit": 3600, "num_cpus": 4, "alg": "BnP", "root_LP": 44654.0, "tot_cg_iterations": 25, "global_lb": 44654.0, "time": 4.2314982414245605, "obj": 44654.0, "tot_mp_time": 0.05463743209838867, "tot_sp_time": 4.149654388427734, "tot_sp_heu1_time": 2.6114985942840576, "tot_sp_heu2_time": 0.8467693328857422, "tot_sp_exact_time": 0.6874785423278809, "tot_num_sp_heu1": 25, "tot_num_sp_heu2": 7, "tot_num_sp_exact": 6, "tot_sp1_time": 15.331460237503052, "tot_sp2_time": 0.0208585262298584, "tot_heu_time": 0.005567073822021484, "raw_solution": [[[1.0, [0, 7, 19, 11, 10, 26], []], [1.0, [0, 2, 15, 14, 16, 17, 5, 13, 26], []], [1.0, [0, 1, 20, 9, 3, 24, 12, 26], []], [1.0, [0, 18, 8, 6, 26], []], [1.0, [0, 21, 23, 22, 4, 25, 26], []]], []], "solution": [[[0, 7, 19, 11, 10, 26], []], [[0, 2, 15, 14, 16, 17, 5, 13, 26], []], [[0, 1, 20, 9, 3, 24, 12, 26], []], [[0, 18, 8, 6, 26], []], [[0, 21, 23, 22, 4, 25, 26], []]], "num_bnb_nodes": 1, "num_bnb_remaining_nodes": 0, "tot_num_gen_cols": 355, "tot_num_labels": 411, "termination_status": "Optimal"}