{"problem": {"name": "R111", "datafile": "problems/solomon/25/R111.txt", "num_cust_nodes": 25, "num_tot_nodes": 27, "Gamma": 1, "t_range": 0.25, "Delta": 1, "d_range": 0.25, "num_drones": 2, "drone_time_multiplier": 0.25, "drone_cost_multiplier": 0.25, "flight_limit": 25, "demand_ratio": 0.75}, "timelimit": 3600, "num_cpus": 4, "alg": "BnP", "root_LP": 31729.5, "tot_cg_iterations": 32, "global_lb": 31825.000000000004, "time": 25.395753622055054, "obj": 31866.0, "tot_mp_time": 0.047411441802978516, "tot_sp_time": 25.18970036506653, "tot_sp_heu1_time": 6.827465772628784, "tot_sp_heu2_time": 14.276879787445068, "tot_sp_exact_time": 4.0755579471588135, "tot_num_sp_heu1": 32, "tot_num_sp_heu2": 24, "tot_num_sp_exact": 9, "tot_sp1_time": 44.870619773864746, "tot_sp2_time": 46.84504175186157, "tot_heu_time": 0.09469175338745117, "raw_solution": [[[1.0, [0, 7, 1, 26], [[[7, 11], 0], [[7, 19], 1], [[7, 18], 1], [[1, 3], 0], [[1, 9], 1], [[1, 10], 0], [[1, 6], 1], [[1, 20], 0]]], [1.0, [0, 14, 16, 5, 13, 26], [[[14, 15], 0], [[5, 6], 0], [[5, 8], 1], [[5, 17], 0], [[13, 2], 0]]], [1.0, [0, 21, 23, 4, 12, 26], [[[21, 2], 0], [[23, 15], 0], [[23, 22], 1], [[4, 25], 0], [[12, 24], 0]]]], [[1.0, [1, 3]], [1.0, [1, 9]], [1.0, [1, 10]], [1.0, [1, 20]], [1.0, [4, 25]], [1.0, [5, 6]], [1.0, [5, 8]], [1.0, [5, 17]], [1.0, [7, 11]], [1.0, [7, 18]], [1.0, [7, 19]], [1.0, [12, 24]], [1.0, [13, 2]], [1.0, [14, 15]], [1.0, [23, 22]]]], "solution": [[[0, 7, 1, 26], [[[7, 11], [1, 3], [1, 10], [1, 20]], [[7, 19], [7, 18], [1, 9]]]], [[0, 14, 16, 5, 13, 26], [[[14, 15], [5, 6], [5, 17], [13, 2]], [[5, 8]]]], [[0, 21, 23, 4, 12, 26], [[[4, 25], [12, 24]], [[23, 22]]]]], "num_bnb_nodes": 5, "num_bnb_remaining_nodes": 0, "tot_num_gen_cols": 428, "tot_num_labels": 286011, "termination_status": "Optimal"}