{"problem": {"name": "R112", "datafile": "problems/solomon/25/R112.txt", "num_cust_nodes": 25, "num_tot_nodes": 27, "Gamma": 2, "t_range": 0.25, "Delta": 0, "d_range": 0.25, "num_drones": 2, "drone_time_multiplier": 0.25, "drone_cost_multiplier": 0.25, "flight_limit": 25, "demand_ratio": 0.75}, "timelimit": 3600, "num_cpus": 4, "alg": "BnP", "root_LP": 29061.0, "tot_cg_iterations": 29, "global_lb": 29061.0, "time": 15.44129204750061, "obj": 29061.0, "tot_mp_time": 0.07949542999267578, "tot_sp_time": 15.270137071609497, "tot_sp_heu1_time": 6.291298866271973, "tot_sp_heu2_time": 6.973302364349365, "tot_sp_exact_time": 1.9973711967468262, "tot_num_sp_heu1": 29, "tot_num_sp_heu2": 19, "tot_num_sp_exact": 4, "tot_sp1_time": 38.60174536705017, "tot_sp2_time": 18.22051501274109, "tot_heu_time": 0.0196230411529541, "raw_solution": [[[1.0, [0, 18, 5, 16, 14, 13, 26], [[[18, 11], 0], [[18, 19], 1], [[18, 8], 1], [[18, 7], 0], [[5, 6], 0], [[5, 17], 1], [[14, 2], 0], [[14, 15], 1]]], [1.0, [0, 21, 23, 4, 12, 1, 26], [[[23, 22], 0], [[4, 25], 0], [[12, 24], 0], [[12, 3], 1], [[1, 9], 0], [[1, 10], 1], [[1, 20], 1]]]], [[1.0, [1, 9]], [1.0, [1, 10]], [1.0, [1, 20]], [1.0, [4, 25]], [1.0, [5, 6]], [1.0, [5, 17]], [1.0, [12, 3]], [1.0, [12, 24]], [1.0, [14, 2]], [1.0, [14, 15]], [1.0, [18, 7]], [1.0, [18, 8]], [1.0, [18, 11]], [1.0, [18, 19]], [1.0, [23, 22]]]], "solution": [[[0, 18, 5, 16, 14, 13, 26], [[[18, 11], [18, 7], [5, 6], [14, 2]], [[18, 19], [18, 8], [5, 17], [14, 15]]]], [[0, 21, 23, 4, 12, 1, 26], [[[23, 22], [4, 25], [12, 24], [1, 9]], [[12, 3], [1, 10], [1, 20]]]]], "num_bnb_nodes": 1, "num_bnb_remaining_nodes": 0, "tot_num_gen_cols": 665, "tot_num_labels": 146897, "termination_status": "Optimal"}