{"problem": {"name": "R112", "datafile": "problems/solomon/25/R112.txt", "num_cust_nodes": 25, "num_tot_nodes": 27, "Gamma": 2, "t_range": 0.25, "Delta": 1, "d_range": 0.25, "num_drones": 2, "drone_time_multiplier": 0.25, "drone_cost_multiplier": 0.25, "flight_limit": 25, "demand_ratio": 0.75}, "timelimit": 3600, "num_cpus": 4, "alg": "BnP", "root_LP": 29209.0, "tot_cg_iterations": 27, "global_lb": 29209.0, "time": 21.25785803794861, "obj": 29209.0, "tot_mp_time": 0.07377052307128906, "tot_sp_time": 21.102154970169067, "tot_sp_heu1_time": 5.651779413223267, "tot_sp_heu2_time": 13.324581623077393, "tot_sp_exact_time": 2.1164581775665283, "tot_num_sp_heu1": 27, "tot_num_sp_heu2": 19, "tot_num_sp_exact": 3, "tot_sp1_time": 38.91192603111267, "tot_sp2_time": 33.54098653793335, "tot_heu_time": 0.01819586753845215, "raw_solution": [[[1.0, [0, 21, 23, 4, 12, 1, 26], [[[4, 22], 0], [[4, 25], 1], [[12, 24], 0], [[12, 3], 1], [[1, 9], 0], [[1, 10], 1], [[1, 20], 1]]], [1.0, [0, 18, 5, 16, 14, 13, 26], [[[18, 11], 0], [[18, 19], 1], [[18, 8], 1], [[18, 7], 0], [[5, 17], 0], [[5, 6], 1], [[14, 2], 0], [[14, 15], 1]]]], [[1.0, [1, 9]], [1.0, [1, 10]], [1.0, [1, 20]], [1.0, [4, 22]], [1.0, [4, 25]], [1.0, [5, 6]], [1.0, [5, 17]], [1.0, [12, 3]], [1.0, [12, 24]], [1.0, [14, 2]], [1.0, [14, 15]], [1.0, [18, 7]], [1.0, [18, 8]], [1.0, [18, 11]], [1.0, [18, 19]]]], "solution": [[[0, 21, 23, 4, 12, 1, 26], [[[4, 22], [12, 24], [1, 9]], [[4, 25], [12, 3], [1, 10], [1, 20]]]], [[0, 18, 5, 16, 14, 13, 26], [[[18, 11], [18, 7], [5, 17], [14, 2]], [[18, 19], [18, 8], [5, 6], [14, 15]]]]], "num_bnb_nodes": 1, "num_bnb_remaining_nodes": 0, "tot_num_gen_cols": 527, "tot_num_labels": 171295, "termination_status": "Optimal"}