{"problem": {"name": "R112", "datafile": "problems/solomon/25/R112.txt", "num_cust_nodes": 25, "num_tot_nodes": 27, "Gamma": 2, "t_range": 0.25, "Delta": 2, "d_range": 0.25, "num_drones": 0, "drone_time_multiplier": 0.25, "drone_cost_multiplier": 0.25, "flight_limit": 25, "demand_ratio": 0.75}, "timelimit": 3600, "num_cpus": 4, "alg": "BnP", "root_LP": 39342.8, "tot_cg_iterations": 35, "global_lb": 39387.6, "time": 8.925262451171875, "obj": 39410.0, "tot_mp_time": 0.02587294578552246, "tot_sp_time": 8.783901929855347, "tot_sp_heu1_time": 4.583594083786011, "tot_sp_heu2_time": 2.0668582916259766, "tot_sp_exact_time": 2.1263420581817627, "tot_num_sp_heu1": 35, "tot_num_sp_heu2": 14, "tot_num_sp_exact": 14, "tot_sp1_time": 32.44342875480652, "tot_sp2_time": 0.04420757293701172, "tot_heu_time": 0.0794978141784668, "raw_solution": [[[1.0, [0, 2, 15, 14, 16, 17, 5, 6, 13, 26], []], [1.0, [0, 18, 8, 7, 19, 11, 10, 26], []], [1.0, [0, 21, 22, 23, 4, 25, 24, 26], []], [1.0, [0, 12, 3, 9, 20, 1, 26], []]], []], "solution": [[[0, 2, 15, 14, 16, 17, 5, 6, 13, 26], []], [[0, 18, 8, 7, 19, 11, 10, 26], []], [[0, 21, 22, 23, 4, 25, 24, 26], []], [[0, 12, 3, 9, 20, 1, 26], []]], "num_bnb_nodes": 5, "num_bnb_remaining_nodes": 0, "tot_num_gen_cols": 470, "tot_num_labels": 543, "termination_status": "Optimal"}