{"problem": {"name": "R112", "datafile": "problems/solomon/25/R112.txt", "num_cust_nodes": 25, "num_tot_nodes": 27, "Gamma": 2, "t_range": 0.25, "Delta": 2, "d_range": 0.25, "num_drones": 2, "drone_time_multiplier": 0.25, "drone_cost_multiplier": 0.25, "flight_limit": 25, "demand_ratio": 0.75}, "timelimit": 3600, "num_cpus": 4, "alg": "BnP", "root_LP": 29559.36363636364, "tot_cg_iterations": 139, "global_lb": 29835.0, "time": 363.99258685112, "obj": 29882.0, "tot_mp_time": 0.23635530471801758, "tot_sp_time": 362.0562446117401, "tot_sp_heu1_time": 30.636414766311646, "tot_sp_heu2_time": 256.9580659866333, "tot_sp_exact_time": 74.40352392196655, "tot_num_sp_heu1": 139, "tot_num_sp_heu2": 127, "tot_num_sp_exact": 49, "tot_sp1_time": 228.57258868217468, "tot_sp2_time": 809.9261503219604, "tot_heu_time": 1.301072359085083, "raw_solution": [[[1.0, [0, 1, 26], [[[1, 3], 0], [[1, 9], 1], [[1, 20], 1], [[1, 10], 0]]], [1.0, [0, 21, 23, 4, 12, 26], [[[21, 2], 0], [[23, 22], 0], [[4, 25], 0], [[12, 3], 0], [[12, 24], 1]]], [1.0, [0, 18, 5, 16, 14, 13, 26], [[[18, 11], 0], [[18, 19], 1], [[18, 8], 1], [[18, 7], 0], [[5, 6], 0], [[5, 17], 1], [[14, 15], 0]]]], [[1.0, [1, 9]], [1.0, [1, 10]], [1.0, [1, 20]], [1.0, [4, 25]], [1.0, [5, 6]], [1.0, [5, 17]], [1.0, [12, 3]], [1.0, [12, 24]], [1.0, [14, 15]], [1.0, [18, 7]], [1.0, [18, 8]], [1.0, [18, 11]], [1.0, [18, 19]], [1.0, [21, 2]], [1.0, [23, 22]]]], "solution": [[[0, 1, 26], [[[1, 10]], [[1, 9], [1, 20]]]], [[0, 21, 23, 4, 12, 26], [[[21, 2], [23, 22], [4, 25], [12, 3]], [[12, 24]]]], [[0, 18, 5, 16, 14, 13, 26], [[[18, 11], [18, 7], [5, 6], [14, 15]], [[18, 19], [18, 8], [5, 17]]]]], "num_bnb_nodes": 21, "num_bnb_remaining_nodes": 0, "tot_num_gen_cols": 1874, "tot_num_labels": 1703257, "termination_status": "Optimal"}