{"problem": {"name": "R112", "datafile": "problems/solomon/25/R112.txt", "num_cust_nodes": 25, "num_tot_nodes": 27, "Gamma": 2, "t_range": 0.25, "Delta": 2, "d_range": 0.25, "num_drones": 3, "drone_time_multiplier": 0.25, "drone_cost_multiplier": 0.25, "flight_limit": 25, "demand_ratio": 0.75}, "timelimit": 3600, "num_cpus": 4, "alg": "BnP", "root_LP": 28992.0, "tot_cg_iterations": 22, "global_lb": 28992.0, "time": 16.405592441558838, "obj": 28992.0, "tot_mp_time": 0.028748035430908203, "tot_sp_time": 16.321687698364258, "tot_sp_heu1_time": 5.6787109375, "tot_sp_heu2_time": 8.386897087097168, "tot_sp_exact_time": 2.2476930618286133, "tot_num_sp_heu1": 22, "tot_num_sp_heu2": 16, "tot_num_sp_exact": 4, "tot_sp1_time": 29.906858444213867, "tot_sp2_time": 26.280444622039795, "tot_heu_time": 0.017848968505859375, "raw_solution": [[[1.0, [0, 18, 5, 16, 14, 13, 26], [[[18, 8], 0], [[18, 11], 1], [[18, 19], 2], [[18, 7], 2], [[5, 6], 0], [[5, 17], 1], [[14, 15], 0]]], [1.0, [0, 21, 23, 4, 12, 1, 26], [[[21, 2], 0], [[4, 22], 0], [[4, 25], 1], [[4, 24], 2], [[1, 3], 0], [[1, 9], 1], [[1, 10], 2], [[1, 20], 0]]]], [[1.0, [1, 3]], [1.0, [1, 9]], [1.0, [1, 10]], [1.0, [1, 20]], [1.0, [4, 22]], [1.0, [4, 24]], [1.0, [4, 25]], [1.0, [5, 6]], [1.0, [5, 17]], [1.0, [14, 15]], [1.0, [18, 7]], [1.0, [18, 8]], [1.0, [18, 11]], [1.0, [18, 19]], [1.0, [21, 2]]]], "solution": [[[0, 18, 5, 16, 14, 13, 26], [[[18, 8], [5, 6], [14, 15]], [[18, 11], [5, 17]], [[18, 19], [18, 7]]]], [[0, 21, 23, 4, 12, 1, 26], [[[21, 2], [4, 22], [1, 3], [1, 20]], [[4, 25], [1, 9]], [[4, 24], [1, 10]]]]], "num_bnb_nodes": 1, "num_bnb_remaining_nodes": 0, "tot_num_gen_cols": 599, "tot_num_labels": 156253, "termination_status": "Optimal"}