{"problem": {"name": "C101", "datafile": "problems/solomon/25/C101.txt", "num_cust_nodes": 25, "num_tot_nodes": 27, "Gamma": 2, "t_range": 0.25, "Delta": 2, "d_range": 0.25, "num_drones": 2, "drone_time_multiplier": 0.25, "drone_cost_multiplier": 0.25, "flight_limit": 10, "demand_ratio": 0.75}, "timelimit": 3600, "num_cpus": 4, "alg": "BnP", "root_LP": 17900.0, "tot_cg_iterations": 20, "global_lb": 17900.0, "time": 2.3315467834472656, "obj": 1e+20, "tot_mp_time": 0.051145076751708984, "tot_sp_time": 2.2632288932800293, "tot_sp_heu1_time": 1.3187081813812256, "tot_sp_heu2_time": 0.8196957111358643, "tot_sp_exact_time": 0.12296795845031738, "tot_num_sp_heu1": 20, "tot_num_sp_heu2": 8, "tot_num_sp_exact": 1, "tot_sp1_time": 6.807345628738403, "tot_sp2_time": 1.4866929054260254, "tot_heu_time": 0, "raw_solution": null, "solution": null, "num_bnb_nodes": 1, "num_bnb_remaining_nodes": 0, "tot_num_gen_cols": 424, "tot_num_labels": 41222, "termination_status": "Optimal", "cg_result": [[0.02541065216064453, 33, 24, 43336.0], [0.07784414291381836, 65, 49, 30642.0], [0.1259629726409912, 93, 76, 25248.0], [0.20828986167907715, 112, 92, 22149.5], [0.25609493255615234, 140, 109, 19138.0], [0.3234899044036865, 168, 134, 19138.0], [0.37792253494262695, 197, 160, 19138.0], [0.4449634552001953, 199, 162, 19138.0], [0.5156955718994141, 215, 176, 18713.0], [0.5884902477264404, 223, 183, 18713.0], [0.6640186309814453, 224, 184, 18713.0], [0.7268102169036865, 225, 185, 18713.0], [0.8125066757202148, 258, 1214, 18713.0], [0.964118242263794, 296, 4879, 18632.0], [1.167569875717163, 335, 9744, 18557.0], [1.338684320449829, 364, 13711, 18196.0], [1.5168344974517822, 397, 18508, 18174.0], [1.788252353668213, 421, 24053, 18174.0], [2.0028395652770996, 424, 29780, 17900.0], [2.3143739700317383, 424, 41222, 17900.0]]}