{"problem": {"name": "C102", "datafile": "problems/solomon/25/C102.txt", "num_cust_nodes": 25, "num_tot_nodes": 27, "Gamma": 2, "t_range": 0.25, "Delta": 2, "d_range": 0.25, "num_drones": 2, "drone_time_multiplier": 0.25, "drone_cost_multiplier": 0.25, "flight_limit": 10, "demand_ratio": 0.75}, "timelimit": 3600, "num_cpus": 4, "alg": "BnP", "root_LP": 17916.0, "tot_cg_iterations": 55, "global_lb": 17916.0, "time": 3603.025942802429, "obj": 1e+20, "tot_mp_time": 0.2129957675933838, "tot_sp_time": 3602.7616534233093, "tot_sp_heu1_time": 4.217619895935059, "tot_sp_heu2_time": 3596.7250230312347, "tot_sp_exact_time": 1.801476240158081, "tot_num_sp_heu1": 55, "tot_num_sp_heu2": 29, "tot_num_sp_exact": 1, "tot_sp1_time": 13788.755306720734, "tot_sp2_time": 574.1841373443604, "tot_heu_time": 0, "raw_solution": null, "solution": null, "num_bnb_nodes": 1, "num_bnb_remaining_nodes": 0, "tot_num_gen_cols": 824, "tot_num_labels": 17418081, "termination_status": "Time limit", "cg_result": [[0.027086734771728516, 30, 20, 43336.0], [0.07483100891113281, 60, 47, 30342.0], [0.10573863983154297, 88, 71, 26871.0], [0.13820958137512207, 117, 95, 26871.0], [0.17605972290039062, 146, 121, 26823.0], [0.22198724746704102, 174, 147, 26350.0], [0.28609514236450195, 202, 176, 26132.0], [0.3369762897491455, 230, 202, 25638.0], [0.3747522830963135, 258, 231, 25395.0], [0.45145225524902344, 290, 260, 25395.0], [0.5146892070770264, 318, 278, 19438.0], [0.608137845993042, 347, 309, 18901.0], [0.7013571262359619, 361, 322, 18901.0], [0.7837052345275879, 378, 331, 18901.0], [0.881864070892334, 388, 337, 18901.0], [0.9679601192474365, 414, 352, 18901.0], [1.0636930465698242, 426, 361, 18901.0], [1.1494710445404053, 433, 367, 18901.0], [1.2343547344207764, 441, 371, 18901.0], [1.3192403316497803, 444, 374, 18299.0], [52.00125050544739, 451, 320187, 18299.0], [115.54825735092163, 453, 691988, 18299.0], [196.689222574234, 456, 1180868, 18299.0], [291.07696628570557, 459, 1744520, 18299.0], [401.24056029319763, 466, 2371636, 18299.0], [547.8653259277344, 515, 3063885, 18299.0], [547.9566481113434, 519, 3063889, 17938.0], [576.4564428329468, 520, 3296662, 17938.0], [605.5467913150787, 522, 3534606, 17938.0], [638.4837682247162, 524, 3792080, 17938.0], [680.5247724056244, 526, 4131652, 17938.0], [738.2345731258392, 532, 4588818, 17938.0], [822.0748515129089, 559, 5130120, 17938.0], [822.1597142219543, 561, 5130122, 17916.0], [822.2440478801727, 562, 5130123, 17916.0], [876.6977589130402, 602, 5504457, 17916.0], [935.678938627243, 626, 5892431, 17916.0], [935.7669906616211, 628, 5892433, 17916.0], [1051.2965211868286, 633, 6498294, 17916.0], [1182.7978529930115, 634, 7135731, 17916.0], [1319.7895050048828, 680, 7784369, 17916.0], [1462.7679755687714, 682, 8440389, 17916.0], [1629.8367867469788, 690, 9121503, 17916.0], [1799.9683694839478, 702, 9805228, 17916.0], [1883.3620991706848, 703, 10301075, 17916.0], [1883.4480628967285, 704, 10301076, 17916.0], [2064.2869663238525, 705, 11009115, 17916.0], [2248.7080430984497, 708, 11733415, 17916.0], [2462.0855157375336, 721, 12641835, 17916.0], [2676.1572206020355, 740, 13556649, 17916.0], [2912.5049726963043, 772, 14526721, 17916.0], [3050.7745263576508, 773, 15180542, 17916.0], [3318.5774660110474, 823, 16272111, 17916.0], [3318.671573162079, 824, 16272112, 17916.0], [3602.9746491909027, 824, 17418081, 17916.0]]}