{"problem": {"name": "C103", "datafile": "problems/solomon/25/C103.txt", "num_cust_nodes": 25, "num_tot_nodes": 27, "Gamma": 2, "t_range": 0.25, "Delta": 2, "d_range": 0.25, "num_drones": 2, "drone_time_multiplier": 0.25, "drone_cost_multiplier": 0.25, "flight_limit": 10, "demand_ratio": 0.75}, "timelimit": 3600, "num_cpus": 4, "alg": "BnP", "root_LP": 19013.0, "tot_cg_iterations": 29, "global_lb": 19013.0, "time": 3636.9805841445923, "obj": 1e+20, "tot_mp_time": 0.04310202598571777, "tot_sp_time": 3636.9097878932953, "tot_sp_heu1_time": 2.2456424236297607, "tot_sp_heu2_time": 3634.6615476608276, "tot_sp_exact_time": 0, "tot_num_sp_heu1": 28, "tot_num_sp_heu2": 1, "tot_num_sp_exact": 0, "tot_sp1_time": 14488.328867435455, "tot_sp2_time": 2.9852914810180664, "tot_heu_time": 0, "raw_solution": null, "solution": null, "num_bnb_nodes": 1, "num_bnb_remaining_nodes": 0, "tot_num_gen_cols": 587, "tot_num_labels": 1591660, "termination_status": "Time limit", "cg_result": [[0.04367947578430176, 32, 27, 43336.0], [0.07369184494018555, 66, 39, 26312.0], [0.1063680648803711, 95, 55, 26312.0], [0.1427288055419922, 124, 80, 25930.5], [0.18804931640625, 155, 95, 25655.0], [0.26099205017089844, 183, 117, 25463.333333333336], [0.2928779125213623, 212, 132, 25193.666666666668], [0.36220216751098633, 244, 151, 25193.666666666668], [0.42952942848205566, 272, 175, 24401.166666666668], [0.4947214126586914, 313, 191, 23043.0], [0.6157691478729248, 342, 213, 21551.5], [0.7267246246337891, 370, 240, 21551.5], [0.7699778079986572, 402, 261, 21345.8], [0.8192815780639648, 430, 276, 21345.800000000003], [0.8737154006958008, 459, 288, 21248.857142857145], [0.971855640411377, 487, 307, 21231.1875], [1.0772671699523926, 501, 320, 20500.538461538465], [1.1875016689300537, 517, 333, 20361.0], [1.2873270511627197, 519, 336, 20225.444444444445], [1.3994166851043701, 534, 343, 20212.863636363636], [1.5023059844970703, 553, 351, 19914.8], [1.6066248416900635, 557, 356, 19736.16666666667], [1.7128071784973145, 559, 358, 19647.172413793098], [1.8248112201690674, 562, 361, 19617.610389610385], [1.9381682872772217, 567, 367, 19013.0], [2.0502638816833496, 572, 373, 19013.0], [2.16544508934021, 573, 375, 19013.0], [3636.949395418167, 587, 1591660, 19013.0]]}