{"problem": {"name": "C104", "datafile": "problems/solomon/25/C104.txt", "num_cust_nodes": 25, "num_tot_nodes": 27, "Gamma": 2, "t_range": 0.25, "Delta": 2, "d_range": 0.25, "num_drones": 2, "drone_time_multiplier": 0.25, "drone_cost_multiplier": 0.25, "flight_limit": 10, "demand_ratio": 0.75}, "timelimit": 3600, "num_cpus": 4, "alg": "BnP", "root_LP": 18534.0, "tot_cg_iterations": 36, "global_lb": 18534.0, "time": 3669.2652604579926, "obj": 1e+20, "tot_mp_time": 0.11536955833435059, "tot_sp_time": 3669.10067987442, "tot_sp_heu1_time": 3.41017746925354, "tot_sp_heu2_time": 3648.545674800873, "tot_sp_exact_time": 17.140247583389282, "tot_num_sp_heu1": 36, "tot_num_sp_heu2": 3, "tot_num_sp_exact": 1, "tot_sp1_time": 14603.135691404343, "tot_sp2_time": 3.262054204940796, "tot_heu_time": 0, "raw_solution": null, "solution": null, "num_bnb_nodes": 1, "num_bnb_remaining_nodes": 0, "tot_num_gen_cols": 1413, "tot_num_labels": 1924444, "termination_status": "Time limit", "cg_result": [[0.04557919502258301, 29, 20, 43336.0], [0.12030315399169922, 62, 33, 26376.0], [0.18840503692626953, 111, 43, 26376.0], [0.21744751930236816, 141, 50, 26303.333333333336], [0.27495265007019043, 175, 72, 26303.333333333336], [0.3069143295288086, 208, 80, 24650.0], [0.34245824813842773, 242, 96, 24023.5], [0.3917396068572998, 271, 112, 24023.5], [0.4662342071533203, 299, 138, 23995.833333333336], [0.5507886409759521, 328, 161, 23813.25], [0.5959053039550781, 361, 179, 23394.5], [0.6344726085662842, 389, 194, 23268.142857142862], [0.679603099822998, 417, 219, 22952.333333333336], [0.7470862865447998, 446, 239, 22718.306122448976], [0.8000748157501221, 474, 254, 22321.0], [0.8874990940093994, 504, 279, 22321.0], [1.0836114883422852, 532, 306, 22320.999999999996], [1.1821892261505127, 561, 322, 19110.0], [1.3364083766937256, 590, 344, 19110.0], [1.3908991813659668, 618, 375, 19110.0], [1.4954090118408203, 646, 390, 19110.0], [1.6154096126556396, 665, 405, 19110.0], [1.6482460498809814, 695, 409, 18802.0], [1.726294994354248, 725, 424, 18802.0], [1.8442893028259277, 754, 436, 18802.0], [1.8916120529174805, 788, 450, 18802.0], [1.9770843982696533, 819, 470, 18802.0], [2.1503076553344727, 835, 486, 18802.0], [2.3410048484802246, 861, 495, 18534.0], [2.5130879878997803, 875, 503, 18534.0], [2.6751112937927246, 881, 505, 18534.0], [2.837254047393799, 882, 506, 18534.0], [3.5516674518585205, 967, 7971, 18534.0], [3.726835250854492, 968, 7972, 18534.000000000004], [6.418036937713623, 1413, 24521, 18534.0], [3669.2160494327545, 1413, 1924444, 18534.0]]}