{"problem": {"name": "C105", "datafile": "problems/solomon/25/C105.txt", "num_cust_nodes": 25, "num_tot_nodes": 27, "Gamma": 2, "t_range": 0.25, "Delta": 2, "d_range": 0.25, "num_drones": 2, "drone_time_multiplier": 0.25, "drone_cost_multiplier": 0.25, "flight_limit": 10, "demand_ratio": 0.75}, "timelimit": 3600, "num_cpus": 4, "alg": "BnP", "root_LP": 17900.0, "tot_cg_iterations": 24, "global_lb": 17900.0, "time": 30.634347200393677, "obj": 1e+20, "tot_mp_time": 0.11198544502258301, "tot_sp_time": 30.486575841903687, "tot_sp_heu1_time": 2.2973084449768066, "tot_sp_heu2_time": 23.648178815841675, "tot_sp_exact_time": 4.533799409866333, "tot_num_sp_heu1": 24, "tot_num_sp_heu2": 13, "tot_num_sp_exact": 1, "tot_sp1_time": 54.096271276474, "tot_sp2_time": 59.94275498390198, "tot_heu_time": 0, "raw_solution": null, "solution": null, "num_bnb_nodes": 1, "num_bnb_remaining_nodes": 0, "tot_num_gen_cols": 678, "tot_num_labels": 629129, "termination_status": "Optimal", "cg_result": [[0.056093692779541016, 31, 26, 43336.0], [0.1112213134765625, 61, 52, 27926.5], [0.25276994705200195, 94, 76, 26791.066666666666], [0.33036136627197266, 123, 102, 20012.0], [0.46399426460266113, 154, 128, 20012.0], [0.5868923664093018, 184, 152, 20012.0], [0.6962857246398926, 210, 174, 20012.0], [0.7882981300354004, 225, 189, 20012.0], [0.8861908912658691, 234, 196, 20012.0], [1.1636130809783936, 303, 7047, 18439.0], [1.2529008388519287, 306, 7050, 18439.0], [1.437798261642456, 334, 13167, 18439.0], [1.5371410846710205, 337, 13170, 18439.0], [2.1898603439331055, 376, 36618, 18439.0], [2.7703840732574463, 425, 60470, 18358.0], [3.4004783630371094, 478, 85058, 18358.0], [4.679128170013428, 507, 118682, 18358.0], [6.6054277420043945, 536, 171516, 18283.0], [8.374994993209839, 592, 218498, 18283.0], [10.211811780929565, 637, 259265, 17900.0], [12.623192071914673, 665, 312533, 17900.0], [17.601601362228394, 667, 390277, 17900.0], [21.760939836502075, 678, 469293, 17900.0], [30.59856128692627, 678, 629129, 17900.0]]}