{"problem": {"name": "C106", "datafile": "problems/solomon/25/C106.txt", "num_cust_nodes": 25, "num_tot_nodes": 27, "Gamma": 2, "t_range": 0.25, "Delta": 2, "d_range": 0.25, "num_drones": 2, "drone_time_multiplier": 0.25, "drone_cost_multiplier": 0.25, "flight_limit": 10, "demand_ratio": 0.75}, "timelimit": 3600, "num_cpus": 4, "alg": "BnP", "root_LP": 17900.0, "tot_cg_iterations": 21, "global_lb": 17900.0, "time": 3.4976305961608887, "obj": 1e+20, "tot_mp_time": 0.04814338684082031, "tot_sp_time": 3.4295947551727295, "tot_sp_heu1_time": 1.2764718532562256, "tot_sp_heu2_time": 1.842952013015747, "tot_sp_exact_time": 0.30681943893432617, "tot_num_sp_heu1": 21, "tot_num_sp_heu2": 10, "tot_num_sp_exact": 1, "tot_sp1_time": 8.047583818435669, "tot_sp2_time": 3.6868653297424316, "tot_heu_time": 0, "raw_solution": null, "solution": null, "num_bnb_nodes": 1, "num_bnb_remaining_nodes": 0, "tot_num_gen_cols": 485, "tot_num_labels": 95441, "termination_status": "Optimal", "cg_result": [[0.026750564575195312, 33, 24, 43336.0], [0.11006617546081543, 64, 50, 30671.5], [0.15633749961853027, 93, 78, 25248.0], [0.19885873794555664, 121, 104, 25248.0], [0.24944543838500977, 149, 131, 25248.0], [0.29968786239624023, 177, 149, 23504.4], [0.3706388473510742, 205, 172, 22493.0], [0.4380350112915039, 224, 189, 18777.0], [0.5038173198699951, 234, 196, 18777.0], [0.5721654891967773, 251, 212, 18777.0], [0.6390402317047119, 257, 216, 18777.0], [0.7541570663452148, 290, 3574, 18139.0], [0.8972115516662598, 319, 9482, 18058.0], [1.1187174320220947, 351, 15283, 17983.0], [1.304398775100708, 382, 22755, 17983.0], [1.5482921600341797, 414, 34218, 17983.0], [1.8064689636230469, 443, 46000, 17961.0], [2.0704739093780518, 480, 54757, 17961.0], [2.4381253719329834, 481, 64872, 17900.0], [2.8055238723754883, 485, 75151, 17900.0], [3.47773814201355, 485, 95441, 17900.0]]}