{"problem": {"name": "C107", "datafile": "problems/solomon/25/C107.txt", "num_cust_nodes": 25, "num_tot_nodes": 27, "Gamma": 2, "t_range": 0.25, "Delta": 2, "d_range": 0.25, "num_drones": 2, "drone_time_multiplier": 0.25, "drone_cost_multiplier": 0.25, "flight_limit": 10, "demand_ratio": 0.75}, "timelimit": 3600, "num_cpus": 4, "alg": "BnP", "root_LP": 17900.0, "tot_cg_iterations": 33, "global_lb": 17900.0, "time": 177.9886133670807, "obj": 1e+20, "tot_mp_time": 0.17323064804077148, "tot_sp_time": 177.76726722717285, "tot_sp_heu1_time": 3.1346144676208496, "tot_sp_heu2_time": 155.70486569404602, "tot_sp_exact_time": 18.916581392288208, "tot_num_sp_heu1": 33, "tot_num_sp_heu2": 21, "tot_num_sp_exact": 1, "tot_sp1_time": 588.9032604694366, "tot_sp2_time": 93.7946765422821, "tot_heu_time": 0, "raw_solution": null, "solution": null, "num_bnb_nodes": 1, "num_bnb_remaining_nodes": 0, "tot_num_gen_cols": 777, "tot_num_labels": 2003098, "termination_status": "Optimal", "cg_result": [[0.04581165313720703, 32, 24, 43336.0], [0.09041905403137207, 61, 51, 27425.5], [0.1327812671661377, 89, 72, 25949.333333333332], [0.17959022521972656, 117, 87, 24981.35714285714], [0.25134992599487305, 146, 112, 24281.800000000007], [0.30080604553222656, 175, 134, 18777.0], [0.42103123664855957, 203, 158, 18777.0], [0.5297999382019043, 209, 164, 18777.0], [0.6449184417724609, 219, 168, 18352.0], [0.9085347652435303, 259, 4121, 18078.0], [1.0304970741271973, 260, 4122, 18078.0], [1.355539321899414, 291, 10781, 18078.0], [1.4550235271453857, 292, 10782, 18078.0], [2.5111470222473145, 336, 29894, 18078.0], [4.877929210662842, 364, 70509, 18061.0], [7.96293306350708, 398, 113990, 17922.0], [10.212988138198853, 431, 153605, 17922.0], [12.780107259750366, 468, 196117, 17922.0], [20.979517459869385, 496, 277670, 17922.0], [29.05499768257141, 535, 367306, 17922.0], [29.174561262130737, 536, 367307, 17900.0], [40.48206186294556, 563, 499195, 17900.0], [52.840588092803955, 598, 632365, 17900.0], [56.817920446395874, 643, 684086, 17900.0], [61.696250915527344, 680, 746357, 17900.0], [70.99980282783508, 708, 866823, 17900.0], [81.39408540725708, 744, 1000695, 17900.0], [92.17246770858765, 749, 1152414, 17900.0], [106.17400646209717, 754, 1329513, 17900.0], [116.83765530586243, 757, 1449367, 17900.0], [128.8330430984497, 766, 1578441, 17900.0], [143.63594675064087, 777, 1713065, 17900.0], [177.94049787521362, 777, 2003098, 17900.0]]}