{"problem": {"name": "C108", "datafile": "problems/solomon/25/C108.txt", "num_cust_nodes": 25, "num_tot_nodes": 27, "Gamma": 2, "t_range": 0.25, "Delta": 2, "d_range": 0.25, "num_drones": 2, "drone_time_multiplier": 0.25, "drone_cost_multiplier": 0.25, "flight_limit": 10, "demand_ratio": 0.75}, "timelimit": 3600, "num_cpus": 4, "alg": "BnP", "root_LP": 17961.0, "tot_cg_iterations": 61, "global_lb": 17961.0, "time": 3602.412423849106, "obj": 1e+20, "tot_mp_time": 0.2642812728881836, "tot_sp_time": 3602.076292037964, "tot_sp_heu1_time": 4.615489721298218, "tot_sp_heu2_time": 3596.3922185897827, "tot_sp_exact_time": 1.0494868755340576, "tot_num_sp_heu1": 61, "tot_num_sp_heu2": 39, "tot_num_sp_exact": 1, "tot_sp1_time": 13129.31185889244, "tot_sp2_time": 1164.2096767425537, "tot_heu_time": 0, "raw_solution": null, "solution": null, "num_bnb_nodes": 1, "num_bnb_remaining_nodes": 0, "tot_num_gen_cols": 1089, "tot_num_labels": 11780564, "termination_status": "Time limit", "cg_result": [[0.02911853790283203, 29, 21, 43336.0], [0.05678725242614746, 59, 39, 25878.0], [0.08870625495910645, 91, 60, 25267.571428571435], [0.12204265594482422, 119, 79, 23755.199999999997], [0.16413378715515137, 149, 96, 19957.0], [0.250840425491333, 180, 124, 19957.0], [0.33347058296203613, 192, 134, 19319.0], [0.4037008285522461, 220, 158, 19319.0], [0.4877965450286865, 227, 165, 19319.0], [0.5646352767944336, 228, 166, 18501.0], [0.6406393051147461, 231, 168, 18501.0], [0.7251343727111816, 232, 169, 18501.0], [2.0075414180755615, 308, 13380, 18501.0], [2.0925588607788086, 309, 13381, 18501.0], [10.56868314743042, 365, 80932, 18501.0], [10.653563976287842, 366, 80933, 18501.0], [22.227749586105347, 408, 155157, 18501.0], [22.312580585479736, 409, 155159, 18501.0], [33.69089913368225, 413, 228108, 18501.0], [112.81215953826904, 447, 504266, 18501.0], [125.02297854423523, 450, 580995, 18483.0], [146.93283796310425, 503, 696953, 18483.0], [147.014986038208, 506, 696956, 18483.0], [175.89121627807617, 537, 826273, 18483.0], [213.82994651794434, 541, 974030, 18483.0], [276.72605204582214, 594, 1178041, 18483.0], [276.81572127342224, 597, 1178044, 18483.0], [316.122323513031, 629, 1339183, 18483.0], [366.3621850013733, 669, 1522283, 18483.0], [412.026891708374, 675, 1692339, 18483.0], [463.9692051410675, 711, 1873355, 18483.0], [512.2793190479279, 714, 2042848, 18419.0], [577.2962284088135, 762, 2247462, 18419.0], [577.3778820037842, 765, 2247465, 18419.0], [631.2560069561005, 805, 2423816, 18419.0], [631.3364646434784, 806, 2423818, 18419.0], [703.3979504108429, 839, 2631266, 18419.0], [703.4813504219055, 841, 2631268, 18419.0], [703.6343686580658, 842, 2631269, 18419.0], [745.1431307792664, 854, 2770782, 18419.0], [840.3756167888641, 869, 3097069, 18419.0], [958.844122171402, 881, 3469264, 18419.0], [1068.5581758022308, 882, 3822237, 18344.0], [1220.2887625694275, 890, 4267150, 18344.0], [1369.9485042095184, 898, 4693386, 18344.0], [1511.4089090824127, 899, 5106500, 18344.0], [1654.7005138397217, 904, 5523769, 18344.0], [1811.645132303238, 947, 5983050, 18344.0], [1937.9732491970062, 948, 6400289, 18344.0], [2063.7624831199646, 953, 6825005, 18344.0], [2190.8010580539703, 959, 7250930, 18344.0], [2324.2870483398438, 960, 7706891, 18344.0], [2458.3637957572937, 1009, 8168519, 18344.0], [2590.513035297394, 1012, 8573220, 17983.0], [2734.1786427497864, 1020, 9014426, 17983.0], [2896.5968635082245, 1056, 9515373, 17961.0], [2896.7011094093323, 1057, 9515374, 17961.0], [3113.8294444084167, 1085, 10164388, 17961.0], [3253.755304813385, 1087, 10635265, 17961.0], [3451.7300283908844, 1089, 11240491, 17961.0], [3602.340573310852, 1089, 11780564, 17961.0]]}