{"problem": {"name": "C109", "datafile": "problems/solomon/25/C109.txt", "num_cust_nodes": 25, "num_tot_nodes": 27, "Gamma": 2, "t_range": 0.25, "Delta": 2, "d_range": 0.25, "num_drones": 2, "drone_time_multiplier": 0.25, "drone_cost_multiplier": 0.25, "flight_limit": 10, "demand_ratio": 0.75}, "timelimit": 3600, "num_cpus": 4, "alg": "BnP", "root_LP": 18470.0, "tot_cg_iterations": 24, "global_lb": 18470.0, "time": 3619.4914042949677, "obj": 1e+20, "tot_mp_time": 0.10087132453918457, "tot_sp_time": 3619.3531217575073, "tot_sp_heu1_time": 3.013401508331299, "tot_sp_heu2_time": 3614.1269023418427, "tot_sp_exact_time": 2.207725763320923, "tot_num_sp_heu1": 24, "tot_num_sp_heu2": 6, "tot_num_sp_exact": 1, "tot_sp1_time": 14329.88021016121, "tot_sp2_time": 84.35084509849548, "tot_heu_time": 0, "raw_solution": null, "solution": null, "num_bnb_nodes": 1, "num_bnb_remaining_nodes": 0, "tot_num_gen_cols": 647, "tot_num_labels": 2423030, "termination_status": "Time limit", "cg_result": [[0.05919671058654785, 29, 19, 43336.0], [0.398500919342041, 59, 33, 24708.0], [0.4717702865600586, 109, 54, 24708.0], [0.5445983409881592, 146, 82, 24230.333333333336], [0.6106014251708984, 180, 98, 22791.166666666668], [0.6967899799346924, 210, 124, 22463.6375], [0.7626011371612549, 242, 139, 19710.0], [0.8715648651123047, 271, 163, 19710.0], [0.9377293586730957, 307, 171, 19710.0], [1.0776288509368896, 336, 202, 19710.0], [1.2244632244110107, 363, 225, 19710.0], [1.4648668766021729, 387, 249, 19127.0], [1.611757755279541, 398, 256, 19127.0], [1.7510311603546143, 410, 264, 19057.0], [1.8872807025909424, 416, 270, 18941.0], [2.02587890625, 420, 274, 18614.0], [2.5923001766204834, 483, 3962, 18614.0], [2.7425665855407715, 484, 3963, 18470.0], [3.174772024154663, 529, 8377, 18470.0], [862.6655704975128, 570, 662521, 18470.0], [1558.1470487117767, 630, 1203623, 18470.0], [1558.26287317276, 634, 1203627, 18469.999999999996], [1993.7884855270386, 647, 1573225, 18470.0], [3619.4539930820465, 647, 2423030, 18470.0]]}