{"problem": {"name": "R101", "datafile": "problems/solomon/25/R101.txt", "num_cust_nodes": 25, "num_tot_nodes": 27, "Gamma": 2, "t_range": 0.25, "Delta": 2, "d_range": 0.25, "num_drones": 2, "drone_time_multiplier": 0.25, "drone_cost_multiplier": 0.25, "flight_limit": 25, "demand_ratio": 0.75}, "timelimit": 3600, "num_cpus": 4, "alg": "BnP", "root_LP": 37594.0, "tot_cg_iterations": 11, "global_lb": 37594.0, "time": 1.1152632236480713, "obj": 1e+20, "tot_mp_time": 0.010867118835449219, "tot_sp_time": 1.0963292121887207, "tot_sp_heu1_time": 0.6324212551116943, "tot_sp_heu2_time": 0.41338443756103516, "tot_sp_exact_time": 0.04936647415161133, "tot_num_sp_heu1": 11, "tot_num_sp_heu2": 7, "tot_num_sp_exact": 1, "tot_sp1_time": 3.9048752784729004, "tot_sp2_time": 0.05418682098388672, "tot_heu_time": 0, "raw_solution": null, "solution": null, "num_bnb_nodes": 1, "num_bnb_remaining_nodes": 0, "tot_num_gen_cols": 117, "tot_num_labels": 170, "termination_status": "Optimal", "cg_result": [[0.07856249809265137, 26, 26, 52660.5], [0.14643192291259766, 29, 29, 44631.5], [0.20394659042358398, 30, 30, 44136.75], [0.2852327823638916, 60, 62, 44136.75], [0.41066479682922363, 86, 97, 41127.0], [0.47292566299438477, 89, 100, 38682.0], [0.592825174331665, 100, 117, 38632.0], [0.7082760334014893, 106, 136, 38555.33333333333], [0.8468227386474609, 112, 147, 37786.5], [0.956169843673706, 117, 162, 37722.333333333336], [1.10719633102417, 117, 170, 37594.0]]}