{"problem": {"name": "R102", "datafile": "problems/solomon/25/R102.txt", "num_cust_nodes": 25, "num_tot_nodes": 27, "Gamma": 2, "t_range": 0.25, "Delta": 2, "d_range": 0.25, "num_drones": 2, "drone_time_multiplier": 0.25, "drone_cost_multiplier": 0.25, "flight_limit": 25, "demand_ratio": 0.75}, "timelimit": 3600, "num_cpus": 4, "alg": "BnP", "root_LP": 34709.0, "tot_cg_iterations": 14, "global_lb": 34709.0, "time": 2.9823873043060303, "obj": 1e+20, "tot_mp_time": 0.015144586563110352, "tot_sp_time": 2.95389986038208, "tot_sp_heu1_time": 1.6034066677093506, "tot_sp_heu2_time": 1.0840868949890137, "tot_sp_exact_time": 0.2637481689453125, "tot_num_sp_heu1": 14, "tot_num_sp_heu2": 8, "tot_num_sp_exact": 2, "tot_sp1_time": 8.520735263824463, "tot_sp2_time": 2.2203621864318848, "tot_heu_time": 0, "raw_solution": null, "solution": null, "num_bnb_nodes": 1, "num_bnb_remaining_nodes": 0, "tot_num_gen_cols": 231, "tot_num_labels": 4729, "termination_status": "Optimal", "cg_result": [[0.045229196548461914, 28, 28, 53529.0], [0.18143844604492188, 59, 57, 49808.08333333333], [0.31165647506713867, 71, 68, 44590.0], [0.44142889976501465, 82, 79, 43395.166666666664], [0.7419338226318359, 125, 795, 40507.71428571429], [0.9815154075622559, 153, 1511, 36940.5], [1.1134138107299805, 154, 1512, 36124.0], [1.3587310314178467, 183, 2044, 35998.0], [1.5057737827301025, 184, 2045, 35579.00000000001], [1.7328498363494873, 212, 2564, 35579.00000000001], [1.9891061782836914, 223, 2981, 34906.0], [2.2307825088500977, 226, 3244, 34781.0], [2.567894220352173, 231, 4065, 34781.0], [2.9690444469451904, 231, 4729, 34709.0]]}