{"problem": {"name": "R103", "datafile": "problems/solomon/25/R103.txt", "num_cust_nodes": 25, "num_tot_nodes": 27, "Gamma": 2, "t_range": 0.25, "Delta": 2, "d_range": 0.25, "num_drones": 2, "drone_time_multiplier": 0.25, "drone_cost_multiplier": 0.25, "flight_limit": 25, "demand_ratio": 0.75}, "timelimit": 3600, "num_cpus": 4, "alg": "BnP", "root_LP": 33544.0, "tot_cg_iterations": 19, "global_lb": 33544.0, "time": 12.703876495361328, "obj": 1e+20, "tot_mp_time": 0.02359151840209961, "tot_sp_time": 12.65912127494812, "tot_sp_heu1_time": 3.6536760330200195, "tot_sp_heu2_time": 7.9800190925598145, "tot_sp_exact_time": 1.0201106071472168, "tot_num_sp_heu1": 19, "tot_num_sp_heu2": 10, "tot_num_sp_exact": 3, "tot_sp1_time": 14.489454507827759, "tot_sp2_time": 27.74331307411194, "tot_heu_time": 0, "raw_solution": null, "solution": null, "num_bnb_nodes": 1, "num_bnb_remaining_nodes": 0, "tot_num_gen_cols": 306, "tot_num_labels": 99827, "termination_status": "Optimal", "cg_result": [[0.04785752296447754, 29, 28, 52660.5], [1.316523551940918, 61, 54, 44343.8], [1.4632327556610107, 72, 65, 40436.0], [1.6204123497009277, 76, 69, 39726.0], [1.7453234195709229, 80, 73, 39518.77922077923], [1.8616409301757812, 81, 74, 39237.571428571435], [1.9833755493164062, 85, 77, 39138.0], [2.701107978820801, 116, 30068, 39010.875], [2.847083806991577, 120, 30072, 37148.2], [4.574987173080444, 157, 32793, 37148.200000000004], [5.425775051116943, 192, 36135, 36311.42857142858], [5.543028354644775, 193, 36136, 36047.33333333334], [7.943309783935547, 221, 41504, 35929.0], [8.55250358581543, 253, 45611, 35088.75], [8.963228702545166, 269, 50481, 34282.0], [10.40335726737976, 292, 55933, 34145.75], [11.186249256134033, 305, 72805, 33697.0], [11.921384572982788, 306, 86322, 33544.0], [12.68271279335022, 306, 99827, 33544.0]]}