{"problem": {"name": "R104", "datafile": "problems/solomon/25/R104.txt", "num_cust_nodes": 25, "num_tot_nodes": 27, "Gamma": 2, "t_range": 0.25, "Delta": 2, "d_range": 0.25, "num_drones": 2, "drone_time_multiplier": 0.25, "drone_cost_multiplier": 0.25, "flight_limit": 25, "demand_ratio": 0.75}, "timelimit": 3600, "num_cpus": 4, "alg": "BnP", "root_LP": 32057.0, "tot_cg_iterations": 22, "global_lb": 32057.0, "time": 8.697815895080566, "obj": 1e+20, "tot_mp_time": 0.013756990432739258, "tot_sp_time": 8.66154670715332, "tot_sp_heu1_time": 3.3488717079162598, "tot_sp_heu2_time": 3.848604202270508, "tot_sp_exact_time": 1.4584758281707764, "tot_num_sp_heu1": 22, "tot_num_sp_heu2": 11, "tot_num_sp_exact": 2, "tot_sp1_time": 23.476354598999023, "tot_sp2_time": 8.897542953491211, "tot_heu_time": 0, "raw_solution": null, "solution": null, "num_bnb_nodes": 1, "num_bnb_remaining_nodes": 0, "tot_num_gen_cols": 426, "tot_num_labels": 158559, "termination_status": "Optimal", "cg_result": [[0.04277849197387695, 30, 30, 52660.5], [0.1698918342590332, 60, 58, 44225.6], [0.3598003387451172, 93, 79, 41893.83333333334], [0.5721819400787354, 131, 103, 41430.15384615385], [0.7614915370941162, 143, 114, 38424.4], [0.8860571384429932, 149, 118, 37335.0], [1.0244700908660889, 150, 119, 36925.282608695656], [1.661921739578247, 200, 16604, 36925.28260869566], [1.8021624088287354, 206, 16609, 34970.75], [2.294307231903076, 246, 25736, 34970.75000000002], [2.4357082843780518, 249, 25739, 34309.25], [2.6111979484558105, 250, 25740, 34056.72727272727], [3.148402214050293, 281, 36874, 34056.72727272729], [3.6693692207336426, 328, 45187, 33643.5], [4.154341697692871, 367, 53487, 33427.25], [4.555582523345947, 395, 65993, 32403.0], [4.72908353805542, 397, 65994, 32243.0], [5.204602956771851, 413, 75334, 32243.0], [5.755560874938965, 415, 83673, 32107.0], [6.959394931793213, 421, 117213, 32057.0], [7.484806537628174, 426, 125618, 32057.0], [8.67530369758606, 426, 158559, 32057.0]]}