{"problem": {"name": "R105", "datafile": "problems/solomon/25/R105.txt", "num_cust_nodes": 25, "num_tot_nodes": 27, "Gamma": 2, "t_range": 0.25, "Delta": 2, "d_range": 0.25, "num_drones": 2, "drone_time_multiplier": 0.25, "drone_cost_multiplier": 0.25, "flight_limit": 25, "demand_ratio": 0.75}, "timelimit": 3600, "num_cpus": 4, "alg": "BnP", "root_LP": 35072.0, "tot_cg_iterations": 10, "global_lb": 35072.0, "time": 1.5665745735168457, "obj": 1e+20, "tot_mp_time": 0.016292810440063477, "tot_sp_time": 1.5411629676818848, "tot_sp_heu1_time": 0.7661221027374268, "tot_sp_heu2_time": 0.5746827125549316, "tot_sp_exact_time": 0.19877099990844727, "tot_num_sp_heu1": 10, "tot_num_sp_heu2": 7, "tot_num_sp_exact": 2, "tot_sp1_time": 5.5727667808532715, "tot_sp2_time": 0.1450943946838379, "tot_heu_time": 0, "raw_solution": null, "solution": null, "num_bnb_nodes": 1, "num_bnb_remaining_nodes": 0, "tot_num_gen_cols": 153, "tot_num_labels": 682, "termination_status": "Optimal", "cg_result": [[0.0642385482788086, 28, 28, 52660.5], [0.1547081470489502, 32, 31, 43234.5], [0.2287006378173828, 33, 32, 40174.666666666664], [0.3255941867828369, 64, 118, 40174.666666666664], [0.44972658157348633, 95, 177, 38024.0], [0.6303560733795166, 119, 261, 36375.0], [0.7956593036651611, 125, 321, 35182.0], [0.9990377426147461, 126, 378, 35140.0], [1.289616584777832, 153, 548, 35072.0], [1.5574557781219482, 153, 682, 35072.0]]}