{"problem": {"name": "R106", "datafile": "problems/solomon/25/R106.txt", "num_cust_nodes": 25, "num_tot_nodes": 27, "Gamma": 2, "t_range": 0.25, "Delta": 2, "d_range": 0.25, "num_drones": 2, "drone_time_multiplier": 0.25, "drone_cost_multiplier": 0.25, "flight_limit": 25, "demand_ratio": 0.75}, "timelimit": 3600, "num_cpus": 4, "alg": "BnP", "root_LP": 32745.333333333332, "tot_cg_iterations": 16, "global_lb": 32745.333333333332, "time": 4.6311705112457275, "obj": 1e+20, "tot_mp_time": 0.007831096649169922, "tot_sp_time": 4.6077563762664795, "tot_sp_heu1_time": 1.9601826667785645, "tot_sp_heu2_time": 2.200944185256958, "tot_sp_exact_time": 0.4429597854614258, "tot_num_sp_heu1": 16, "tot_num_sp_heu2": 11, "tot_num_sp_exact": 3, "tot_sp1_time": 12.3863365650177, "tot_sp2_time": 2.9406392574310303, "tot_heu_time": 0, "raw_solution": null, "solution": null, "num_bnb_nodes": 1, "num_bnb_remaining_nodes": 0, "tot_num_gen_cols": 260, "tot_num_labels": 19035, "termination_status": "Optimal", "cg_result": [[0.0384979248046875, 28, 28, 52660.5], [0.14705538749694824, 56, 52, 44853.0], [0.30210375785827637, 75, 62, 40516.25], [0.48099279403686523, 109, 1462, 36915.75], [0.5964128971099854, 111, 1464, 34455.5], [0.7061746120452881, 112, 1465, 34455.5], [0.8842928409576416, 143, 3017, 34455.5], [1.1892149448394775, 173, 5048, 34429.333333333336], [1.5790319442749023, 191, 6495, 33816.666666666664], [2.3141028881073, 209, 7992, 33581.666666666664], [2.658395528793335, 215, 9013, 32940.0], [2.980811357498169, 219, 10149, 32940.0], [3.3729772567749023, 251, 12549, 32837.33333333333], [3.646796226501465, 253, 13410, 32837.33333333333], [4.115110635757446, 260, 16169, 32837.33333333333], [4.615587472915649, 260, 19035, 32745.333333333332]]}