{"problem": {"name": "R107", "datafile": "problems/solomon/25/R107.txt", "num_cust_nodes": 25, "num_tot_nodes": 27, "Gamma": 2, "t_range": 0.25, "Delta": 2, "d_range": 0.25, "num_drones": 2, "drone_time_multiplier": 0.25, "drone_cost_multiplier": 0.25, "flight_limit": 25, "demand_ratio": 0.75}, "timelimit": 3600, "num_cpus": 4, "alg": "BnP", "root_LP": 31820.0, "tot_cg_iterations": 24, "global_lb": 31820.0, "time": 12.863651037216187, "obj": 1e+20, "tot_mp_time": 0.0215911865234375, "tot_sp_time": 12.818938493728638, "tot_sp_heu1_time": 3.222806453704834, "tot_sp_heu2_time": 7.757474660873413, "tot_sp_exact_time": 1.8319041728973389, "tot_num_sp_heu1": 24, "tot_num_sp_heu2": 16, "tot_num_sp_exact": 3, "tot_sp1_time": 21.545091152191162, "tot_sp2_time": 24.688061475753784, "tot_heu_time": 0, "raw_solution": null, "solution": null, "num_bnb_nodes": 1, "num_bnb_remaining_nodes": 0, "tot_num_gen_cols": 488, "tot_num_labels": 229349, "termination_status": "Optimal", "cg_result": [[0.03338193893432617, 29, 27, 52660.5], [0.09039473533630371, 58, 46, 43953.85714285715], [0.19659090042114258, 88, 73, 40558.75], [0.3481025695800781, 117, 99, 40349.36842105264], [0.486311674118042, 123, 105, 38209.80701754387], [0.8114492893218994, 165, 17426, 38111.375], [0.9429652690887451, 167, 17427, 37311.13333333334], [1.0691285133361816, 169, 17428, 36665.88888888889], [1.5579850673675537, 203, 21398, 36302.090909090904], [2.4377474784851074, 245, 27052, 35520.0], [3.296273708343506, 281, 35257, 34832.5], [3.9593305587768555, 312, 44978, 34480.454545454544], [4.662242889404297, 344, 53892, 34036.5], [5.007408142089844, 375, 60790, 33402.0], [5.179260730743408, 376, 60791, 32717.5], [5.5777270793914795, 406, 70403, 32717.5], [6.123427867889404, 429, 81231, 32714.333333333332], [6.776285886764526, 444, 92387, 32306.0], [7.37194037437439, 446, 103855, 31925.666666666668], [8.3353910446167, 476, 139305, 31925.666666666668], [9.191443681716919, 482, 149098, 31925.666666666668], [10.075395107269287, 486, 159322, 31820.0], [11.434216737747192, 488, 194340, 31820.0], [12.840529680252075, 488, 229349, 31820.0]]}