{"problem": {"name": "R108", "datafile": "problems/solomon/25/R108.txt", "num_cust_nodes": 25, "num_tot_nodes": 27, "Gamma": 2, "t_range": 0.25, "Delta": 2, "d_range": 0.25, "num_drones": 2, "drone_time_multiplier": 0.25, "drone_cost_multiplier": 0.25, "flight_limit": 25, "demand_ratio": 0.75}, "timelimit": 3600, "num_cpus": 4, "alg": "BnP", "root_LP": 29768.0, "tot_cg_iterations": 21, "global_lb": 29768.0, "time": 11.56410002708435, "obj": 1e+20, "tot_mp_time": 0.05020427703857422, "tot_sp_time": 11.490663528442383, "tot_sp_heu1_time": 3.348170757293701, "tot_sp_heu2_time": 5.5949366092681885, "tot_sp_exact_time": 2.541524887084961, "tot_num_sp_heu1": 21, "tot_num_sp_heu2": 13, "tot_num_sp_exact": 3, "tot_sp1_time": 30.45693063735962, "tot_sp2_time": 11.990911960601807, "tot_heu_time": 0, "raw_solution": null, "solution": null, "num_bnb_nodes": 1, "num_bnb_remaining_nodes": 0, "tot_num_gen_cols": 567, "tot_num_labels": 278412, "termination_status": "Optimal", "cg_result": [[0.034262895584106445, 29, 28, 52660.5], [0.07636427879333496, 58, 46, 43811.799999999996], [0.3224472999572754, 94, 63, 42049.533333333326], [0.5458335876464844, 129, 82, 42032.4375], [0.973491907119751, 161, 103, 40768.700000000004], [1.0373659133911133, 192, 119, 35004.2], [1.2243738174438477, 208, 132, 33661.92857142857], [1.3979239463806152, 213, 137, 33644.35714285714], [1.6988627910614014, 255, 6883, 32353.0], [2.043245315551758, 321, 16999, 32353.0], [2.3625850677490234, 372, 26220, 32353.0], [2.9425837993621826, 416, 39670, 32353.0], [3.5311660766601562, 462, 55653, 31969.25], [4.10922384262085, 482, 70378, 30672.0], [4.7225182056427, 519, 85371, 30632.0], [5.436320781707764, 524, 103617, 30336.0], [6.270375967025757, 531, 123414, 30336.0], [7.103096008300781, 534, 140190, 30167.5], [8.12368655204773, 562, 168015, 29768.0], [9.906959056854248, 567, 226608, 29768.0], [11.540867805480957, 567, 278412, 29768.0]]}