{"problem": {"name": "R109", "datafile": "problems/solomon/25/R109.txt", "num_cust_nodes": 25, "num_tot_nodes": 27, "Gamma": 2, "t_range": 0.25, "Delta": 2, "d_range": 0.25, "num_drones": 2, "drone_time_multiplier": 0.25, "drone_cost_multiplier": 0.25, "flight_limit": 25, "demand_ratio": 0.75}, "timelimit": 3600, "num_cpus": 4, "alg": "BnP", "root_LP": 33437.0, "tot_cg_iterations": 21, "global_lb": 33437.0, "time": 3.8895905017852783, "obj": 1e+20, "tot_mp_time": 0.01701188087463379, "tot_sp_time": 3.852013349533081, "tot_sp_heu1_time": 2.1028194427490234, "tot_sp_heu2_time": 1.3337256908416748, "tot_sp_exact_time": 0.412395715713501, "tot_num_sp_heu1": 21, "tot_num_sp_heu2": 14, "tot_num_sp_exact": 3, "tot_sp1_time": 13.269044399261475, "tot_sp2_time": 0.7831594944000244, "tot_heu_time": 0, "raw_solution": null, "solution": null, "num_bnb_nodes": 1, "num_bnb_remaining_nodes": 0, "tot_num_gen_cols": 374, "tot_num_labels": 5756, "termination_status": "Optimal", "cg_result": [[0.037799835205078125, 29, 29, 52660.5], [0.12781190872192383, 58, 53, 44713.5], [0.23955774307250977, 70, 62, 38252.5], [0.35011816024780273, 94, 82, 38252.5], [0.4571523666381836, 95, 83, 38017.75], [0.6344921588897705, 134, 329, 38017.75], [0.7554807662963867, 170, 610, 37399.5], [0.8523380756378174, 171, 611, 36839.5], [0.9860632419586182, 205, 1040, 36839.5], [1.0801868438720703, 206, 1041, 36357.333333333336], [1.2340762615203857, 239, 1442, 36357.33333333333], [1.4315447807312012, 269, 1746, 34808.4], [1.614881992340088, 299, 2102, 34530.0], [1.8085429668426514, 327, 2370, 34114.0], [2.0384578704833984, 349, 2703, 33889.66666666667], [2.2569799423217773, 357, 2998, 33742.0], [2.490936279296875, 358, 3259, 33714.0], [2.8845303058624268, 370, 4059, 33714.0], [3.245770215988159, 373, 4801, 33595.28571428571], [3.4844906330108643, 374, 5041, 33437.0], [3.869025230407715, 374, 5756, 33437.0]]}