{"problem": {"name": "R110", "datafile": "problems/solomon/25/R110.txt", "num_cust_nodes": 25, "num_tot_nodes": 27, "Gamma": 2, "t_range": 0.25, "Delta": 2, "d_range": 0.25, "num_drones": 2, "drone_time_multiplier": 0.25, "drone_cost_multiplier": 0.25, "flight_limit": 25, "demand_ratio": 0.75}, "timelimit": 3600, "num_cpus": 4, "alg": "BnP", "root_LP": 31450.0, "tot_cg_iterations": 16, "global_lb": 31450.0, "time": 3.9211440086364746, "obj": 1e+20, "tot_mp_time": 0.025825977325439453, "tot_sp_time": 3.876990556716919, "tot_sp_heu1_time": 2.0149996280670166, "tot_sp_heu2_time": 1.4765498638153076, "tot_sp_exact_time": 0.3829531669616699, "tot_num_sp_heu1": 16, "tot_num_sp_heu2": 10, "tot_num_sp_exact": 2, "tot_sp1_time": 11.3783540725708, "tot_sp2_time": 2.839524745941162, "tot_heu_time": 0, "raw_solution": null, "solution": null, "num_bnb_nodes": 1, "num_bnb_remaining_nodes": 0, "tot_num_gen_cols": 389, "tot_num_labels": 17257, "termination_status": "Optimal", "cg_result": [[0.05084085464477539, 29, 34, 52660.5], [0.148878812789917, 58, 56, 42038.5], [0.21462774276733398, 86, 74, 38506.5], [0.3328690528869629, 114, 95, 36918.0], [0.4765164852142334, 115, 96, 36355.0], [0.7189998626708984, 162, 822, 35907.0], [0.8357458114624023, 163, 823, 35016.0], [1.0206902027130127, 203, 1670, 35016.0], [1.377863883972168, 239, 3300, 34681.83333333334], [1.647284984588623, 286, 4948, 34506.25], [1.8869884014129639, 327, 6241, 34115.5], [2.1598734855651855, 355, 7804, 32290.499999999996], [2.4762818813323975, 358, 8943, 31450.0], [2.8310635089874268, 361, 10158, 31450.0], [3.359724998474121, 389, 14158, 31450.0], [3.9028165340423584, 389, 17257, 31450.0]]}