{"problem": {"name": "R111", "datafile": "problems/solomon/25/R111.txt", "num_cust_nodes": 25, "num_tot_nodes": 27, "Gamma": 2, "t_range": 0.25, "Delta": 2, "d_range": 0.25, "num_drones": 2, "drone_time_multiplier": 0.25, "drone_cost_multiplier": 0.25, "flight_limit": 25, "demand_ratio": 0.75}, "timelimit": 3600, "num_cpus": 4, "alg": "BnP", "root_LP": 31866.0, "tot_cg_iterations": 20, "global_lb": 31866.0, "time": 14.677423000335693, "obj": 1e+20, "tot_mp_time": 0.02481698989868164, "tot_sp_time": 14.627217054367065, "tot_sp_heu1_time": 2.726409435272217, "tot_sp_heu2_time": 11.065503358840942, "tot_sp_exact_time": 0.8287107944488525, "tot_num_sp_heu1": 20, "tot_num_sp_heu2": 14, "tot_num_sp_exact": 3, "tot_sp1_time": 15.326318502426147, "tot_sp2_time": 38.124139070510864, "tot_heu_time": 0, "raw_solution": null, "solution": null, "num_bnb_nodes": 1, "num_bnb_remaining_nodes": 0, "tot_num_gen_cols": 488, "tot_num_labels": 101364, "termination_status": "Optimal", "cg_result": [[0.03608536720275879, 28, 31, 52660.5], [0.1412215232849121, 57, 50, 43215.75], [0.3646843433380127, 88, 76, 40062.85714285714], [0.49799466133117676, 101, 87, 39882.25], [1.1403145790100098, 131, 9329, 39102.5], [1.2945537567138672, 140, 9336, 37170.452380952374], [1.4342529773712158, 142, 9337, 35676.66666666667], [2.1808114051818848, 196, 12982, 35575.799999999996], [5.047937393188477, 235, 19148, 34543.909090909096], [6.252763509750366, 269, 24294, 34196.75], [7.999819993972778, 305, 30976, 33933.60000000001], [10.010752201080322, 339, 44658, 33748.0], [10.320923328399658, 375, 49257, 33009.0], [10.76719617843628, 404, 55140, 32391.0], [11.453291177749634, 435, 60138, 32391.0], [11.923965454101562, 441, 64866, 32176.999999999996], [12.464938163757324, 469, 71382, 31868.666666666668], [12.999237537384033, 470, 75465, 31868.666666666668], [13.856393337249756, 488, 88915, 31868.666666666668], [14.652034044265747, 488, 101364, 31866.0]]}