{"problem": {"name": "R112", "datafile": "problems/solomon/25/R112.txt", "num_cust_nodes": 25, "num_tot_nodes": 27, "Gamma": 2, "t_range": 0.25, "Delta": 2, "d_range": 0.25, "num_drones": 2, "drone_time_multiplier": 0.25, "drone_cost_multiplier": 0.25, "flight_limit": 25, "demand_ratio": 0.75}, "timelimit": 3600, "num_cpus": 4, "alg": "BnP", "root_LP": 29559.36363636364, "tot_cg_iterations": 29, "global_lb": 29559.36363636364, "time": 18.407102584838867, "obj": 1e+20, "tot_mp_time": 0.030350685119628906, "tot_sp_time": 18.34616994857788, "tot_sp_heu1_time": 4.856550216674805, "tot_sp_heu2_time": 10.060680150985718, "tot_sp_exact_time": 3.4192793369293213, "tot_num_sp_heu1": 29, "tot_num_sp_heu2": 20, "tot_num_sp_exact": 5, "tot_sp1_time": 29.980539083480835, "tot_sp2_time": 37.749027729034424, "tot_heu_time": 0, "raw_solution": null, "solution": null, "num_bnb_nodes": 1, "num_bnb_remaining_nodes": 0, "tot_num_gen_cols": 724, "tot_num_labels": 255944, "termination_status": "Optimal", "cg_result": [[0.06214594841003418, 30, 30, 52660.5], [0.5798325538635254, 64, 51, 41991.50000000001], [0.6246011257171631, 95, 64, 39325.0], [0.6909317970275879, 123, 87, 39292.92307692308], [0.8442356586456299, 153, 110, 36691.571428571435], [0.9569284915924072, 182, 128, 35350.13333333333], [1.1056890487670898, 191, 133, 34869.25], [1.3335185050964355, 228, 384, 34329.8], [1.470524787902832, 229, 385, 33668.210526315794], [1.6066315174102783, 230, 386, 33646.090909090904], [2.052107810974121, 282, 3670, 33425.620689655174], [2.521272897720337, 332, 5620, 32909.33333333333], [3.306119918823242, 378, 15007, 32533.727272727276], [4.240015506744385, 408, 18991, 32498.81818181818], [4.8779137134552, 459, 23185, 32337.75], [5.518879175186157, 500, 27632, 32167.75], [6.122189998626709, 542, 31739, 31915.5], [6.7750139236450195, 584, 37422, 30808.0], [7.159638404846191, 619, 43185, 30486.5], [7.771000862121582, 655, 51086, 30212.0], [9.296116352081299, 664, 61601, 29896.000000000004], [9.881064653396606, 665, 69878, 29795.333333333336], [10.909194946289062, 666, 78089, 29795.33333333333], [12.198040008544922, 690, 109845, 29772.666666666664], [13.081536293029785, 693, 120378, 29611.333333333332], [14.657511949539185, 721, 158021, 29611.333333333332], [15.75903844833374, 723, 188507, 29563.33333333333], [17.01046323776245, 724, 222549, 29563.33333333333], [18.37652063369751, 724, 255944, 29559.36363636364]]}