{"problem": {"name": "RC101", "datafile": "problems/solomon/25/RC101.txt", "num_cust_nodes": 25, "num_tot_nodes": 27, "Gamma": 2, "t_range": 0.25, "Delta": 2, "d_range": 0.25, "num_drones": 2, "drone_time_multiplier": 0.25, "drone_cost_multiplier": 0.25, "flight_limit": 25, "demand_ratio": 0.75}, "timelimit": 3600, "num_cpus": 4, "alg": "BnP", "root_LP": 28399.0, "tot_cg_iterations": 10, "global_lb": 28399.0, "time": 1.3362839221954346, "obj": 1e+20, "tot_mp_time": 0.022093772888183594, "tot_sp_time": 1.3041205406188965, "tot_sp_heu1_time": 0.7137360572814941, "tot_sp_heu2_time": 0.410142183303833, "tot_sp_exact_time": 0.17911839485168457, "tot_num_sp_heu1": 10, "tot_num_sp_heu2": 6, "tot_num_sp_exact": 2, "tot_sp1_time": 4.546170473098755, "tot_sp2_time": 0.2771940231323242, "tot_heu_time": 0, "raw_solution": null, "solution": null, "num_bnb_nodes": 1, "num_bnb_remaining_nodes": 0, "tot_num_gen_cols": 184, "tot_num_labels": 3368, "termination_status": "Optimal", "cg_result": [[0.0576939582824707, 30, 32, 61086.0], [0.14740228652954102, 58, 52, 51529.0], [0.2200157642364502, 63, 57, 36312.0], [0.2872781753540039, 64, 58, 32769.0], [0.362851619720459, 106, 114, 32769.0], [0.4839358329772949, 135, 218, 31309.0], [0.643040657043457, 172, 565, 30124.0], [0.801231861114502, 181, 986, 28412.0], [1.059913158416748, 184, 2177, 28399.0], [1.32621431350708, 184, 3368, 28399.0]]}