{"problem": {"name": "RC104", "datafile": "problems/solomon/25/RC104.txt", "num_cust_nodes": 25, "num_tot_nodes": 27, "Gamma": 2, "t_range": 0.25, "Delta": 2, "d_range": 0.25, "num_drones": 2, "drone_time_multiplier": 0.25, "drone_cost_multiplier": 0.25, "flight_limit": 25, "demand_ratio": 0.75}, "timelimit": 3600, "num_cpus": 4, "alg": "BnP", "root_LP": 27391.0, "tot_cg_iterations": 17, "global_lb": 27391.0, "time": 35.39380621910095, "obj": 1e+20, "tot_mp_time": 0.05177950859069824, "tot_sp_time": 35.319068908691406, "tot_sp_heu1_time": 2.1141135692596436, "tot_sp_heu2_time": 13.027426481246948, "tot_sp_exact_time": 20.173217296600342, "tot_num_sp_heu1": 17, "tot_num_sp_heu2": 9, "tot_num_sp_exact": 3, "tot_sp1_time": 54.08899259567261, "tot_sp2_time": 84.57249212265015, "tot_heu_time": 0, "raw_solution": null, "solution": null, "num_bnb_nodes": 1, "num_bnb_remaining_nodes": 0, "tot_num_gen_cols": 607, "tot_num_labels": 1263129, "termination_status": "Optimal", "cg_result": [[0.04434919357299805, 28, 23, 61086.0], [0.16921472549438477, 59, 47, 43256.0], [0.20772504806518555, 93, 59, 43256.0], [0.29822468757629395, 130, 79, 41193.0], [0.4136173725128174, 161, 98, 39557.66666666667], [0.5130617618560791, 189, 114, 37810.88888888889], [0.6521224975585938, 217, 136, 35179.66666666667], [0.7834568023681641, 219, 138, 29791.0], [0.9973814487457275, 280, 6349, 29791.0], [1.3147103786468506, 309, 19131, 29718.0], [1.7877063751220703, 367, 43378, 29183.0], [3.1387388706207275, 509, 69978, 29183.0], [5.322652578353882, 537, 153547, 27717.0], [7.771001577377319, 567, 249012, 27490.0], [10.703883409500122, 602, 392625, 27391.0], [21.579830408096313, 607, 735720, 27391.0], [35.370848417282104, 607, 1263129, 27391.0]]}