{"problem": {"name": "RC108", "datafile": "problems/solomon/25/RC108.txt", "num_cust_nodes": 25, "num_tot_nodes": 27, "Gamma": 2, "t_range": 0.25, "Delta": 2, "d_range": 0.25, "num_drones": 2, "drone_time_multiplier": 0.25, "drone_cost_multiplier": 0.25, "flight_limit": 25, "demand_ratio": 0.75}, "timelimit": 3600, "num_cpus": 4, "alg": "BnP", "root_LP": 27371.0, "tot_cg_iterations": 25, "global_lb": 27371.0, "time": 17.226619482040405, "obj": 1e+20, "tot_mp_time": 0.09929513931274414, "tot_sp_time": 17.094036102294922, "tot_sp_heu1_time": 3.3281309604644775, "tot_sp_heu2_time": 8.025439977645874, "tot_sp_exact_time": 5.734947919845581, "tot_num_sp_heu1": 25, "tot_num_sp_heu2": 14, "tot_num_sp_exact": 2, "tot_sp1_time": 25.828665494918823, "tot_sp2_time": 40.43435549736023, "tot_heu_time": 0, "raw_solution": null, "solution": null, "num_bnb_nodes": 1, "num_bnb_remaining_nodes": 0, "tot_num_gen_cols": 871, "tot_num_labels": 649528, "termination_status": "Optimal", "cg_result": [[0.04362368583679199, 29, 28, 61086.0], [0.08124971389770508, 63, 39, 49487.09999999999], [0.17474102973937988, 96, 55, 48019.71428571429], [0.25346803665161133, 126, 68, 39151.0], [0.37059593200683594, 157, 84, 36407.5], [0.45551514625549316, 188, 102, 32298.571428571424], [0.5599820613861084, 217, 117, 30797.0], [0.7224464416503906, 245, 129, 30797.0], [0.8948214054107666, 276, 144, 29425.0], [1.1073534488677979, 319, 1578, 29425.0], [1.336444616317749, 361, 6051, 29194.0], [1.6157891750335693, 406, 12064, 29162.0], [2.1531808376312256, 434, 24193, 28923.0], [2.3164353370666504, 439, 24194, 28786.0], [2.465317726135254, 441, 24196, 28786.0], [2.949355125427246, 493, 37823, 28786.0], [3.6179659366607666, 535, 50843, 28786.0], [4.516679763793945, 570, 63020, 28606.0], [5.314943313598633, 658, 79239, 28034.0], [6.465122222900391, 694, 112165, 28034.0], [7.48800253868103, 758, 143817, 27902.0], [8.480514526367188, 803, 177071, 27470.0], [9.49635910987854, 851, 209976, 27470.0], [13.44570803642273, 871, 429624, 27371.0], [17.193331241607666, 871, 649528, 27371.0]]}