{"problem": {"name": "RC102", "datafile": "problems/solomon/25/RC102.txt", "num_cust_nodes": 25, "num_tot_nodes": 27, "Gamma": 2, "t_range": 0.25, "Delta": 2, "d_range": 0.25, "num_drones": 2, "drone_time_multiplier": 0.25, "drone_cost_multiplier": 0.25, "flight_limit": 25, "demand_ratio": 0.75}, "timelimit": 3600, "num_cpus": 4, "alg": "BnP", "root_LP": 28188.0, "tot_cg_iterations": 16, "global_lb": 28188.0, "time": 3.7463574409484863, "obj": 1e+20, "tot_mp_time": 0.04036426544189453, "tot_sp_time": 3.690203905105591, "tot_sp_heu1_time": 1.786958932876587, "tot_sp_heu2_time": 1.1527132987976074, "tot_sp_exact_time": 0.7480175495147705, "tot_num_sp_heu1": 16, "tot_num_sp_heu2": 10, "tot_num_sp_exact": 3, "tot_sp1_time": 10.857527017593384, "tot_sp2_time": 2.7605714797973633, "tot_heu_time": 0, "raw_solution": null, "solution": null, "num_bnb_nodes": 1, "num_bnb_remaining_nodes": 0, "tot_num_gen_cols": 414, "tot_num_labels": 71687, "termination_status": "Optimal", "cg_result": [[0.05588412284851074, 28, 27, 61086.0], [0.16849160194396973, 57, 57, 54038.0], [0.28418469429016113, 85, 77, 50515.66666666667], [0.4016077518463135, 98, 89, 39986.333333333336], [0.5408604145050049, 102, 93, 35023.666666666664], [0.6588666439056396, 117, 107, 35023.666666666664], [0.7825093269348145, 195, 414, 30832.0], [0.9202134609222412, 266, 998, 30449.0], [1.0802102088928223, 294, 1611, 30031.0], [1.2884442806243896, 328, 3109, 29694.0], [1.5344464778900146, 358, 5943, 29557.0], [1.802945613861084, 381, 8821, 28270.0], [2.0722405910491943, 384, 11811, 28189.0], [2.5563576221466064, 413, 26935, 28189.0], [3.1448605060577393, 414, 49311, 28189.0], [3.7305681705474854, 414, 71687, 28188.0]]}