{"problem": {"name": "RC107", "datafile": "problems/solomon/25/RC107.txt", "num_cust_nodes": 25, "num_tot_nodes": 27, "Gamma": 2, "t_range": 0.25, "Delta": 2, "d_range": 0.25, "num_drones": 2, "drone_time_multiplier": 0.25, "drone_cost_multiplier": 0.25, "flight_limit": 25, "demand_ratio": 0.75}, "timelimit": 3600, "num_cpus": 4, "alg": "BnP", "root_LP": 27607.0, "tot_cg_iterations": 17, "global_lb": 27607.0, "time": 6.5494935512542725, "obj": 1e+20, "tot_mp_time": 0.05249929428100586, "tot_sp_time": 6.475008487701416, "tot_sp_heu1_time": 2.003610134124756, "tot_sp_heu2_time": 2.6187853813171387, "tot_sp_exact_time": 1.8491075038909912, "tot_num_sp_heu1": 17, "tot_num_sp_heu2": 10, "tot_num_sp_exact": 2, "tot_sp1_time": 11.05155634880066, "tot_sp2_time": 13.70444941520691, "tot_heu_time": 0, "raw_solution": null, "solution": null, "num_bnb_nodes": 1, "num_bnb_remaining_nodes": 0, "tot_num_gen_cols": 591, "tot_num_labels": 146081, "termination_status": "Optimal", "cg_result": [[0.04561591148376465, 29, 29, 61086.0], [0.13353896141052246, 63, 44, 49299.666666666664], [0.22376298904418945, 96, 68, 42451.0], [0.28770875930786133, 125, 83, 38990.66666666666], [0.4142630100250244, 155, 106, 36725.57142857143], [0.5427730083465576, 168, 112, 29761.0], [0.6713752746582031, 169, 113, 28999.0], [0.8275835514068604, 250, 715, 28999.0], [1.0184893608093262, 301, 1909, 28827.0], [1.2602076530456543, 371, 4922, 28560.0], [1.5620346069335938, 429, 9197, 28153.0], [2.042705774307251, 467, 15237, 28153.0], [2.5432136058807373, 505, 22448, 27827.0], [3.095888614654541, 563, 30233, 27678.0], [3.6256861686706543, 565, 38927, 27627.0], [5.089105129241943, 591, 92582, 27608.0], [6.527507781982422, 591, 146081, 27607.0]]}