{"problem": {"name": "RC106", "datafile": "problems/solomon/25/RC106.txt", "num_cust_nodes": 25, "num_tot_nodes": 27, "Gamma": 2, "t_range": 0.25, "Delta": 2, "d_range": 0.25, "num_drones": 2, "drone_time_multiplier": 0.25, "drone_cost_multiplier": 0.25, "flight_limit": 25, "demand_ratio": 0.75}, "timelimit": 3600, "num_cpus": 4, "alg": "BnP", "root_LP": 28108.0, "tot_cg_iterations": 16, "global_lb": 28108.0, "time": 3.4015941619873047, "obj": 1e+20, "tot_mp_time": 0.045815467834472656, "tot_sp_time": 3.3387842178344727, "tot_sp_heu1_time": 1.585322618484497, "tot_sp_heu2_time": 1.2393343448638916, "tot_sp_exact_time": 0.5115444660186768, "tot_num_sp_heu1": 16, "tot_num_sp_heu2": 10, "tot_num_sp_exact": 4, "tot_sp1_time": 10.230430841445923, "tot_sp2_time": 2.173363208770752, "tot_heu_time": 0, "raw_solution": null, "solution": null, "num_bnb_nodes": 1, "num_bnb_remaining_nodes": 0, "tot_num_gen_cols": 358, "tot_num_labels": 39985, "termination_status": "Optimal", "cg_result": [[0.0429837703704834, 28, 27, 61086.0], [0.10692977905273438, 63, 40, 51398.99999999999], [0.2092418670654297, 89, 65, 43440.0], [0.3166182041168213, 118, 81, 34135.0], [0.409404993057251, 135, 85, 30452.0], [0.505927324295044, 140, 88, 30452.0], [0.6273365020751953, 188, 237, 29073.0], [0.8097009658813477, 221, 794, 29073.0], [1.0331103801727295, 260, 2113, 28799.0], [1.2848434448242188, 290, 3634, 28256.0], [1.5249459743499756, 295, 4994, 28179.0], [1.845353364944458, 325, 7428, 28126.0], [2.2046573162078857, 356, 15631, 28126.0], [2.484248638153076, 357, 17243, 28126.0], [2.9343338012695312, 358, 28616, 28126.0], [3.3845996856689453, 358, 39985, 28108.0]]}