{"problem": {"name": "RC105", "datafile": "problems/solomon/25/RC105.txt", "num_cust_nodes": 25, "num_tot_nodes": 27, "Gamma": 2, "t_range": 0.25, "Delta": 2, "d_range": 0.25, "num_drones": 2, "drone_time_multiplier": 0.25, "drone_cost_multiplier": 0.25, "flight_limit": 25, "demand_ratio": 0.75}, "timelimit": 3600, "num_cpus": 4, "alg": "BnP", "root_LP": 28360.0, "tot_cg_iterations": 14, "global_lb": 28360.0, "time": 2.654364824295044, "obj": 1e+20, "tot_mp_time": 0.01789999008178711, "tot_sp_time": 2.620522975921631, "tot_sp_heu1_time": 1.340766429901123, "tot_sp_heu2_time": 0.8966324329376221, "tot_sp_exact_time": 0.38114404678344727, "tot_num_sp_heu1": 14, "tot_num_sp_heu2": 9, "tot_num_sp_exact": 2, "tot_sp1_time": 8.092014074325562, "tot_sp2_time": 1.4260179996490479, "tot_heu_time": 0, "raw_solution": null, "solution": null, "num_bnb_nodes": 1, "num_bnb_remaining_nodes": 0, "tot_num_gen_cols": 335, "tot_num_labels": 14137, "termination_status": "Optimal", "cg_result": [[0.04354238510131836, 28, 27, 61086.0], [0.14194130897521973, 57, 57, 53896.0], [0.2416081428527832, 79, 74, 50828.33333333334], [0.3370361328125, 92, 84, 39885.333333333336], [0.4493274688720703, 97, 87, 34622.666666666664], [0.567901611328125, 157, 163, 34622.666666666664], [0.7394328117370605, 186, 585, 33627.66666666667], [0.900977373123169, 214, 834, 32754.5], [1.0934898853302002, 253, 1080, 31570.199999999997], [1.3041648864746094, 284, 1832, 28443.0], [1.549450397491455, 313, 2557, 28437.0], [1.7745039463043213, 317, 3219, 28437.0], [2.1927943229675293, 335, 8753, 28368.0], [2.638422966003418, 335, 14137, 28360.0]]}