{"problem": {"name": "RC103", "datafile": "problems/solomon/25/RC103.txt", "num_cust_nodes": 25, "num_tot_nodes": 27, "Gamma": 2, "t_range": 0.25, "Delta": 2, "d_range": 0.25, "num_drones": 2, "drone_time_multiplier": 0.25, "drone_cost_multiplier": 0.25, "flight_limit": 25, "demand_ratio": 0.75}, "timelimit": 3600, "num_cpus": 4, "alg": "BnP", "root_LP": 28001.0, "tot_cg_iterations": 19, "global_lb": 28001.0, "time": 6.986194372177124, "obj": 1e+20, "tot_mp_time": 0.05900835990905762, "tot_sp_time": 6.9024059772491455, "tot_sp_heu1_time": 2.4521102905273438, "tot_sp_heu2_time": 2.705716133117676, "tot_sp_exact_time": 1.7406046390533447, "tot_num_sp_heu1": 19, "tot_num_sp_heu2": 11, "tot_num_sp_exact": 2, "tot_sp1_time": 13.767446279525757, "tot_sp2_time": 12.426836967468262, "tot_heu_time": 0, "raw_solution": null, "solution": null, "num_bnb_nodes": 1, "num_bnb_remaining_nodes": 0, "tot_num_gen_cols": 652, "tot_num_labels": 187535, "termination_status": "Optimal", "cg_result": [[0.03934788703918457, 28, 24, 61086.0], [0.14362144470214844, 57, 52, 53746.0], [0.21238136291503906, 89, 62, 45982.66666666667], [0.31757116317749023, 121, 84, 43727.666666666664], [0.45083045959472656, 150, 98, 38603.00000000001], [0.5720508098602295, 190, 105, 32949.0], [0.7116804122924805, 219, 128, 32949.0], [0.8399536609649658, 237, 142, 32949.0], [0.9926555156707764, 287, 1661, 32418.0], [1.1887500286102295, 365, 3123, 32027.0], [1.5153553485870361, 403, 5744, 31690.0], [1.795623540878296, 434, 8375, 31553.0], [2.1128807067871094, 472, 11972, 30856.0], [2.4886794090270996, 519, 21481, 29620.0], [3.0076451301574707, 584, 33582, 28433.0], [3.587977647781372, 618, 47996, 28100.0], [4.13256049156189, 620, 63715, 28001.0], [5.240499496459961, 652, 102488, 28001.0], [6.961414337158203, 652, 187535, 28001.0]]}