{"problem": {"name": "RC103", "datafile": "problems/solomon/25/RC103.txt", "num_cust_nodes": 25, "num_tot_nodes": 27, "Gamma": 2, "t_range": 0.25, "Delta": 2, "d_range": 0.25, "num_drones": 0, "drone_time_multiplier": 0.25, "drone_cost_multiplier": 0.25, "flight_limit": 25, "demand_ratio": 0.75}, "timelimit": 3600, "num_cpus": 4, "alg": "BnP", "root_LP": 33773.0, "tot_cg_iterations": 39, "global_lb": 33773.0, "time": 7.264933347702026, "obj": 33773.0, "tot_mp_time": 0.0748744010925293, "tot_sp_time": 7.123537063598633, "tot_sp_heu1_time": 4.981415748596191, "tot_sp_heu2_time": 1.1804780960083008, "tot_sp_exact_time": 0.9547975063323975, "tot_num_sp_heu1": 39, "tot_num_sp_heu2": 8, "tot_num_sp_exact": 6, "tot_sp1_time": 26.713058710098267, "tot_sp2_time": 0.03611159324645996, "tot_heu_time": 0.017114877700805664, "raw_solution": [[[1.0, [0, 2, 7, 6, 8, 4, 5, 3, 1, 26], []], [1.0, [0, 20, 18, 21, 23, 22, 19, 25, 24, 26], []], [1.0, [0, 12, 14, 15, 11, 9, 10, 13, 16, 17, 26], []]], []], "solution": [[[0, 2, 7, 6, 8, 4, 5, 3, 1, 26], []], [[0, 20, 18, 21, 23, 22, 19, 25, 24, 26], []], [[0, 12, 14, 15, 11, 9, 10, 13, 16, 17, 26], []]], "num_bnb_nodes": 1, "num_bnb_remaining_nodes": 0, "tot_num_gen_cols": 657, "tot_num_labels": 722, "termination_status": "Optimal"}