{"problem": {"name": "RC107", "datafile": "problems/solomon/25/RC107.txt", "num_cust_nodes": 25, "num_tot_nodes": 27, "Gamma": 2, "t_range": 0.25, "Delta": 2, "d_range": 0.25, "num_drones": 0, "drone_time_multiplier": 0.25, "drone_cost_multiplier": 0.25, "flight_limit": 25, "demand_ratio": 0.75}, "timelimit": 3600, "num_cpus": 4, "alg": "BnP", "root_LP": 30258.0, "tot_cg_iterations": 35, "global_lb": 30258.0, "time": 7.16545033454895, "obj": 30258.0, "tot_mp_time": 0.1344013214111328, "tot_sp_time": 6.9785943031311035, "tot_sp_heu1_time": 4.388848543167114, "tot_sp_heu2_time": 1.54656982421875, "tot_sp_exact_time": 1.0365710258483887, "tot_num_sp_heu1": 35, "tot_num_sp_heu2": 11, "tot_num_sp_exact": 7, "tot_sp1_time": 26.156059741973877, "tot_sp2_time": 0.03676724433898926, "tot_heu_time": 0.009378194808959961, "raw_solution": [[[1.0, [0, 2, 6, 7, 8, 5, 3, 1, 4, 26], []], [1.0, [0, 25, 23, 21, 18, 19, 20, 22, 24, 26], []], [1.0, [0, 12, 14, 17, 16, 15, 11, 13, 9, 10, 26], []]], []], "solution": [[[0, 2, 6, 7, 8, 5, 3, 1, 4, 26], []], [[0, 25, 23, 21, 18, 19, 20, 22, 24, 26], []], [[0, 12, 14, 17, 16, 15, 11, 13, 9, 10, 26], []]], "num_bnb_nodes": 1, "num_bnb_remaining_nodes": 0, "tot_num_gen_cols": 566, "tot_num_labels": 602, "termination_status": "Optimal"}