{"problem": {"name": "RC106", "datafile": "problems/solomon/25/RC106.txt", "num_cust_nodes": 25, "num_tot_nodes": 27, "Gamma": 0, "t_range": 0.25, "Delta": 0, "d_range": 0.25, "num_drones": 2, "drone_time_multiplier": 0.25, "drone_cost_multiplier": 0.25, "flight_limit": 25, "demand_ratio": 0.75}, "timelimit": 3600, "num_cpus": 4, "alg": "BnP", "root_LP": 27820.0, "tot_cg_iterations": 20, "global_lb": 27820.0, "time": 7.391638517379761, "obj": 27820.0, "tot_mp_time": 0.1005244255065918, "tot_sp_time": 7.20984959602356, "tot_sp_heu1_time": 2.6278018951416016, "tot_sp_heu2_time": 2.936504602432251, "tot_sp_exact_time": 1.6391003131866455, "tot_num_sp_heu1": 20, "tot_num_sp_heu2": 12, "tot_num_sp_exact": 2, "tot_sp1_time": 15.570778369903564, "tot_sp2_time": 11.143969297409058, "tot_heu_time": 0.024269580841064453, "raw_solution": [[[1.0, [0, 2, 4, 26], [[[2, 6], 0], [[2, 7], 1], [[4, 1], 0], [[4, 5], 1], [[4, 8], 1], [[4, 3], 1]]], [1.0, [0, 12, 11, 10, 26], [[[12, 14], 0], [[11, 9], 0], [[11, 15], 1], [[11, 16], 1], [[11, 13], 0], [[11, 17], 1]]], [1.0, [0, 22, 19, 23, 24, 26], [[[23, 21], 0], [[23, 18], 1], [[23, 25], 0], [[24, 20], 0]]]], [[1.0, [2, 6]], [1.0, [2, 7]], [1.0, [4, 1]], [1.0, [4, 3]], [1.0, [4, 5]], [1.0, [4, 8]], [1.0, [11, 9]], [1.0, [11, 13]], [1.0, [11, 15]], [1.0, [11, 16]], [1.0, [11, 17]], [1.0, [12, 14]], [1.0, [23, 18]], [1.0, [23, 21]], [1.0, [23, 25]], [1.0, [24, 20]]]], "solution": [[[0, 2, 4, 26], [[[2, 6], [4, 1]], [[2, 7], [4, 5], [4, 8], [4, 3]]]], [[0, 12, 11, 10, 26], [[[12, 14], [11, 9], [11, 13]], [[11, 15], [11, 16], [11, 17]]]], [[0, 22, 19, 23, 24, 26], [[[23, 21], [23, 25], [24, 20]], [[23, 18]]]]], "num_bnb_nodes": 1, "num_bnb_remaining_nodes": 0, "tot_num_gen_cols": 706, "tot_num_labels": 147811, "termination_status": "Optimal"}