{"problem": {"name": "RC104", "datafile": "problems/solomon/25/RC104.txt", "num_cust_nodes": 25, "num_tot_nodes": 27, "Gamma": 2, "t_range": 0.25, "Delta": 2, "d_range": 0.25, "num_drones": 2, "drone_time_multiplier": 0.25, "drone_cost_multiplier": 0.25, "flight_limit": 25, "demand_ratio": 0.75}, "timelimit": 3600, "num_cpus": 4, "alg": "BnP", "root_LP": 27391.0, "tot_cg_iterations": 19, "global_lb": 27391.0, "time": 34.33290672302246, "obj": 27391.0, "tot_mp_time": 0.08093953132629395, "tot_sp_time": 34.15936470031738, "tot_sp_heu1_time": 3.430854558944702, "tot_sp_heu2_time": 12.3794846534729, "tot_sp_exact_time": 18.342085123062134, "tot_num_sp_heu1": 19, "tot_num_sp_heu2": 9, "tot_num_sp_exact": 2, "tot_sp1_time": 63.134294271469116, "tot_sp2_time": 68.30788540840149, "tot_heu_time": 0.03510260581970215, "raw_solution": [[[1.0, [0, 6, 4, 2, 26], [[[6, 7], 0], [[4, 8], 0], [[4, 1], 1], [[4, 3], 1], [[4, 5], 1]]], [1.0, [0, 12, 11, 10, 26], [[[12, 14], 0], [[12, 17], 1], [[11, 15], 0], [[11, 16], 1], [[11, 9], 0], [[11, 13], 1]]], [1.0, [0, 20, 19, 21, 23, 22, 26], [[[21, 18], 0], [[23, 25], 0], [[22, 24], 0]]]], [[1.0, [4, 1]], [1.0, [4, 3]], [1.0, [4, 5]], [1.0, [4, 8]], [1.0, [6, 7]], [1.0, [11, 9]], [1.0, [11, 13]], [1.0, [11, 15]], [1.0, [11, 16]], [1.0, [12, 14]], [1.0, [12, 17]], [1.0, [21, 18]], [1.0, [22, 24]], [1.0, [23, 25]]]], "solution": [[[0, 6, 4, 2, 26], [[[6, 7], [4, 8]], [[4, 1], [4, 3], [4, 5]]]], [[0, 12, 11, 10, 26], [[[12, 14], [11, 15], [11, 9]], [[12, 17], [11, 16], [11, 13]]]], [[0, 20, 19, 21, 23, 22, 26], [[[21, 18], [23, 25], [22, 24]], []]]], "num_bnb_nodes": 1, "num_bnb_remaining_nodes": 0, "tot_num_gen_cols": 567, "tot_num_labels": 906987, "termination_status": "Optimal"}