{"problem": {"name": "RC108", "datafile": "problems/solomon/25/RC108.txt", "num_cust_nodes": 25, "num_tot_nodes": 27, "Gamma": 2, "t_range": 0.25, "Delta": 2, "d_range": 0.25, "num_drones": 1, "drone_time_multiplier": 0.25, "drone_cost_multiplier": 0.25, "flight_limit": 25, "demand_ratio": 0.75}, "timelimit": 3600, "num_cpus": 4, "alg": "BnP", "root_LP": 27371.0, "tot_cg_iterations": 24, "global_lb": 27371.0, "time": 32.43888306617737, "obj": 27371.0, "tot_mp_time": 0.11857008934020996, "tot_sp_time": 32.26301407814026, "tot_sp_heu1_time": 3.9902241230010986, "tot_sp_heu2_time": 13.33486008644104, "tot_sp_exact_time": 14.930546045303345, "tot_num_sp_heu1": 24, "tot_num_sp_heu2": 14, "tot_num_sp_exact": 2, "tot_sp1_time": 43.676793575286865, "tot_sp2_time": 82.03774499893188, "tot_heu_time": 0.014083147048950195, "raw_solution": [[[1.0, [0, 6, 4, 2, 26], [[[6, 7], 0], [[4, 1], 0], [[4, 5], 0], [[4, 3], 0], [[4, 8], 0]]], [1.0, [0, 12, 11, 10, 26], [[[12, 14], 0], [[12, 17], 0], [[11, 13], 0], [[11, 15], 0], [[11, 16], 0], [[10, 9], 0]]], [1.0, [0, 22, 23, 21, 19, 20, 26], [[[22, 24], 0], [[23, 25], 0], [[21, 18], 0]]]], [[1.0, [4, 1]], [1.0, [4, 3]], [1.0, [4, 5]], [1.0, [4, 8]], [1.0, [6, 7]], [1.0, [10, 9]], [1.0, [11, 13]], [1.0, [11, 15]], [1.0, [11, 16]], [1.0, [12, 14]], [1.0, [12, 17]], [1.0, [21, 18]], [1.0, [22, 24]], [1.0, [23, 25]]]], "solution": [[[0, 6, 4, 2, 26], [[[6, 7], [4, 1], [4, 5], [4, 3], [4, 8]]]], [[0, 12, 11, 10, 26], [[[12, 14], [12, 17], [11, 13], [11, 15], [11, 16], [10, 9]]]], [[0, 22, 23, 21, 19, 20, 26], [[[22, 24], [23, 25], [21, 18]]]]], "num_bnb_nodes": 1, "num_bnb_remaining_nodes": 0, "tot_num_gen_cols": 942, "tot_num_labels": 832287, "termination_status": "Optimal"}