{"problem": {"name": "RC101", "datafile": "problems/solomon/25/RC101.txt", "num_cust_nodes": 25, "num_tot_nodes": 27, "Gamma": 2, "t_range": 0.25, "Delta": 2, "d_range": 0.25, "num_drones": 0, "drone_time_multiplier": 0.25, "drone_cost_multiplier": 0.25, "flight_limit": 25, "demand_ratio": 0.75}, "timelimit": 3600, "num_cpus": 4, "alg": "BnP", "root_LP": 41865.333333333336, "tot_cg_iterations": 295, "global_lb": 46742.5, "time": 50.135035276412964, "obj": 46750.0, "tot_mp_time": 0.18731164932250977, "tot_sp_time": 46.47301745414734, "tot_sp_heu1_time": 19.68192434310913, "tot_sp_heu2_time": 13.445143938064575, "tot_sp_exact_time": 13.294688701629639, "tot_num_sp_heu1": 295, "tot_num_sp_heu2": 209, "tot_num_sp_exact": 208, "tot_sp1_time": 161.2867031097412, "tot_sp2_time": 0.2405238151550293, "tot_heu_time": 2.6718873977661133, "raw_solution": [[[1.0, [0, 5, 2, 7, 6, 8, 3, 1, 4, 26], []], [1.0, [0, 11, 22, 20, 26], []], [1.0, [0, 14, 12, 15, 16, 9, 10, 13, 17, 26], []], [1.0, [0, 23, 21, 19, 18, 25, 24, 26], []]], []], "solution": [[[0, 5, 2, 7, 6, 8, 3, 1, 4, 26], []], [[0, 11, 22, 20, 26], []], [[0, 14, 12, 15, 16, 9, 10, 13, 17, 26], []], [[0, 23, 21, 19, 18, 25, 24, 26], []]], "num_bnb_nodes": 133, "num_bnb_remaining_nodes": 0, "tot_num_gen_cols": 706, "tot_num_labels": 723, "termination_status": "Optimal"}