{"problem": {"name": "RC105", "datafile": "problems/solomon/25/RC105.txt", "num_cust_nodes": 25, "num_tot_nodes": 27, "Gamma": 2, "t_range": 0.25, "Delta": 2, "d_range": 0.25, "num_drones": 0, "drone_time_multiplier": 0.25, "drone_cost_multiplier": 0.25, "flight_limit": 25, "demand_ratio": 0.75}, "timelimit": 3600, "num_cpus": 4, "alg": "BnP", "root_LP": 42858.16666666667, "tot_cg_iterations": 706, "global_lb": 45411.0, "time": 157.8820517063141, "obj": 45411.0, "tot_mp_time": 0.56654953956604, "tot_sp_time": 144.7197380065918, "tot_sp_heu1_time": 57.5192437171936, "tot_sp_heu2_time": 43.659003496170044, "tot_sp_exact_time": 43.412665605545044, "tot_num_sp_heu1": 706, "tot_num_sp_heu2": 553, "tot_num_sp_exact": 548, "tot_sp1_time": 507.572149515152, "tot_sp2_time": 0.7426168918609619, "tot_heu_time": 9.57932186126709, "raw_solution": [[[1.0, [0, 2, 5, 8, 6, 7, 4, 3, 1, 26], []], [1.0, [0, 11, 10, 13, 17, 26], []], [1.0, [0, 19, 23, 18, 22, 20, 21, 25, 26], []], [1.0, [0, 12, 14, 15, 16, 9, 24, 26], []]], []], "solution": [[[0, 2, 5, 8, 6, 7, 4, 3, 1, 26], []], [[0, 11, 10, 13, 17, 26], []], [[0, 19, 23, 18, 22, 20, 21, 25, 26], []], [[0, 12, 14, 15, 16, 9, 24, 26], []]], "num_bnb_nodes": 365, "num_bnb_remaining_nodes": 0, "tot_num_gen_cols": 1439, "tot_num_labels": 1529, "termination_status": "Optimal"}