{"problem": {"name": "RC102", "datafile": "problems/solomon/25/RC102.txt", "num_cust_nodes": 25, "num_tot_nodes": 27, "Gamma": 2, "t_range": 0.25, "Delta": 2, "d_range": 0.25, "num_drones": 0, "drone_time_multiplier": 0.25, "drone_cost_multiplier": 0.25, "flight_limit": 25, "demand_ratio": 0.75}, "timelimit": 3600, "num_cpus": 4, "alg": "BnP", "root_LP": 37015.333333333336, "tot_cg_iterations": 120, "global_lb": 39696.0, "time": 26.74018383026123, "obj": 40274.0, "tot_mp_time": 0.08210945129394531, "tot_sp_time": 26.005167245864868, "tot_sp_heu1_time": 11.814781427383423, "tot_sp_heu2_time": 7.097787857055664, "tot_sp_exact_time": 7.07366156578064, "tot_num_sp_heu1": 120, "tot_num_sp_heu2": 72, "tot_num_sp_exact": 72, "tot_sp1_time": 94.28704619407654, "tot_sp2_time": 0.1310114860534668, "tot_heu_time": 0.47917866706848145, "raw_solution": [[[1.0, [0, 2, 7, 6, 8, 4, 5, 3, 1, 26], []], [1.0, [0, 19, 23, 18, 21, 25, 24, 26], []], [1.0, [0, 14, 11, 15, 16, 9, 10, 13, 17, 12, 26], []], [1.0, [0, 22, 20, 26], []]], []], "solution": [[[0, 2, 7, 6, 8, 4, 5, 3, 1, 26], []], [[0, 19, 23, 18, 21, 25, 24, 26], []], [[0, 14, 11, 15, 16, 9, 10, 13, 17, 12, 26], []], [[0, 22, 20, 26], []]], "num_bnb_nodes": 37, "num_bnb_remaining_nodes": 0, "tot_num_gen_cols": 618, "tot_num_labels": 648, "termination_status": "Optimal"}