{"problem": {"name": "RC106", "datafile": "problems/solomon/25/RC106.txt", "num_cust_nodes": 25, "num_tot_nodes": 27, "Gamma": 2, "t_range": 0.25, "Delta": 2, "d_range": 0.25, "num_drones": 0, "drone_time_multiplier": 0.25, "drone_cost_multiplier": 0.25, "flight_limit": 25, "demand_ratio": 0.75}, "timelimit": 3600, "num_cpus": 4, "alg": "BnP", "root_LP": 34731.0, "tot_cg_iterations": 25, "global_lb": 34731.0, "time": 3.5614116191864014, "obj": 34731.0, "tot_mp_time": 0.045716285705566406, "tot_sp_time": 3.482266902923584, "tot_sp_heu1_time": 2.065458059310913, "tot_sp_heu2_time": 0.7876391410827637, "tot_sp_exact_time": 0.6262531280517578, "tot_num_sp_heu1": 25, "tot_num_sp_heu2": 9, "tot_num_sp_exact": 8, "tot_sp1_time": 12.700014591217041, "tot_sp2_time": 0.0174100399017334, "tot_heu_time": 0.008470296859741211, "raw_solution": [[[1.0, [0, 2, 5, 8, 7, 6, 4, 3, 1, 26], []], [1.0, [0, 11, 15, 16, 14, 12, 10, 9, 13, 17, 26], []], [1.0, [0, 19, 18, 21, 23, 20, 22, 25, 24, 26], []]], []], "solution": [[[0, 2, 5, 8, 7, 6, 4, 3, 1, 26], []], [[0, 11, 15, 16, 14, 12, 10, 9, 13, 17, 26], []], [[0, 19, 18, 21, 23, 20, 22, 25, 24, 26], []]], "num_bnb_nodes": 1, "num_bnb_remaining_nodes": 0, "tot_num_gen_cols": 402, "tot_num_labels": 428, "termination_status": "Optimal"}