{"problem": {"name": "RC103", "datafile": "problems/solomon/25/RC103.txt", "num_cust_nodes": 25, "num_tot_nodes": 27, "Gamma": 0, "t_range": 0.25, "Delta": 1, "d_range": 0.25, "num_drones": 2, "drone_time_multiplier": 0.25, "drone_cost_multiplier": 0.25, "flight_limit": 25, "demand_ratio": 0.75}, "timelimit": 3600, "num_cpus": 4, "alg": "BnP", "root_LP": 28001.0, "tot_cg_iterations": 26, "global_lb": 28001.0, "time": 37.880804777145386, "obj": 28001.0, "tot_mp_time": 0.16399312019348145, "tot_sp_time": 37.59264421463013, "tot_sp_heu1_time": 4.115733861923218, "tot_sp_heu2_time": 15.74251389503479, "tot_sp_exact_time": 17.724785804748535, "tot_num_sp_heu1": 26, "tot_num_sp_heu2": 17, "tot_num_sp_exact": 5, "tot_sp1_time": 93.09202098846436, "tot_sp2_time": 46.91455125808716, "tot_heu_time": 0.04300284385681152, "raw_solution": [[[1.0, [0, 6, 4, 2, 26], [[[6, 7], 0], [[4, 1], 0], [[4, 8], 1], [[4, 3], 1], [[4, 5], 0]]], [1.0, [0, 12, 11, 10, 26], [[[12, 14], 0], [[11, 15], 0], [[11, 16], 1], [[10, 9], 0], [[10, 13], 1], [[10, 17], 0]]], [1.0, [0, 20, 19, 21, 23, 22, 26], [[[21, 18], 0], [[22, 25], 0], [[22, 24], 1]]]], [[1.0, [4, 1]], [1.0, [4, 3]], [1.0, [4, 5]], [1.0, [4, 8]], [1.0, [6, 7]], [1.0, [10, 9]], [1.0, [10, 13]], [1.0, [10, 17]], [1.0, [11, 15]], [1.0, [11, 16]], [1.0, [12, 14]], [1.0, [21, 18]], [1.0, [22, 24]], [1.0, [22, 25]]]], "solution": [[[0, 6, 4, 2, 26], [[[6, 7], [4, 1], [4, 5]], [[4, 8], [4, 3]]]], [[0, 12, 11, 10, 26], [[[12, 14], [11, 15], [10, 9], [10, 17]], [[11, 16], [10, 13]]]], [[0, 20, 19, 21, 23, 22, 26], [[[21, 18], [22, 25]], [[22, 24]]]]], "num_bnb_nodes": 1, "num_bnb_remaining_nodes": 0, "tot_num_gen_cols": 844, "tot_num_labels": 1714484, "termination_status": "Optimal"}