{"problem": {"name": "RC104", "datafile": "problems/solomon/25/RC104.txt", "num_cust_nodes": 25, "num_tot_nodes": 27, "Gamma": 2, "t_range": 0.25, "Delta": 2, "d_range": 0.25, "num_drones": 0, "drone_time_multiplier": 0.25, "drone_cost_multiplier": 0.25, "flight_limit": 25, "demand_ratio": 0.75}, "timelimit": 3600, "num_cpus": 4, "alg": "BnP", "root_LP": 31639.0, "tot_cg_iterations": 35, "global_lb": 31639.0, "time": 8.115010261535645, "obj": 31639.0, "tot_mp_time": 0.13679146766662598, "tot_sp_time": 7.922124862670898, "tot_sp_heu1_time": 4.7804648876190186, "tot_sp_heu2_time": 1.2883498668670654, "tot_sp_exact_time": 1.845766544342041, "tot_num_sp_heu1": 35, "tot_num_sp_heu2": 7, "tot_num_sp_exact": 6, "tot_sp1_time": 30.124977111816406, "tot_sp2_time": 0.03524899482727051, "tot_heu_time": 0.008413314819335938, "raw_solution": [[[1.0, [0, 2, 6, 7, 8, 4, 5, 3, 1, 26], []], [1.0, [0, 12, 14, 15, 11, 10, 9, 13, 16, 17, 26], []], [1.0, [0, 22, 20, 19, 23, 18, 21, 25, 24, 26], []]], []], "solution": [[[0, 2, 6, 7, 8, 4, 5, 3, 1, 26], []], [[0, 12, 14, 15, 11, 10, 9, 13, 16, 17, 26], []], [[0, 22, 20, 19, 23, 18, 21, 25, 24, 26], []]], "num_bnb_nodes": 1, "num_bnb_remaining_nodes": 0, "tot_num_gen_cols": 729, "tot_num_labels": 795, "termination_status": "Optimal"}