{"problem": {"name": "RC108", "datafile": "problems/solomon/25/RC108.txt", "num_cust_nodes": 25, "num_tot_nodes": 27, "Gamma": 2, "t_range": 0.25, "Delta": 2, "d_range": 0.25, "num_drones": 0, "drone_time_multiplier": 0.25, "drone_cost_multiplier": 0.25, "flight_limit": 25, "demand_ratio": 0.75}, "timelimit": 3600, "num_cpus": 4, "alg": "BnP", "root_LP": 29546.0, "tot_cg_iterations": 33, "global_lb": 29546.0, "time": 6.733370780944824, "obj": 29546.0, "tot_mp_time": 0.10812544822692871, "tot_sp_time": 6.577036142349243, "tot_sp_heu1_time": 4.229295492172241, "tot_sp_heu2_time": 1.311347484588623, "tot_sp_exact_time": 1.030616044998169, "tot_num_sp_heu1": 33, "tot_num_sp_heu2": 7, "tot_num_sp_exact": 5, "tot_sp1_time": 24.608301401138306, "tot_sp2_time": 0.03161787986755371, "tot_heu_time": 0.008294343948364258, "raw_solution": [[[1.0, [0, 12, 14, 17, 16, 15, 13, 9, 11, 10, 26], []], [1.0, [0, 2, 6, 7, 8, 4, 5, 3, 1, 26], []], [1.0, [0, 24, 25, 23, 21, 18, 19, 22, 20, 26], []]], []], "solution": [[[0, 12, 14, 17, 16, 15, 13, 9, 11, 10, 26], []], [[0, 2, 6, 7, 8, 4, 5, 3, 1, 26], []], [[0, 24, 25, 23, 21, 18, 19, 22, 20, 26], []]], "num_bnb_nodes": 1, "num_bnb_remaining_nodes": 0, "tot_num_gen_cols": 681, "tot_num_labels": 739, "termination_status": "Optimal"}