{"problem": {"name": "CVS-51-2", "datafile": "problems/ups_tw/CVS-51-2.vrp", "num_cust_nodes": 50, "num_tot_nodes": 52, "Gamma": 2, "t_range": 0.25, "Delta": 2, "d_range": 0.25, "num_drones": 2, "drone_time_multiplier": 1, "drone_cost_multiplier": 1, "flight_limit": 500, "demand_ratio": 0.75}, "timelimit": 600, "num_cpus": 4, "alg": "CG Heuristic", "tot_cg_iterations": 139, "time": 11.447332620620728, "obj": 67119.99999998705, "tot_heu_time": 1.5984082221984863, "tot_mp_time": 0.10273480415344238, "tot_sp_time": 9.376931190490723, "tot_sp1_time": 36.18201971054077, "tot_sp2_time": 0.030481576919555664, "raw_solution": [[[0.9999999998723405, [0, 22, 51], [[[22, 29], 0], [[22, 31], 1], [[22, 46], 1], [[22, 19], 0], [[22, 32], 1]]], [0.999999999680851, [0, 25, 51], [[[25, 24], 0], [[25, 42], 1], [[25, 30], 1], [[25, 47], 0], [[25, 45], 1], [[25, 21], 0]]], [1.0, [0, 26, 51], [[[26, 34], 0], [[26, 14], 1], [[26, 23], 1], [[26, 38], 1], [[26, 20], 1]]], [1.0, [0, 48, 51], [[[48, 7], 0], [[48, 15], 1], [[48, 12], 0], [[48, 18], 1], [[48, 10], 0]]], [1.0, [0, 33, 8, 42, 17, 4, 51], []], [1.0, [0, 35, 50, 37, 51], [[[37, 6], 0], [[37, 44], 1]]], [1.0, [0, 40, 13, 28, 27, 39, 51], [[[39, 1], 0]]], [1.0, [0, 9, 38, 36, 49, 2, 51], [[[2, 3], 0]]], [1.0, [0, 41, 11, 43, 16, 5, 51], []]], [[1.0, [2, 3]], [0.9999999998723405, [22, 19]], [0.9999999998723405, [22, 29]], [0.9999999998723405, [22, 31]], [0.9999999998723405, [22, 32]], [0.9999999998723405, [22, 46]], [1.000000001, [25, 21]], [0.9999999995106383, [25, 24]], [1.0000000001702127, [25, 30]], [0.999999999680851, [25, 45]], [0.9999999995106382, [25, 47]], [1.0, [26, 14]], [1.0, [26, 20]], [1.0, [26, 23]], [1.0, [26, 34]], [1.0, [37, 6]], [1.0, [37, 44]], [1.0, [39, 1]], [1.0, [48, 7]], [1.0, [48, 10]], [1.0, [48, 12]], [1.0, [48, 15]], [1.0, [48, 18]]]], "solution": [[[0, 22, 51], [[[22, 29], [22, 19]], [[22, 31], [22, 46], [22, 32]]]], [[0, 25, 51], [[[25, 24], [25, 47], [25, 21]], [[25, 30], [25, 45]]]], [[0, 26, 51], [[[26, 34]], [[26, 14], [26, 23], [26, 20]]]], [[0, 48, 51], [[[48, 7], [48, 12], [48, 10]], [[48, 15], [48, 18]]]], [[0, 33, 8, 42, 17, 4, 51], [[], []]], [[0, 35, 50, 37, 51], [[[37, 6]], [[37, 44]]]], [[0, 40, 13, 28, 27, 39, 51], [[[39, 1]], []]], [[0, 9, 38, 36, 49, 2, 51], [[[2, 3]], []]], [[0, 41, 11, 43, 16, 5, 51], [[], []]]], "tot_num_gen_cols": 1110, "tot_num_labels": 1054, "tot_num_route_fixes": 32}