{"problem": {"name": "CVS-91-9", "datafile": "problems/ups_tw/CVS-91-9.vrp", "num_cust_nodes": 90, "num_tot_nodes": 92, "Gamma": 2, "t_range": 0.25, "Delta": 2, "d_range": 0.25, "num_drones": 2, "drone_time_multiplier": 1, "drone_cost_multiplier": 1, "flight_limit": 500, "demand_ratio": 0.75}, "timelimit": 600, "num_cpus": 4, "alg": "CG Heuristic", "tot_cg_iterations": 275, "time": 637.8726160526276, "obj": 119967.99999986964, "tot_heu_time": 404.79089283943176, "tot_mp_time": 1.3875949382781982, "tot_sp_time": 229.163898229599, "tot_sp1_time": 415.9364504814148, "tot_sp2_time": 123.47806787490845, "raw_solution": [[[0.9999999973999998, [0, 25, 91], [[[25, 55], 0], [[25, 71], 1], [[25, 36], 0], [[25, 62], 1], [[25, 85], 0]]], [1.0, [0, 37, 91], [[[37, 6], 0], [[37, 4], 1], [[37, 21], 0], [[37, 15], 0], [[37, 27], 0]]], [1.0, [0, 72, 91], [[[72, 13], 0], [[72, 22], 1], [[72, 8], 1], [[72, 26], 1], [[72, 7], 1], [[72, 17], 0]]], [1.00000000058, [0, 42, 82, 67, 38, 91], [[[42, 51], 0], [[42, 86], 1], [[42, 47], 1]]], [1.0, [0, 24, 79, 81, 75, 46, 91], [[[24, 33], 0]]], [1.0, [0, 18, 56, 76, 29, 91], []], [1.0, [0, 35, 7, 89, 17, 91], [[[35, 87], 0], [[89, 53], 0]]], [0.9999999983999999, [0, 80, 77, 32, 10, 54, 91], [[[80, 78], 0]]], [1.0, [0, 65, 16, 2, 12, 58, 41, 91], []], [1.0, [0, 59, 70, 69, 26, 74, 91], [[[26, 66], 0]]], [0.99999999994, [0, 63, 19, 61, 28, 91], [[[19, 49], 0]]], [0.9999999989999999, [0, 5, 40, 31, 52, 91], [[[31, 34], 0]]], [0.9999999989999999, [0, 23, 1, 39, 48, 64, 91], []], [1.00000000024, [0, 43, 33, 90, 68, 88, 30, 91], []], [0.9999999965999997, [0, 11, 44, 20, 3, 91], [[[11, 62], 0]]], [1.0, [0, 55, 14, 50, 57, 83, 91], [[[57, 9], 0]]], [0.9999999987999999, [0, 84, 13, 73, 45, 91], [[[73, 60], 0], [[73, 69], 1]]]], [[0.9999999965999997, [11, 62]], [0.99999999994, [19, 49]], [0.9999999973999998, [25, 36]], [0.9999999973999998, [25, 71]], [0.9999999973999998, [25, 85]], [0.9999999981799998, [26, 66]], [0.9999999989999999, [31, 34]], [1.0, [35, 87]], [0.99999999988, [37, 4]], [1.00000000046, [37, 6]], [1.00000000012, [37, 15]], [1.00000000058, [37, 21]], [1.0, [37, 27]], [1.00000000058, [42, 47]], [1.0, [42, 51]], [1.00000000058, [42, 86]], [0.9999999975999998, [57, 9]], [0.9999999987999999, [72, 8]], [1.0, [72, 22]], [0.9999999987999999, [73, 60]], [0.9999999983999999, [80, 78]], [1.000000001, [89, 53]]]], "solution": [[[0, 25, 91], [[[25, 36], [25, 85]], [[25, 71]]]], [[0, 37, 91], [[[37, 6], [37, 21], [37, 15], [37, 27]], [[37, 4]]]], [[0, 72, 91], [[], [[72, 22], [72, 8]]]], [[0, 42, 82, 67, 38, 91], [[[42, 51]], [[42, 86], [42, 47]]]], [[0, 24, 79, 81, 75, 46, 91], [[], []]], [[0, 18, 56, 76, 29, 91], [[], []]], [[0, 35, 7, 89, 17, 91], [[[35, 87], [89, 53]], []]], [[0, 80, 77, 32, 10, 54, 91], [[[80, 78]], []]], [[0, 65, 16, 2, 12, 58, 41, 91], [[], []]], [[0, 59, 70, 69, 26, 74, 91], [[[26, 66]], []]], [[0, 63, 19, 61, 28, 91], [[[19, 49]], []]], [[0, 5, 40, 31, 52, 91], [[[31, 34]], []]], [[0, 23, 1, 39, 48, 64, 91], [[], []]], [[0, 43, 33, 90, 68, 88, 30, 91], [[], []]], [[0, 11, 44, 20, 3, 91], [[[11, 62]], []]], [[0, 55, 14, 50, 57, 83, 91], [[[57, 9]], []]], [[0, 84, 13, 73, 45, 91], [[[73, 60]], []]]], "tot_num_gen_cols": 2210, "tot_num_labels": 2390, "tot_num_route_fixes": 62}