{"problem": {"name": "CVS-81-6", "datafile": "problems/ups_tw/CVS-81-6.vrp", "num_cust_nodes": 80, "num_tot_nodes": 82, "Gamma": 2, "t_range": 0.25, "Delta": 2, "d_range": 0.25, "num_drones": 2, "drone_time_multiplier": 1, "drone_cost_multiplier": 1, "flight_limit": 500, "demand_ratio": 0.75}, "timelimit": 600, "num_cpus": 4, "alg": "MIP", "time": 600.1494817733765, "root_LP": 47025.99983741503, "obj": 218966.0, "final_gap": 0.7852360647889852, "global_lb": 47025.99983741502, "num_bnb_nodes": 0, "num_bnb_remaining_nodes": 1, "solution": [[[0, 1, 81], [[], []]], [[0, 2, 81], [[], []]], [[0, 3, 54, 70, 81], [[], []]], [[0, 5, 47, 14, 81], [[], []]], [[0, 6, 81], [[], []]], [[0, 7, 49, 68, 74, 81], [[], [[74, 62]]]], [[0, 8, 71, 75, 56, 81], [[], []]], [[0, 10, 64, 61, 77, 81], [[], []]], [[0, 11, 81], [[], []]], [[0, 13, 12, 66, 34, 81], [[], []]], [[0, 17, 42, 81], [[], []]], [[0, 20, 81], [[], []]], [[0, 21, 81], [[], []]], [[0, 22, 30, 81], [[], []]], [[0, 26, 81], [[], []]], [[0, 28, 18, 78, 81], [[], []]], [[0, 37, 81], [[], []]], [[0, 38, 40, 81], [[[40, 58]], [[40, 45]]]], [[0, 39, 23, 46, 36, 81], [[], []]], [[0, 41, 81], [[], []]], [[0, 43, 57, 27, 81], [[], []]], [[0, 44, 60, 31, 81], [[], []]], [[0, 48, 9, 55, 81], [[], []]], [[0, 50, 81], [[], []]], [[0, 52, 16, 81], [[], []]], [[0, 59, 81], [[], []]], [[0, 63, 81], [[], []]], [[0, 65, 81], [[[65, 35]], [[65, 51]]]], [[0, 67, 25, 4, 81], [[], []]], [[0, 69, 81], [[], [[69, 33]]]], [[0, 72, 81], [[], []]], [[0, 76, 29, 15, 81], [[], []]], [[0, 79, 53, 73, 24, 81], [[], []]], [[0, 80, 19, 81], [[], []]]], "termination_status": "time limit exceeded"}