{"problem": {"name": "CVS-71-9", "datafile": "problems/ups_tw/CVS-71-9.vrp", "num_cust_nodes": 70, "num_tot_nodes": 72, "Gamma": 2, "t_range": 0.25, "Delta": 2, "d_range": 0.25, "num_drones": 2, "drone_time_multiplier": 1, "drone_cost_multiplier": 1, "flight_limit": 500, "demand_ratio": 0.75}, "timelimit": 600, "num_cpus": 4, "alg": "MIP", "time": 600.2826502323151, "root_LP": 33518.81535611088, "obj": 162180.0, "final_gap": 0.792155655261724, "global_lb": 33708.19582965352, "num_bnb_nodes": 786, "num_bnb_remaining_nodes": 757, "solution": [[[0, 4, 43, 24, 71], [[], []]], [[0, 5, 27, 42, 21, 71], [[], []]], [[0, 6, 71], [[[6, 37]], []]], [[0, 7, 41, 58, 35, 71], [[], []]], [[0, 8, 71], [[], []]], [[0, 9, 57, 17, 71], [[], []]], [[0, 10, 71], [[], []]], [[0, 12, 16, 65, 71], [[], []]], [[0, 15, 71], [[], []]], [[0, 18, 71], [[], []]], [[0, 22, 53, 71], [[], []]], [[0, 25, 62, 44, 20, 71], [[], []]], [[0, 28, 71], [[], []]], [[0, 32, 71], [[], []]], [[0, 34, 71], [[], []]], [[0, 38, 30, 71], [[], []]], [[0, 39, 48, 1, 23, 71], [[], []]], [[0, 40, 52, 71], [[], [[52, 31]]]], [[0, 45, 71], [[], []]], [[0, 47, 71], [[], []]], [[0, 50, 14, 11, 71], [[], []]], [[0, 51, 71], [[], []]], [[0, 55, 71], [[], []]], [[0, 59, 26, 69, 70, 71], [[], []]], [[0, 61, 63, 46, 49, 71], [[], []]], [[0, 64, 54, 71], [[[54, 66]], []]], [[0, 67, 13, 60, 56, 29, 71], [[], []]], [[0, 68, 71], [[], []]]], "termination_status": "time limit exceeded"}