{"problem": {"name": "CVS-91-2", "datafile": "problems/ups_tw/CVS-91-2.vrp", "num_cust_nodes": 90, "num_tot_nodes": 92, "Gamma": 2, "t_range": 0.25, "Delta": 2, "d_range": 0.25, "num_drones": 2, "drone_time_multiplier": 1, "drone_cost_multiplier": 1, "flight_limit": 500, "demand_ratio": 0.75}, "timelimit": 600, "num_cpus": 4, "alg": "CG Heuristic", "tot_cg_iterations": 785, "time": 605.8540949821472, "obj": 119804.99999997701, "tot_heu_time": 491.6009645462036, "tot_mp_time": 5.596930503845215, "tot_sp_time": 97.19748497009277, "tot_sp1_time": 369.13129019737244, "tot_sp2_time": 2.527981996536255, "raw_solution": [[[1.0, [0, 19, 91], [[[19, 31], 0], [[19, 32], 1], [[19, 33], 0], [[19, 29], 1], [[19, 22], 0]]], [1.0, [0, 21, 91], [[[21, 4], 0], [[21, 73], 1], [[21, 42], 0], [[21, 47], 0], [[21, 68], 1], [[21, 70], 0]]], [1.0, [0, 77, 49, 36, 91], [[[77, 23], 0], [[77, 26], 1]]], [1.0, [0, 78, 20, 76, 38, 91], [[[78, 55], 0]]], [1.0, [0, 65, 9, 53, 6, 91], [[[53, 78], 0]]], [1.0, [0, 85, 16, 43, 5, 91], [[[43, 11], 0]]], [0.9999999989999999, [0, 74, 46, 59, 17, 72, 91], [[[17, 57], 0]]], [1.0, [0, 89, 51, 30, 24, 52, 91], [[[89, 56], 0], [[52, 8], 0]]], [0.9999999989999999, [0, 25, 69, 47, 45, 91], [[[45, 88], 0]]], [1.0, [0, 35, 82, 58, 50, 37, 91], []], [1.0, [0, 10, 12, 81, 63, 91], [[[81, 87], 0]]], [1.0, [0, 40, 2, 91], [[[40, 27], 0], [[40, 41], 1], [[2, 3], 0], [[2, 70], 1]]], [1.0, [0, 67, 86, 15, 7, 48, 91], [[[86, 64], 0]]], [1.0, [0, 18, 14, 34, 54, 75, 60, 91], [[[75, 26], 0]]], [1.0, [0, 62, 4, 79, 73, 83, 91], [[[4, 61], 0], [[83, 80], 0]]], [1.0, [0, 90, 71, 66, 84, 91], [[[71, 18], 0], [[66, 2], 0]]], [1.0, [0, 1, 28, 13, 91], [[[13, 39], 0], [[13, 44], 1]]]], [[1.0, [2, 3]], [1.0, [4, 61]], [1.0, [13, 39]], [1.0, [13, 44]], [0.9999999989999999, [17, 57]], [0.9999999979999998, [19, 22]], [1.0, [19, 29]], [1.0, [19, 31]], [1.0, [19, 32]], [1.0, [19, 33]], [1.0, [21, 42]], [1.0, [21, 68]], [1.000000001, [21, 70]], [1.0, [40, 27]], [1.0, [40, 41]], [1.0, [43, 11]], [1.0, [45, 88]], [1.0, [52, 8]], [1.0, [75, 26]], [1.0, [77, 23]], [1.0, [78, 55]], [1.0, [81, 87]], [1.000000001, [83, 80]], [1.0, [86, 64]], [1.0, [89, 56]]]], "solution": [[[0, 19, 91], [[[19, 31], [19, 33], [19, 22]], [[19, 32], [19, 29]]]], [[0, 21, 91], [[[21, 42], [21, 70]], [[21, 68]]]], [[0, 77, 49, 36, 91], [[[77, 23]], []]], [[0, 78, 20, 76, 38, 91], [[[78, 55]], []]], [[0, 65, 9, 53, 6, 91], [[], []]], [[0, 85, 16, 43, 5, 91], [[[43, 11]], []]], [[0, 74, 46, 59, 17, 72, 91], [[[17, 57]], []]], [[0, 89, 51, 30, 24, 52, 91], [[[89, 56], [52, 8]], []]], [[0, 25, 69, 47, 45, 91], [[[45, 88]], []]], [[0, 35, 82, 58, 50, 37, 91], [[], []]], [[0, 10, 12, 81, 63, 91], [[[81, 87]], []]], [[0, 40, 2, 91], [[[40, 27], [2, 3]], [[40, 41]]]], [[0, 67, 86, 15, 7, 48, 91], [[[86, 64]], []]], [[0, 18, 14, 34, 54, 75, 60, 91], [[[75, 26]], []]], [[0, 62, 4, 79, 73, 83, 91], [[[4, 61], [83, 80]], []]], [[0, 90, 71, 66, 84, 91], [[], []]], [[0, 1, 28, 13, 91], [[[13, 39]], [[13, 44]]]]], "tot_num_gen_cols": 2382, "tot_num_labels": 2514, "tot_num_route_fixes": 305}