{"problem": {"name": "CVS-51-7", "datafile": "problems/ups_tw/CVS-51-7.vrp", "num_cust_nodes": 50, "num_tot_nodes": 52, "Gamma": 2, "t_range": 0.25, "Delta": 2, "d_range": 0.25, "num_drones": 2, "drone_time_multiplier": 1, "drone_cost_multiplier": 1, "flight_limit": 500, "demand_ratio": 0.75}, "timelimit": 600, "num_cpus": 4, "alg": "MIP", "time": 600.0921413898468, "root_LP": 46112.91219210533, "obj": 92474.0, "final_gap": 0.4867020574427275, "global_lb": 47466.71394004117, "num_bnb_nodes": 1259, "num_bnb_remaining_nodes": 9, "solution": [[[0, 3, 44, 1, 51], [[], []]], [[0, 6, 51], [[[6, 18]], [[6, 29], [6, 14]]]], [[0, 8, 19, 51], [[], [[19, 41]]]], [[0, 24, 51], [[[24, 7], [24, 30]], [[24, 31]]]], [[0, 26, 37, 51], [[], []]], [[0, 32, 38, 51], [[], [[38, 9], [38, 12]]]], [[0, 35, 23, 51], [[[23, 11]], []]], [[0, 36, 45, 21, 43, 51], [[[43, 50]], []]], [[0, 42, 16, 51], [[], [[16, 17]]]], [[0, 46, 4, 49, 28, 10, 51], [[], []]], [[0, 47, 2, 40, 51], [[], [[40, 25]]]], [[0, 48, 20, 15, 51], [[], [[15, 33]]]]], "termination_status": "time limit exceeded"}