{"problem": {"name": "CVS-71-5", "datafile": "problems/ups_tw/CVS-71-5.vrp", "num_cust_nodes": 70, "num_tot_nodes": 72, "Gamma": 2, "t_range": 0.25, "Delta": 2, "d_range": 0.25, "num_drones": 2, "drone_time_multiplier": 1, "drone_cost_multiplier": 1, "flight_limit": 500, "demand_ratio": 0.75}, "timelimit": 600, "num_cpus": 4, "alg": "MIP", "time": 600.1110203266144, "root_LP": 34436.721441651054, "obj": 141416.0, "final_gap": 0.7562553686203359, "global_lb": 34469.39079118652, "num_bnb_nodes": 1227, "num_bnb_remaining_nodes": 1, "solution": [[[0, 2, 71], [[], []]], [[0, 7, 6, 3, 71], [[], []]], [[0, 13, 56, 31, 42, 71], [[], []]], [[0, 15, 40, 61, 70, 24, 71], [[], []]], [[0, 23, 18, 11, 25, 71], [[], []]], [[0, 27, 45, 71], [[], []]], [[0, 32, 9, 71], [[], []]], [[0, 34, 1, 71], [[], []]], [[0, 35, 67, 64, 39, 71], [[[39, 28]], []]], [[0, 37, 51, 53, 14, 71], [[], []]], [[0, 47, 43, 33, 71], [[], []]], [[0, 48, 8, 71], [[], []]], [[0, 50, 71], [[], []]], [[0, 54, 55, 71], [[], []]], [[0, 57, 30, 19, 58, 71], [[], []]], [[0, 59, 52, 44, 71], [[[44, 29]], []]], [[0, 62, 71], [[], []]], [[0, 63, 36, 71], [[[36, 17]], []]], [[0, 65, 60, 71], [[[60, 22]], []]], [[0, 66, 10, 46, 69, 71], [[], []]], [[0, 68, 5, 49, 71], [[], []]]], "termination_status": "time limit exceeded"}