{"problem": {"name": "CVS-71-4", "datafile": "problems/ups_tw/CVS-71-4.vrp", "num_cust_nodes": 70, "num_tot_nodes": 72, "Gamma": 2, "t_range": 0.25, "Delta": 2, "d_range": 0.25, "num_drones": 2, "drone_time_multiplier": 1, "drone_cost_multiplier": 1, "flight_limit": 500, "demand_ratio": 0.75}, "timelimit": 600, "num_cpus": 4, "alg": "CG Heuristic", "tot_cg_iterations": 756, "time": 607.5038340091705, "obj": 98320.99996052313, "tot_heu_time": 317.7241277694702, "tot_mp_time": 3.643101215362549, "tot_sp_time": 275.41013050079346, "tot_sp1_time": 1070.1928091049194, "tot_sp2_time": 0.7588770389556885, "raw_solution": [[[1.0, [0, 15, 71], [[[15, 19], 0], [[15, 7], 1], [[15, 4], 1], [[15, 12], 0], [[15, 1], 1], [[15, 3], 0]]], [0.9999988573002005, [0, 18, 71], [[[18, 53], 0], [[18, 34], 1], [[18, 56], 1], [[18, 30], 0], [[18, 37], 1]]], [0.9999998857300201, [0, 52, 38, 32, 6, 25, 71], []], [1.0, [0, 70, 36, 58, 45, 19, 26, 71], []], [0.9999997714600402, [0, 44, 64, 11, 59, 31, 35, 71], []], [0.9999996571900602, [0, 47, 12, 1, 63, 43, 41, 71], []], [0.9999998857300201, [0, 33, 4, 17, 51, 22, 27, 71], []], [0.9999990858401605, [0, 30, 69, 39, 50, 61, 71], [[[39, 53], 0]]], [1.0, [0, 60, 5, 48, 57, 54, 71], [[[54, 16], 0]]], [1.000000001, [0, 9, 14, 68, 24, 10, 71], [[[24, 66], 0]]], [1.0, [0, 2, 13, 67, 8, 46, 49, 71], [[[13, 40], 0]]], [1.0, [0, 29, 62, 65, 21, 71], [[[29, 8], 0]]], [1.0, [0, 42, 20, 55, 28, 71], [[[55, 23], 0]]]], [[1.0, [13, 40]], [1.0, [15, 3]], [1.0, [15, 7]], [0.9999988573002005, [18, 34]], [0.9999988573002005, [18, 37]], [0.9999988573002005, [18, 56]], [1.000000001, [24, 66]], [0.9999990858401605, [39, 53]], [1.0, [54, 16]], [1.0, [55, 23]]]], "solution": [[[0, 15, 71], [[[15, 3]], [[15, 7]]]], [[0, 18, 71], [[], [[18, 34], [18, 56], [18, 37]]]], [[0, 52, 38, 32, 6, 25, 71], [[], []]], [[0, 70, 36, 58, 45, 19, 26, 71], [[], []]], [[0, 44, 64, 11, 59, 31, 35, 71], [[], []]], [[0, 47, 12, 1, 63, 43, 41, 71], [[], []]], [[0, 33, 4, 17, 51, 22, 27, 71], [[], []]], [[0, 30, 69, 39, 50, 61, 71], [[[39, 53]], []]], [[0, 60, 5, 48, 57, 54, 71], [[[54, 16]], []]], [[0, 9, 14, 68, 24, 10, 71], [[[24, 66]], []]], [[0, 2, 13, 67, 8, 46, 49, 71], [[[13, 40]], []]], [[0, 29, 62, 65, 21, 71], [[], []]], [[0, 42, 20, 55, 28, 71], [[[55, 23]], []]]], "tot_num_gen_cols": 4075, "tot_num_labels": 5507, "tot_num_route_fixes": 210}