{"problem": {"name": "CVS-91-10", "datafile": "problems/ups_tw/CVS-91-10.vrp", "num_cust_nodes": 90, "num_tot_nodes": 92, "Gamma": 2, "t_range": 0.25, "Delta": 2, "d_range": 0.25, "num_drones": 2, "drone_time_multiplier": 1, "drone_cost_multiplier": 1, "flight_limit": 500, "demand_ratio": 0.75}, "timelimit": 600, "num_cpus": 4, "alg": "CG Heuristic", "tot_cg_iterations": 420, "time": 604.4255497455597, "obj": 121521.99994549388, "tot_heu_time": 352.678555727005, "tot_mp_time": 2.0952816009521484, "tot_sp_time": 245.29029989242554, "tot_sp1_time": 947.321044921875, "tot_sp2_time": 0.6490011215209961, "raw_solution": [[[1.0, [0, 6, 91], [[[6, 64], 0], [[6, 85], 1], [[6, 67], 0], [[6, 76], 1], [[6, 63], 0]]], [0.999999972350842, [0, 89, 91], [[[89, 50], 0], [[89, 8], 1], [[89, 31], 0], [[89, 55], 1], [[89, 34], 1]]], [1.0000000080469351, [0, 84, 23, 37, 12, 91], [[[12, 42], 0]]], [0.999999981567228, [0, 75, 73, 21, 13, 91], [[[73, 17], 0]]], [1.000000100536969, [0, 41, 36, 77, 56, 79, 44, 81, 91], []], [0.9999998267542184, [0, 80, 24, 74, 49, 1, 30, 91], []], [1.0, [0, 58, 67, 68, 42, 2, 91], []], [0.9999998287534224, [0, 63, 32, 46, 47, 7, 91], []], [0.9999999072792587, [0, 71, 5, 60, 43, 19, 10, 91], []], [1.0000000018655524, [0, 29, 33, 53, 35, 9, 15, 91], [[[53, 40], 0]]], [0.999999981567228, [0, 69, 62, 14, 91], [[[62, 83], 0]]], [1.0, [0, 51, 38, 45, 82, 91], [[[45, 78], 0], [[45, 54], 1]]], [1.0, [0, 48, 22, 65, 3, 91], [[[65, 27], 0], [[3, 86], 0]]], [1.000000037865544, [0, 4, 87, 20, 25, 39, 91], []], [0.9999997964877182, [0, 66, 18, 90, 28, 91], [[[18, 78], 0], [[28, 76], 0]]], [0.999999990783614, [0, 61, 88, 72, 59, 11, 91], [[[72, 29], 0]]], [1.0, [0, 16, 26, 57, 70, 91], [[[26, 52], 0]]]], [[0.999999917052526, [3, 86]], [1.0, [6, 64]], [1.0, [6, 85]], [0.9999998045346534, [18, 78]], [1.0, [26, 52]], [0.9999998398130856, [28, 76]], [1.0000000080469351, [45, 54]], [1.0000000018655524, [53, 40]], [0.999999981567228, [62, 83]], [1.0, [65, 27]], [0.999999981567228, [73, 17]], [0.999999972350842, [89, 8]], [0.999999972350842, [89, 31]], [1.000000001, [89, 34]], [0.999999972350842, [89, 50]], [0.999999972350842, [89, 55]]]], "solution": [[[0, 6, 91], [[[6, 64]], [[6, 85]]]], [[0, 89, 91], [[[89, 50], [89, 31]], [[89, 8], [89, 55], [89, 34]]]], [[0, 84, 23, 37, 12, 91], [[], []]], [[0, 75, 73, 21, 13, 91], [[[73, 17]], []]], [[0, 41, 36, 77, 56, 79, 44, 81, 91], [[], []]], [[0, 80, 24, 74, 49, 1, 30, 91], [[], []]], [[0, 58, 67, 68, 42, 2, 91], [[], []]], [[0, 63, 32, 46, 47, 7, 91], [[], []]], [[0, 71, 5, 60, 43, 19, 10, 91], [[], []]], [[0, 29, 33, 53, 35, 9, 15, 91], [[[53, 40]], []]], [[0, 69, 62, 14, 91], [[[62, 83]], []]], [[0, 51, 38, 45, 82, 91], [[], [[45, 54]]]], [[0, 48, 22, 65, 3, 91], [[[65, 27], [3, 86]], []]], [[0, 4, 87, 20, 25, 39, 91], [[], []]], [[0, 66, 18, 90, 28, 91], [[[18, 78], [28, 76]], []]], [[0, 61, 88, 72, 59, 11, 91], [[], []]], [[0, 16, 26, 57, 70, 91], [[[26, 52]], []]]], "tot_num_gen_cols": 2757, "tot_num_labels": 3109, "tot_num_route_fixes": 117}