{"problem": {"name": "CVS-81-8", "datafile": "problems/ups_tw/CVS-81-8.vrp", "num_cust_nodes": 80, "num_tot_nodes": 82, "Gamma": 2, "t_range": 0.25, "Delta": 2, "d_range": 0.25, "num_drones": 2, "drone_time_multiplier": 1, "drone_cost_multiplier": 1, "flight_limit": 500, "demand_ratio": 0.75}, "timelimit": 600, "num_cpus": 4, "alg": "MIP", "time": 600.2894582748413, "root_LP": 31599.305088634213, "obj": 175457.0, "final_gap": 0.8179878540688927, "global_lb": 31935.305088634217, "num_bnb_nodes": 190, "num_bnb_remaining_nodes": 175, "solution": [[[0, 7, 59, 27, 15, 81], [[], []]], [[0, 9, 38, 43, 81], [[], []]], [[0, 11, 81], [[], []]], [[0, 16, 46, 79, 81], [[], []]], [[0, 19, 81], [[], []]], [[0, 20, 81], [[], []]], [[0, 22, 12, 5, 62, 81], [[], []]], [[0, 23, 81], [[], []]], [[0, 28, 61, 80, 81], [[], []]], [[0, 29, 34, 66, 37, 81], [[], []]], [[0, 32, 33, 13, 81], [[], []]], [[0, 39, 81], [[], []]], [[0, 40, 71, 81], [[], []]], [[0, 42, 81], [[], []]], [[0, 44, 51, 14, 81], [[], []]], [[0, 45, 81], [[], []]], [[0, 47, 26, 10, 81], [[], []]], [[0, 48, 81], [[], []]], [[0, 49, 8, 24, 81], [[], []]], [[0, 50, 81], [[], []]], [[0, 55, 63, 81], [[], []]], [[0, 60, 17, 25, 52, 30, 81], [[], []]], [[0, 65, 18, 3, 2, 81], [[], []]], [[0, 67, 81], [[], []]], [[0, 70, 81], [[], []]], [[0, 73, 1, 74, 81], [[], [[74, 4]]]], [[0, 76, 35, 81], [[], [[35, 69]]]], [[0, 77, 58, 21, 64, 81], [[], [[64, 54]]]], [[0, 78, 36, 56, 41, 75, 81], [[], []]]], "termination_status": "time limit exceeded"}