{"problem": {"name": "CVS-51-7", "datafile": "problems/ups_tw/CVS-51-7.vrp", "num_cust_nodes": 50, "num_tot_nodes": 52, "Gamma": 2, "t_range": 0.25, "Delta": 2, "d_range": 0.25, "num_drones": 2, "drone_time_multiplier": 1, "drone_cost_multiplier": 1, "flight_limit": 500, "demand_ratio": 0.75}, "timelimit": 600, "num_cpus": 4, "alg": "CG Heuristic", "tot_cg_iterations": 56, "time": 1.7206590175628662, "obj": 77347.0, "tot_heu_time": 0.2421102523803711, "tot_mp_time": 0.034786224365234375, "tot_sp_time": 1.3316631317138672, "tot_sp1_time": 4.751375436782837, "tot_sp2_time": 0.16780424118041992, "raw_solution": [[[1.0, [0, 15, 51], [[[15, 20], 0], [[15, 14], 1], [[15, 29], 0], [[15, 33], 1]]], [1.0, [0, 24, 51], [[[24, 31], 0], [[24, 19], 1], [[24, 7], 1], [[24, 10], 0], [[24, 21], 1], [[24, 30], 0]]], [1.0, [0, 32, 51], [[[32, 3], 0], [[32, 22], 1], [[32, 16], 1], [[32, 17], 0]]], [1.0, [0, 38, 9, 44, 51], [[[44, 39], 0]]], [1.0, [0, 48, 8, 37, 51], [[[48, 47], 0], [[8, 46], 0]]], [1.0, [0, 13, 2, 40, 26, 25, 51], [[[25, 11], 0]]], [1.0, [0, 5, 35, 23, 6, 18, 51], []], [1.0, [0, 27, 4, 28, 43, 51], []], [1.0, [0, 41, 36, 45, 51], [[[36, 49], 0], [[36, 31], 1], [[45, 30], 0], [[45, 34], 1], [[45, 50], 1]]], [1.0, [0, 42, 1, 51], [[[1, 12], 0], [[1, 22], 1]]]], [[1.0, [1, 12]], [1.0, [1, 22]], [1.0, [8, 46]], [1.0, [15, 14]], [1.0, [15, 20]], [1.0, [15, 29]], [1.0, [15, 33]], [1.0, [24, 7]], [1.0, [24, 10]], [1.0, [24, 19]], [1.0, [24, 21]], [1.0, [24, 30]], [1.0, [24, 31]], [1.0, [25, 11]], [1.0, [32, 3]], [1.0, [32, 16]], [1.0, [32, 17]], [1.0, [36, 49]], [1.0, [44, 39]], [1.0, [45, 34]], [1.0, [45, 50]], [1.0, [48, 47]]]], "solution": [[[0, 15, 51], [[[15, 20], [15, 29]], [[15, 14], [15, 33]]]], [[0, 24, 51], [[[24, 31], [24, 10], [24, 30]], [[24, 19], [24, 7], [24, 21]]]], [[0, 32, 51], [[[32, 3], [32, 17]], [[32, 16]]]], [[0, 38, 9, 44, 51], [[[44, 39]], []]], [[0, 48, 8, 37, 51], [[[48, 47], [8, 46]], []]], [[0, 13, 2, 40, 26, 25, 51], [[[25, 11]], []]], [[0, 5, 35, 23, 6, 18, 51], [[], []]], [[0, 27, 4, 28, 43, 51], [[], []]], [[0, 41, 36, 45, 51], [[[36, 49]], [[45, 34], [45, 50]]]], [[0, 42, 1, 51], [[[1, 12]], [[1, 22]]]]], "tot_num_gen_cols": 343, "tot_num_labels": 266, "tot_num_route_fixes": 19}