{"problem": {"name": "CVS-51-4", "datafile": "problems/ups_tw/CVS-51-4.vrp", "num_cust_nodes": 50, "num_tot_nodes": 52, "Gamma": 2, "t_range": 0.25, "Delta": 2, "d_range": 0.25, "num_drones": 2, "drone_time_multiplier": 1, "drone_cost_multiplier": 1, "flight_limit": 500, "demand_ratio": 0.75}, "timelimit": 600, "num_cpus": 4, "alg": "MIP", "time": 600.0886788368225, "root_LP": 27139.840495550932, "obj": 82696.0, "final_gap": 0.6470798519394025, "global_lb": 29185.084564019104, "num_bnb_nodes": 1469, "num_bnb_remaining_nodes": 251, "solution": [[[0, 25, 6, 32, 51], [[], []]], [[0, 28, 7, 20, 51], [[[20, 9]], []]], [[0, 31, 11, 13, 51], [[[13, 40], [13, 2]], []]], [[0, 35, 8, 51], [[], [[8, 24], [8, 10]]]], [[0, 36, 27, 51], [[], [[27, 12]]]], [[0, 43, 41, 21, 51], [[[21, 3]], []]], [[0, 45, 17, 26, 51], [[[26, 22], [26, 19]], []]], [[0, 47, 4, 33, 1, 51], [[], [[1, 23]]]], [[0, 48, 5, 44, 46, 51], [[], []]], [[0, 49, 39, 51], [[[39, 16]], []]], [[0, 50, 18, 51], [[], []]]], "termination_status": "time limit exceeded"}