{"problem": {"name": "CVS-51-1", "datafile": "problems/ups_tw/CVS-51-1.vrp", "num_cust_nodes": 50, "num_tot_nodes": 52, "Gamma": 2, "t_range": 0.25, "Delta": 2, "d_range": 0.25, "num_drones": 2, "drone_time_multiplier": 1, "drone_cost_multiplier": 1, "flight_limit": 500, "demand_ratio": 0.75}, "timelimit": 600, "num_cpus": 4, "alg": "CG Heuristic", "tot_cg_iterations": 348, "time": 26.00997042655945, "obj": 81659.0, "tot_heu_time": 16.013907194137573, "tot_mp_time": 0.3668036460876465, "tot_sp_time": 8.242157697677612, "tot_sp1_time": 31.301307201385498, "tot_sp2_time": 0.14757680892944336, "raw_solution": [[[1.0, [0, 8, 51], [[[8, 41], 0], [[8, 36], 1], [[8, 50], 0], [[8, 16], 1], [[8, 26], 0]]], [1.0, [0, 27, 51], [[[27, 32], 0], [[27, 28], 1], [[27, 3], 0], [[27, 29], 1], [[27, 14], 0], [[27, 38], 1]]], [1.0, [0, 31, 51], [[[31, 2], 0], [[31, 11], 1], [[31, 4], 0], [[31, 1], 1], [[31, 21], 0]]], [1.0, [0, 47, 51], [[[47, 9], 0], [[47, 32], 1], [[47, 25], 0], [[47, 30], 1], [[47, 19], 0]]], [1.0, [0, 12, 5, 51], [[[5, 13], 0]]], [1.0, [0, 40, 18, 42, 6, 51], [[[42, 35], 0]]], [1.0, [0, 11, 48, 1, 23, 51], [[[11, 42], 0], [[48, 46], 0]]], [1.0, [0, 33, 10, 15, 51], [[[33, 50], 0], [[10, 16], 0]]], [1.0, [0, 25, 37, 22, 43, 51], [[[43, 44], 0]]], [1.0, [0, 7, 20, 49, 45, 51], [[[49, 12], 0]]], [1.0, [0, 34, 39, 17, 51], [[[17, 24], 0]]]], [[1.0, [5, 13]], [1.0, [8, 16]], [1.0, [8, 26]], [1.0, [8, 36]], [1.0, [8, 41]], [1.0, [8, 50]], [1.0, [17, 24]], [1.0, [27, 3]], [1.0, [27, 14]], [1.0, [27, 28]], [1.0, [27, 29]], [1.0, [27, 38]], [1.0, [31, 2]], [1.0, [31, 4]], [1.0, [31, 21]], [1.0, [42, 35]], [1.0, [43, 44]], [1.0, [47, 9]], [1.0, [47, 19]], [1.0, [47, 30]], [1.0, [47, 32]], [1.0, [48, 46]]]], "solution": [[[0, 8, 51], [[[8, 41], [8, 50], [8, 26]], [[8, 36], [8, 16]]]], [[0, 27, 51], [[[27, 3], [27, 14]], [[27, 28], [27, 29], [27, 38]]]], [[0, 31, 51], [[[31, 2], [31, 4], [31, 21]], []]], [[0, 47, 51], [[[47, 9], [47, 19]], [[47, 32], [47, 30]]]], [[0, 12, 5, 51], [[[5, 13]], []]], [[0, 40, 18, 42, 6, 51], [[[42, 35]], []]], [[0, 11, 48, 1, 23, 51], [[[48, 46]], []]], [[0, 33, 10, 15, 51], [[], []]], [[0, 25, 37, 22, 43, 51], [[[43, 44]], []]], [[0, 7, 20, 49, 45, 51], [[], []]], [[0, 34, 39, 17, 51], [[[17, 24]], []]]], "tot_num_gen_cols": 704, "tot_num_labels": 538, "tot_num_route_fixes": 171}