{"problem": {"name": "CVS-91-4", "datafile": "problems/ups_tw/CVS-91-4.vrp", "num_cust_nodes": 90, "num_tot_nodes": 92, "Gamma": 2, "t_range": 0.25, "Delta": 2, "d_range": 0.25, "num_drones": 2, "drone_time_multiplier": 1, "drone_cost_multiplier": 1, "flight_limit": 500, "demand_ratio": 0.75}, "timelimit": 600, "num_cpus": 4, "alg": "CG Heuristic", "tot_cg_iterations": 557, "time": 605.6811997890472, "obj": 126724.0, "tot_heu_time": 381.28847789764404, "tot_mp_time": 5.119301795959473, "tot_sp_time": 210.7067165374756, "tot_sp1_time": 618.0135807991028, "tot_sp2_time": 57.23417687416077, "raw_solution": [[[1.0, [0, 15, 91], [[[15, 20], 0], [[15, 12], 1], [[15, 7], 1], [[15, 4], 0]]], [1.0, [0, 44, 91], [[[44, 59], 0], [[44, 57], 1], [[44, 34], 0], [[44, 48], 1]]], [1.0, [0, 49, 91], [[[49, 10], 0], [[49, 54], 1], [[49, 46], 0], [[49, 35], 0]]], [1.0, [0, 69, 91], [[[69, 31], 0], [[69, 30], 1], [[69, 39], 0], [[69, 34], 1], [[69, 11], 0]]], [1.0, [0, 72, 91], [[[72, 53], 0], [[72, 39], 1], [[72, 50], 0], [[72, 40], 0], [[72, 16], 0], [[72, 2], 0]]], [1.0, [0, 25, 74, 6, 83, 91], []], [1.0, [0, 60, 5, 89, 64, 13, 67, 91], []], [0.9999999999999997, [0, 65, 17, 73, 51, 26, 91], []], [1.0, [0, 55, 28, 80, 87, 82, 42, 91], [[[82, 24], 0]]], [1.0, [0, 76, 52, 38, 91], [[[38, 84], 0]]], [1.0, [0, 1, 33, 63, 43, 91], [[[33, 45], 0]]], [1.0, [0, 54, 81, 75, 88, 18, 91], [[[18, 34], 0]]], [1.0, [0, 12, 47, 71, 86, 79, 91], [[[86, 58], 0]]], [1.0, [0, 61, 37, 77, 53, 56, 91], [[[53, 39], 0], [[56, 85], 0]]], [1.0000000000000007, [0, 70, 32, 36, 22, 19, 91], []], [1.0, [0, 41, 90, 3, 21, 91], [[[41, 27], 0], [[90, 23], 0]]], [1.0, [0, 29, 62, 78, 91], [[[62, 14], 0], [[62, 28], 1]]], [1.0, [0, 66, 68, 8, 35, 91], [[[66, 24], 0], [[68, 9], 0]]]], [[1.0, [15, 4]], [1.0, [15, 7]], [1.0, [15, 20]], [1.0, [18, 34]], [1.0, [33, 45]], [1.0, [38, 84]], [1.0, [41, 27]], [1.0, [44, 48]], [1.0, [44, 57]], [1.0, [44, 59]], [1.0, [49, 10]], [1.0, [49, 46]], [1.0, [53, 39]], [1.0, [56, 85]], [1.0, [62, 14]], [1.0, [66, 24]], [1.0, [68, 9]], [1.0, [69, 11]], [1.0, [69, 30]], [1.0, [69, 31]], [1.0, [72, 2]], [1.0, [72, 16]], [1.0, [72, 40]], [1.0, [72, 50]], [1.0, [86, 58]], [1.0, [90, 23]]]], "solution": [[[0, 15, 91], [[[15, 20], [15, 4]], [[15, 7]]]], [[0, 44, 91], [[[44, 59]], [[44, 57], [44, 48]]]], [[0, 49, 91], [[[49, 10], [49, 46]], []]], [[0, 69, 91], [[[69, 31], [69, 11]], [[69, 30]]]], [[0, 72, 91], [[[72, 50], [72, 40], [72, 16], [72, 2]], []]], [[0, 25, 74, 6, 83, 91], [[], []]], [[0, 60, 5, 89, 64, 13, 67, 91], [[], []]], [[0, 65, 17, 73, 51, 26, 91], [[], []]], [[0, 55, 28, 80, 87, 82, 42, 91], [[], []]], [[0, 76, 52, 38, 91], [[[38, 84]], []]], [[0, 1, 33, 63, 43, 91], [[[33, 45]], []]], [[0, 54, 81, 75, 88, 18, 91], [[[18, 34]], []]], [[0, 12, 47, 71, 86, 79, 91], [[[86, 58]], []]], [[0, 61, 37, 77, 53, 56, 91], [[[53, 39], [56, 85]], []]], [[0, 70, 32, 36, 22, 19, 91], [[], []]], [[0, 41, 90, 3, 21, 91], [[[41, 27], [90, 23]], []]], [[0, 29, 62, 78, 91], [[[62, 14]], []]], [[0, 66, 68, 8, 35, 91], [[[66, 24], [68, 9]], []]]], "tot_num_gen_cols": 2833, "tot_num_labels": 2801, "tot_num_route_fixes": 193}