{"problem": {"name": "CVS-91-6", "datafile": "problems/ups_tw/CVS-91-6.vrp", "num_cust_nodes": 90, "num_tot_nodes": 92, "Gamma": 2, "t_range": 0.25, "Delta": 2, "d_range": 0.25, "num_drones": 2, "drone_time_multiplier": 1, "drone_cost_multiplier": 1, "flight_limit": 500, "demand_ratio": 0.75}, "timelimit": 600, "num_cpus": 4, "alg": "CG Heuristic", "tot_cg_iterations": 614, "time": 603.3009536266327, "obj": 120753.0, "tot_heu_time": 183.38194608688354, "tot_mp_time": 4.35270357131958, "tot_sp_time": 407.8704135417938, "tot_sp1_time": 259.8012750148773, "tot_sp2_time": 351.2549557685852, "raw_solution": [[[1.0, [0, 45, 91], [[[45, 37], 0], [[45, 40], 1], [[45, 38], 0], [[45, 13], 1], [[45, 61], 0]]], [1.0, [0, 69, 91], [[[69, 49], 0], [[69, 47], 1], [[69, 7], 0], [[69, 5], 1], [[69, 46], 0]]], [1.0, [0, 74, 91], [[[74, 24], 0], [[74, 29], 1], [[74, 17], 0], [[74, 25], 1]]], [1.0, [0, 81, 91], [[[81, 27], 0], [[81, 16], 1], [[81, 35], 0], [[81, 41], 1], [[81, 52], 0]]], [1.0, [0, 83, 91], [[[83, 23], 0], [[83, 22], 1], [[83, 18], 0], [[83, 8], 1]]], [1.0, [0, 62, 36, 91], [[[62, 79], 0], [[62, 85], 1], [[62, 90], 1]]], [1.0, [0, 58, 70, 54, 3, 91], []], [1.0, [0, 12, 64, 10, 61, 19, 80, 65, 91], []], [1.0, [0, 77, 34, 66, 51, 91], []], [1.0, [0, 75, 63, 48, 55, 67, 9, 91], []], [1.0, [0, 2, 14, 33, 91], [[[33, 59], 0]]], [1.0000000000000002, [0, 39, 21, 72, 20, 87, 6, 15, 91], []], [1.0, [0, 26, 4, 76, 1, 91], [[[26, 84], 0]]], [1.0, [0, 73, 85, 42, 53, 89, 91], [[[73, 7], 0], [[85, 88], 0]]], [1.0, [0, 50, 32, 71, 44, 60, 31, 30, 43, 91], []], [1.0, [0, 82, 57, 86, 91], [[[86, 56], 0]]], [1.0, [0, 78, 28, 11, 18, 91], [[[18, 68], 0]]]], [[1.0, [18, 68]], [1.0, [26, 84]], [1.0, [33, 59]], [1.0, [45, 13]], [1.0, [45, 37]], [1.0, [45, 38]], [1.0, [45, 40]], [1.0, [62, 79]], [1.0, [62, 90]], [1.0, [69, 5]], [1.0, [69, 46]], [1.0, [69, 47]], [1.0, [69, 49]], [1.0, [73, 7]], [1.0, [74, 17]], [1.0, [74, 24]], [1.0, [74, 25]], [1.0, [74, 29]], [1.0, [81, 16]], [1.0, [81, 27]], [1.0, [81, 35]], [1.0, [81, 41]], [1.0, [81, 52]], [1.0, [83, 8]], [1.0, [83, 22]], [1.0, [83, 23]], [1.0, [85, 88]], [1.0, [86, 56]]]], "solution": [[[0, 45, 91], [[[45, 37], [45, 38]], [[45, 40], [45, 13]]]], [[0, 69, 91], [[[69, 49], [69, 46]], [[69, 47], [69, 5]]]], [[0, 74, 91], [[[74, 24], [74, 17]], [[74, 29], [74, 25]]]], [[0, 81, 91], [[[81, 27], [81, 35], [81, 52]], [[81, 16], [81, 41]]]], [[0, 83, 91], [[[83, 23]], [[83, 22], [83, 8]]]], [[0, 62, 36, 91], [[[62, 79]], [[62, 90]]]], [[0, 58, 70, 54, 3, 91], [[], []]], [[0, 12, 64, 10, 61, 19, 80, 65, 91], [[], []]], [[0, 77, 34, 66, 51, 91], [[], []]], [[0, 75, 63, 48, 55, 67, 9, 91], [[], []]], [[0, 2, 14, 33, 91], [[[33, 59]], []]], [[0, 39, 21, 72, 20, 87, 6, 15, 91], [[], []]], [[0, 26, 4, 76, 1, 91], [[[26, 84]], []]], [[0, 73, 85, 42, 53, 89, 91], [[[73, 7], [85, 88]], []]], [[0, 50, 32, 71, 44, 60, 31, 30, 43, 91], [[], []]], [[0, 82, 57, 86, 91], [[[86, 56]], []]], [[0, 78, 28, 11, 18, 91], [[[18, 68]], []]]], "tot_num_gen_cols": 2296, "tot_num_labels": 2455, "tot_num_route_fixes": 234}