{"problem": {"name": "CVS-51-2", "datafile": "problems/ups_tw/CVS-51-2.vrp", "num_cust_nodes": 50, "num_tot_nodes": 52, "Gamma": 2, "t_range": 0.25, "Delta": 2, "d_range": 0.25, "num_drones": 2, "drone_time_multiplier": 1, "drone_cost_multiplier": 1, "flight_limit": 500, "demand_ratio": 0.75}, "timelimit": 600, "num_cpus": 4, "alg": "MIP", "time": 600.0348830223083, "root_LP": 22466.6206958864, "obj": 74535.0, "final_gap": 0.6602480897114258, "global_lb": 25323.408633358813, "num_bnb_nodes": 5977, "num_bnb_remaining_nodes": 4540, "solution": [[[0, 17, 8, 42, 29, 31, 51], [[], []]], [[0, 38, 43, 5, 35, 37, 51], [[], []]], [[0, 40, 28, 13, 27, 51], [[[27, 2]], [[27, 3]]]], [[0, 41, 44, 11, 16, 39, 51], [[], []]], [[0, 45, 25, 47, 51], [[], []]], [[0, 46, 22, 33, 51], [[], []]], [[0, 48, 7, 15, 12, 10, 51], [[], []]], [[0, 49, 20, 6, 51], [[], []]], [[0, 50, 23, 36, 26, 14, 51], [[], []]]], "termination_status": "time limit exceeded"}