{"problem": {"name": "CVS-41-3", "datafile": "problems/ups_tw/CVS-41-3.vrp", "num_cust_nodes": 40, "num_tot_nodes": 42, "Gamma": 2, "t_range": 0.25, "Delta": 2, "d_range": 0.25, "num_drones": 2, "drone_time_multiplier": 1, "drone_cost_multiplier": 1, "flight_limit": 500, "demand_ratio": 0.75}, "timelimit": 600, "num_cpus": 4, "alg": "CG Heuristic", "tot_cg_iterations": 605, "time": 32.04063272476196, "obj": 67937.0, "tot_heu_time": 18.98663830757141, "tot_mp_time": 0.5881664752960205, "tot_sp_time": 9.46256422996521, "tot_sp1_time": 35.45793080329895, "tot_sp2_time": 0.08142518997192383, "raw_solution": [[[1.0, [0, 1, 41], [[[1, 14], 0], [[1, 9], 1], [[1, 4], 1], [[1, 15], 1]]], [1.0, [0, 35, 41], [[[35, 39], 0], [[35, 37], 1], [[35, 10], 0]]], [1.0, [0, 7, 13, 10, 34, 41], []], [1.0, [0, 9, 36, 2, 16, 26, 41], []], [1.0, [0, 24, 22, 8, 41], [[[8, 18], 0]]], [1.0, [0, 38, 30, 19, 23, 5, 41], []], [1.0000000000000002, [0, 18, 3, 21, 20, 41], [[[21, 15], 0], [[21, 40], 1], [[21, 29], 1]]], [1.0, [0, 25, 28, 17, 41], [[[28, 32], 0], [[17, 12], 0]]], [1.0, [0, 31, 27, 11, 33, 41], [[[11, 6], 0]]]], [[1.0, [1, 4]], [1.0, [1, 14]], [1.0, [11, 6]], [1.0, [17, 12]], [1.0000000000000002, [21, 15]], [1.0, [21, 29]], [1.0000000000000002, [21, 40]], [1.0, [28, 32]], [1.0, [35, 37]], [1.0, [35, 39]]]], "solution": [[[0, 1, 41], [[[1, 14]], [[1, 4]]]], [[0, 35, 41], [[[35, 39]], [[35, 37]]]], [[0, 7, 13, 10, 34, 41], [[], []]], [[0, 9, 36, 2, 16, 26, 41], [[], []]], [[0, 24, 22, 8, 41], [[], []]], [[0, 38, 30, 19, 23, 5, 41], [[], []]], [[0, 18, 3, 21, 20, 41], [[[21, 15]], [[21, 40], [21, 29]]]], [[0, 25, 28, 17, 41], [[[28, 32], [17, 12]], []]], [[0, 31, 27, 11, 33, 41], [[[11, 6]], []]]], "tot_num_gen_cols": 1423, "tot_num_labels": 1390, "tot_num_route_fixes": 241}