{"problem": {"name": "CVS-91-5", "datafile": "problems/ups_tw/CVS-91-5.vrp", "num_cust_nodes": 90, "num_tot_nodes": 92, "Gamma": 2, "t_range": 0.25, "Delta": 2, "d_range": 0.25, "num_drones": 2, "drone_time_multiplier": 1, "drone_cost_multiplier": 1, "flight_limit": 500, "demand_ratio": 0.75}, "timelimit": 600, "num_cpus": 4, "alg": "CG Heuristic", "tot_cg_iterations": 343, "time": 142.17921018600464, "obj": 120745.0, "tot_heu_time": 74.30134916305542, "tot_mp_time": 1.2668867111206055, "tot_sp_time": 63.14797520637512, "tot_sp1_time": 174.34200716018677, "tot_sp2_time": 19.779101133346558, "raw_solution": [[[1.0, [0, 16, 91], [[[16, 17], 0], [[16, 30], 1], [[16, 4], 1], [[16, 45], 0], [[16, 27], 1], [[16, 62], 1]]], [1.0, [0, 66, 91], [[[66, 68], 0], [[66, 74], 1], [[66, 15], 1], [[66, 78], 1], [[66, 75], 0]]], [1.0, [0, 80, 91], [[[80, 49], 0], [[80, 68], 1], [[80, 7], 0], [[80, 5], 0], [[80, 6], 1], [[80, 3], 0]]], [1.0, [0, 85, 91], [[[85, 18], 0], [[85, 20], 1], [[85, 23], 0], [[85, 14], 0], [[85, 11], 1]]], [1.0, [0, 89, 91], [[[89, 18], 0], [[89, 20], 1], [[89, 23], 0], [[89, 8], 0], [[89, 11], 1]]], [1.0, [0, 61, 70, 24, 13, 9, 91], [[[9, 32], 0]]], [1.0, [0, 84, 82, 88, 56, 40, 91], []], [1.0, [0, 55, 58, 30, 19, 46, 91], []], [1.0, [0, 72, 90, 76, 69, 91], [[[69, 10], 0]]], [1.0, [0, 42, 31, 29, 59, 91], [[[29, 44], 0], [[29, 43], 1]]], [1.0, [0, 33, 47, 81, 38, 91], [[[38, 52], 0]]], [1.0, [0, 71, 63, 79, 74, 91], [[[71, 4], 0], [[71, 36], 1], [[71, 86], 1]]], [1.0, [0, 54, 57, 73, 91], [[[73, 86], 0], [[73, 87], 1]]], [1.0, [0, 1, 34, 35, 67, 50, 91], [[[67, 48], 0]]], [1.0, [0, 12, 39, 22, 28, 91], [[[28, 64], 0]]], [1.0, [0, 65, 60, 25, 2, 83, 91], [[[25, 21], 0], [[83, 11], 0]]], [1.0, [0, 37, 41, 51, 77, 53, 91], [[[51, 26], 0], [[77, 14], 0]]]], [[1.0, [9, 32]], [1.0, [16, 4]], [1.0, [16, 17]], [1.0, [16, 27]], [1.0, [16, 45]], [1.0, [16, 62]], [1.0, [25, 21]], [1.0, [28, 64]], [1.0, [29, 43]], [1.0, [29, 44]], [1.0, [38, 52]], [1.0, [51, 26]], [1.0, [66, 15]], [1.0, [66, 75]], [1.0, [66, 78]], [1.0, [67, 48]], [1.0, [69, 10]], [1.0, [71, 36]], [1.0, [71, 86]], [1.0, [73, 87]], [1.0, [77, 14]], [1.0, [80, 3]], [1.0, [80, 5]], [1.0, [80, 6]], [1.0, [80, 7]], [1.0, [80, 49]], [1.0, [80, 68]], [1.0000000000000018, [83, 11]], [1.0, [85, 18]], [1.0, [85, 23]], [1.0, [89, 8]], [1.0, [89, 20]]]], "solution": [[[0, 16, 91], [[[16, 17], [16, 45]], [[16, 4], [16, 27], [16, 62]]]], [[0, 66, 91], [[[66, 75]], [[66, 15], [66, 78]]]], [[0, 80, 91], [[[80, 49], [80, 7], [80, 5], [80, 3]], [[80, 68], [80, 6]]]], [[0, 85, 91], [[[85, 18], [85, 23]], []]], [[0, 89, 91], [[[89, 8]], [[89, 20]]]], [[0, 61, 70, 24, 13, 9, 91], [[[9, 32]], []]], [[0, 84, 82, 88, 56, 40, 91], [[], []]], [[0, 55, 58, 30, 19, 46, 91], [[], []]], [[0, 72, 90, 76, 69, 91], [[[69, 10]], []]], [[0, 42, 31, 29, 59, 91], [[[29, 44]], [[29, 43]]]], [[0, 33, 47, 81, 38, 91], [[[38, 52]], []]], [[0, 71, 63, 79, 74, 91], [[], [[71, 36], [71, 86]]]], [[0, 54, 57, 73, 91], [[], [[73, 87]]]], [[0, 1, 34, 35, 67, 50, 91], [[[67, 48]], []]], [[0, 12, 39, 22, 28, 91], [[[28, 64]], []]], [[0, 65, 60, 25, 2, 83, 91], [[[25, 21], [83, 11]], []]], [[0, 37, 41, 51, 77, 53, 91], [[[51, 26], [77, 14]], []]]], "tot_num_gen_cols": 1814, "tot_num_labels": 1542, "tot_num_route_fixes": 109}