{"problem": {"name": "CVS-81-6", "datafile": "problems/ups_tw/CVS-81-6.vrp", "num_cust_nodes": 80, "num_tot_nodes": 82, "Gamma": 2, "t_range": 0.25, "Delta": 2, "d_range": 0.25, "num_drones": 2, "drone_time_multiplier": 1, "drone_cost_multiplier": 1, "flight_limit": 500, "demand_ratio": 0.75}, "timelimit": 600, "num_cpus": 4, "alg": "CG Heuristic", "tot_cg_iterations": 834, "time": 604.3450736999512, "obj": 108213.0, "tot_heu_time": 465.6524512767792, "tot_mp_time": 5.648000478744507, "tot_sp_time": 120.64276242256165, "tot_sp1_time": 384.3879084587097, "tot_sp2_time": 22.94869589805603, "raw_solution": [[[1.0, [0, 15, 81], [[[15, 1], 0], [[15, 21], 1], [[15, 6], 0], [[15, 4], 1], [[15, 20], 0]]], [1.0, [0, 16, 81], [[[16, 54], 0], [[16, 13], 1], [[16, 41], 0], [[16, 2], 1], [[16, 27], 0], [[16, 35], 1]]], [1.0, [0, 34, 81], [[[34, 37], 0], [[34, 38], 1], [[34, 45], 0], [[34, 19], 1], [[34, 61], 0]]], [1.0, [0, 69, 81], [[[69, 5], 0], [[69, 33], 1], [[69, 47], 0], [[69, 46], 1], [[69, 36], 0]]], [1.0, [0, 77, 81], [[[77, 10], 0], [[77, 12], 1], [[77, 13], 0], [[77, 40], 0], [[77, 16], 1], [[77, 35], 0]]], [1.0, [0, 39, 48, 9, 67, 26, 81], [[[48, 1], 0]]], [1.0, [0, 65, 51, 64, 80, 19, 57, 81], [[[64, 66], 0]]], [1.0, [0, 56, 44, 60, 50, 81], [[[60, 31], 0]]], [1.0, [0, 55, 8, 30, 22, 81], [[[55, 72], 0]]], [1.0, [0, 14, 73, 24, 79, 53, 81], [[[79, 17], 0]]], [1.0, [0, 25, 76, 29, 23, 46, 81], []], [1.0, [0, 27, 43, 71, 75, 63, 81], [[[71, 32], 0]]], [1.0, [0, 3, 52, 81], [[[3, 70], 0], [[52, 58], 0], [[52, 65], 1], [[52, 35], 1]]], [1.0, [0, 7, 49, 68, 36, 81], [[[7, 59], 0], [[68, 11], 0]]], [1.0, [0, 28, 78, 18, 62, 74, 81], [[[74, 42], 0]]]], [[1.0, [3, 70]], [1.0, [7, 59]], [1.0, [15, 4]], [1.0, [15, 6]], [1.0, [15, 20]], [1.0, [15, 21]], [1.0, [16, 2]], [1.0, [16, 41]], [1.0, [16, 54]], [1.0, [34, 37]], [1.0, [34, 38]], [1.0, [34, 45]], [1.0, [34, 61]], [1.0, [48, 1]], [1.0, [52, 58]], [1.0, [55, 72]], [1.0, [60, 31]], [1.0, [64, 66]], [1.0, [68, 11]], [1.0, [69, 5]], [1.0, [69, 33]], [1.0, [69, 47]], [1.0, [71, 32]], [1.0, [74, 42]], [1.0, [77, 10]], [1.0, [77, 12]], [1.0, [77, 13]], [1.0, [77, 35]], [1.0, [77, 40]], [1.0, [79, 17]]]], "solution": [[[0, 15, 81], [[[15, 6], [15, 20]], [[15, 21], [15, 4]]]], [[0, 16, 81], [[[16, 54], [16, 41]], [[16, 2]]]], [[0, 34, 81], [[[34, 37], [34, 45], [34, 61]], [[34, 38]]]], [[0, 69, 81], [[[69, 5], [69, 47]], [[69, 33]]]], [[0, 77, 81], [[[77, 10], [77, 13], [77, 40], [77, 35]], [[77, 12]]]], [[0, 39, 48, 9, 67, 26, 81], [[[48, 1]], []]], [[0, 65, 51, 64, 80, 19, 57, 81], [[[64, 66]], []]], [[0, 56, 44, 60, 50, 81], [[[60, 31]], []]], [[0, 55, 8, 30, 22, 81], [[[55, 72]], []]], [[0, 14, 73, 24, 79, 53, 81], [[[79, 17]], []]], [[0, 25, 76, 29, 23, 46, 81], [[], []]], [[0, 27, 43, 71, 75, 63, 81], [[[71, 32]], []]], [[0, 3, 52, 81], [[[3, 70], [52, 58]], []]], [[0, 7, 49, 68, 36, 81], [[[7, 59], [68, 11]], []]], [[0, 28, 78, 18, 62, 74, 81], [[[74, 42]], []]]], "tot_num_gen_cols": 2720, "tot_num_labels": 3367, "tot_num_route_fixes": 348}