{"problem": {"name": "CVS-51-9", "datafile": "problems/ups_tw/CVS-51-9.vrp", "num_cust_nodes": 50, "num_tot_nodes": 52, "Gamma": 2, "t_range": 0.25, "Delta": 2, "d_range": 0.25, "num_drones": 2, "drone_time_multiplier": 1, "drone_cost_multiplier": 1, "flight_limit": 500, "demand_ratio": 0.75}, "timelimit": 600, "num_cpus": 4, "alg": "CG Heuristic", "tot_cg_iterations": 234, "time": 20.777408599853516, "obj": 66605.0, "tot_heu_time": 12.539262056350708, "tot_mp_time": 0.39072704315185547, "tot_sp_time": 6.683515787124634, "tot_sp1_time": 24.097491025924683, "tot_sp2_time": 0.43345022201538086, "raw_solution": [[[1.0, [0, 8, 51], [[[8, 45], 0], [[8, 26], 1], [[8, 41], 0], [[8, 7], 1], [[8, 13], 0]]], [1.0, [0, 11, 51], [[[11, 20], 0], [[11, 39], 1], [[11, 48], 1], [[11, 44], 1], [[11, 25], 0]]], [1.0, [0, 18, 51], [[[18, 8], 0], [[18, 26], 1], [[18, 5], 0], [[18, 29], 1], [[18, 34], 0], [[18, 13], 1]]], [1.0, [0, 47, 6, 31, 28, 51], [[[28, 37], 0]]], [1.0, [0, 10, 32, 23, 1, 51], [[[10, 50], 0], [[23, 14], 0]]], [1.0, [0, 19, 24, 43, 4, 46, 51], [[[4, 15], 0]]], [1.0, [0, 17, 50, 36, 9, 3, 51], [[[36, 48], 0], [[9, 44], 0]]], [1.0, [0, 5, 27, 21, 51], [[[5, 30], 0], [[5, 38], 1], [[5, 40], 0], [[5, 45], 0], [[21, 37], 0], [[21, 42], 1]]], [1.0, [0, 22, 41, 16, 2, 12, 35, 51], [[[16, 33], 0], [[16, 49], 1]]]], [[1.0, [4, 15]], [1.0, [5, 30]], [1.0, [5, 38]], [1.0, [5, 40]], [1.0, [8, 7]], [1.0, [8, 45]], [1.0, [9, 44]], [1.0, [11, 20]], [1.0, [11, 25]], [1.0, [11, 39]], [1.0, [16, 33]], [1.0, [16, 49]], [1.0, [18, 13]], [1.0, [18, 26]], [1.0, [18, 29]], [1.0, [18, 34]], [1.0, [21, 42]], [1.0, [23, 14]], [1.0, [28, 37]], [1.0, [36, 48]]]], "solution": [[[0, 8, 51], [[[8, 45]], [[8, 7]]]], [[0, 11, 51], [[[11, 20], [11, 25]], [[11, 39]]]], [[0, 18, 51], [[[18, 34]], [[18, 26], [18, 29], [18, 13]]]], [[0, 47, 6, 31, 28, 51], [[[28, 37]], []]], [[0, 10, 32, 23, 1, 51], [[[23, 14]], []]], [[0, 19, 24, 43, 4, 46, 51], [[[4, 15]], []]], [[0, 17, 50, 36, 9, 3, 51], [[[36, 48], [9, 44]], []]], [[0, 5, 27, 21, 51], [[[5, 30], [5, 40]], [[5, 38], [21, 42]]]], [[0, 22, 41, 16, 2, 12, 35, 51], [[[16, 33]], [[16, 49]]]]], "tot_num_gen_cols": 1284, "tot_num_labels": 818, "tot_num_route_fixes": 96}