{"problem": {"name": "CVS-61-6", "datafile": "problems/ups_tw/CVS-61-6.vrp", "num_cust_nodes": 60, "num_tot_nodes": 62, "Gamma": 2, "t_range": 0.25, "Delta": 2, "d_range": 0.25, "num_drones": 2, "drone_time_multiplier": 1, "drone_cost_multiplier": 1, "flight_limit": 500, "demand_ratio": 0.75}, "timelimit": 600, "num_cpus": 4, "alg": "CG Heuristic", "tot_cg_iterations": 152, "time": 30.358939170837402, "obj": 83303.0, "tot_heu_time": 4.6428163051605225, "tot_mp_time": 0.15285253524780273, "tot_sp_time": 25.07227373123169, "tot_sp1_time": 95.43781971931458, "tot_sp2_time": 0.04358649253845215, "raw_solution": [[[1.0, [0, 28, 61], [[[28, 8], 0], [[28, 9], 1], [[28, 11], 1], [[28, 18], 0]]], [1.0, [0, 41, 61], [[[41, 54], 0], [[41, 16], 1], [[41, 43], 1], [[41, 27], 0]]], [1.0, [0, 45, 61], [[[45, 38], 0], [[45, 12], 1], [[45, 37], 1], [[45, 34], 1], [[45, 13], 1]]], [1.0, [0, 17, 42, 53, 24, 7, 61], []], [1.0, [0, 58, 54, 3, 16, 52, 61], []], [1.0, [0, 2, 14, 59, 47, 5, 61], [[[5, 49], 0]]], [1.0, [0, 57, 8, 30, 32, 43, 61], [[[30, 31], 0]]], [1.0, [0, 50, 56, 60, 44, 48, 55, 61], []], [1.0, [0, 39, 25, 4, 15, 29, 61], []], [1.0, [0, 26, 21, 20, 6, 1, 61], []], [1.0, [0, 23, 46, 36, 61], [[[23, 22], 0], [[46, 33], 0]]], [1.0, [0, 34, 10, 19, 35, 51, 27, 61], [[[35, 12], 0], [[35, 40], 1]]]], [[1.0, [5, 49]], [1.0, [23, 22]], [1.0, [28, 9]], [1.0, [28, 11]], [1.0, [28, 18]], [1.0, [30, 31]], [1.0, [35, 12]], [1.0, [35, 40]], [1.0, [45, 13]], [1.0, [45, 37]], [1.0, [45, 38]], [1.0, [46, 33]]]], "solution": [[[0, 28, 61], [[[28, 18]], [[28, 9], [28, 11]]]], [[0, 41, 61], [[], []]], [[0, 45, 61], [[[45, 38]], [[45, 37], [45, 13]]]], [[0, 17, 42, 53, 24, 7, 61], [[], []]], [[0, 58, 54, 3, 16, 52, 61], [[], []]], [[0, 2, 14, 59, 47, 5, 61], [[[5, 49]], []]], [[0, 57, 8, 30, 32, 43, 61], [[[30, 31]], []]], [[0, 50, 56, 60, 44, 48, 55, 61], [[], []]], [[0, 39, 25, 4, 15, 29, 61], [[], []]], [[0, 26, 21, 20, 6, 1, 61], [[], []]], [[0, 23, 46, 36, 61], [[[23, 22], [46, 33]], []]], [[0, 34, 10, 19, 35, 51, 27, 61], [[[35, 12]], [[35, 40]]]]], "tot_num_gen_cols": 1278, "tot_num_labels": 1315, "tot_num_route_fixes": 34}