{"problem": {"name": "CVS-61-4", "datafile": "problems/ups_tw/CVS-61-4.vrp", "num_cust_nodes": 60, "num_tot_nodes": 62, "Gamma": 2, "t_range": 0.25, "Delta": 2, "d_range": 0.25, "num_drones": 2, "drone_time_multiplier": 1, "drone_cost_multiplier": 1, "flight_limit": 500, "demand_ratio": 0.75}, "timelimit": 600, "num_cpus": 4, "alg": "CG Heuristic", "tot_cg_iterations": 788, "time": 318.6318633556366, "obj": 83976.0, "tot_heu_time": 179.62935042381287, "tot_mp_time": 2.4001922607421875, "tot_sp_time": 126.93857860565186, "tot_sp1_time": 491.80330181121826, "tot_sp2_time": 0.19625282287597656, "raw_solution": [[[1.0, [0, 2, 61], [[[2, 53], 0], [[2, 13], 1], [[2, 39], 1], [[2, 40], 0], [[2, 30], 1]]], [1.0, [0, 47, 61], [[[47, 17], 0], [[47, 23], 1], [[47, 22], 0], [[47, 4], 1], [[47, 12], 0]]], [1.0, [0, 49, 61], [[[49, 10], 0], [[49, 46], 1], [[49, 52], 1], [[49, 29], 1], [[49, 35], 1]]], [1.0, [0, 9, 14, 24, 10, 42, 61], []], [1.0, [0, 44, 11, 31, 8, 61], []], [1.0, [0, 15, 33, 1, 43, 41, 61], []], [1.0, [0, 32, 6, 25, 51, 26, 61], []], [1.0, [0, 28, 55, 20, 7, 3, 61], [[[3, 58], 0]]], [1.0, [0, 54, 39, 50, 56, 37, 61], [[[54, 16], 0]]], [1.0, [0, 48, 57, 5, 60, 34, 18, 61], [[[57, 59], 0]]], [1.0, [0, 38, 36, 45, 19, 27, 21, 61], []]], [[1.0, [2, 13]], [1.0, [2, 30]], [1.0, [2, 40]], [1.0, [2, 53]], [1.0, [3, 58]], [1.0, [47, 4]], [1.0, [47, 12]], [1.0, [47, 17]], [1.0, [47, 22]], [1.0, [47, 23]], [1.0, [49, 29]], [1.0, [49, 35]], [1.0, [49, 46]], [1.0, [49, 52]], [1.0, [54, 16]], [1.0, [57, 59]]]], "solution": [[[0, 2, 61], [[[2, 53], [2, 40]], [[2, 13], [2, 30]]]], [[0, 47, 61], [[[47, 17], [47, 22], [47, 12]], [[47, 23], [47, 4]]]], [[0, 49, 61], [[], [[49, 46], [49, 52], [49, 29], [49, 35]]]], [[0, 9, 14, 24, 10, 42, 61], [[], []]], [[0, 44, 11, 31, 8, 61], [[], []]], [[0, 15, 33, 1, 43, 41, 61], [[], []]], [[0, 32, 6, 25, 51, 26, 61], [[], []]], [[0, 28, 55, 20, 7, 3, 61], [[[3, 58]], []]], [[0, 54, 39, 50, 56, 37, 61], [[[54, 16]], []]], [[0, 48, 57, 5, 60, 34, 18, 61], [[[57, 59]], []]], [[0, 38, 36, 45, 19, 27, 21, 61], [[], []]]], "tot_num_gen_cols": 3888, "tot_num_labels": 4208, "tot_num_route_fixes": 254}