{"problem": {"name": "CVS-61-6", "datafile": "problems/ups_tw/CVS-61-6.vrp", "num_cust_nodes": 60, "num_tot_nodes": 62, "Gamma": 2, "t_range": 0.25, "Delta": 2, "d_range": 0.25, "num_drones": 2, "drone_time_multiplier": 1, "drone_cost_multiplier": 1, "flight_limit": 500, "demand_ratio": 0.75}, "timelimit": 600, "num_cpus": 4, "alg": "MIP", "time": 600.0447881221771, "root_LP": 27535.223750717367, "obj": 90499.0, "final_gap": 0.6689681635779684, "global_lb": 29958.05016435737, "num_bnb_nodes": 2119, "num_bnb_remaining_nodes": 814, "solution": [[[0, 15, 6, 21, 20, 26, 61], [[], []]], [[0, 31, 29, 1, 61], [[], [[1, 4]]]], [[0, 39, 28, 18, 61], [[], []]], [[0, 41, 16, 58, 61], [[], []]], [[0, 42, 17, 24, 53, 2, 61], [[], []]], [[0, 46, 36, 61], [[[36, 7], [36, 23]], []]], [[0, 51, 35, 19, 34, 61], [[], []]], [[0, 52, 45, 40, 61], [[], []]], [[0, 56, 32, 30, 22, 44, 61], [[], []]], [[0, 57, 43, 27, 61], [[], []]], [[0, 59, 47, 5, 61], [[[5, 14], [5, 49]], [[5, 33]]]], [[0, 60, 50, 55, 48, 61], [[[48, 9]], []]]], "termination_status": "time limit exceeded"}