{"problem": {"name": "CVS-71-6", "datafile": "problems/ups_tw/CVS-71-6.vrp", "num_cust_nodes": 70, "num_tot_nodes": 72, "Gamma": 2, "t_range": 0.25, "Delta": 2, "d_range": 0.25, "num_drones": 2, "drone_time_multiplier": 1, "drone_cost_multiplier": 1, "flight_limit": 500, "demand_ratio": 0.75}, "timelimit": 600, "num_cpus": 4, "alg": "CG Heuristic", "tot_cg_iterations": 265, "time": 49.99020528793335, "obj": 102221.0, "tot_heu_time": 28.951829433441162, "tot_mp_time": 0.5927338600158691, "tot_sp_time": 18.273072242736816, "tot_sp1_time": 68.05118465423584, "tot_sp2_time": 0.4664599895477295, "raw_solution": [[[1.0, [0, 7, 71], [[[7, 22], 0], [[7, 18], 1], [[7, 23], 0], [[7, 28], 1]]], [1.0, [0, 14, 71], [[[14, 49], 0], [[14, 33], 1], [[14, 69], 0], [[14, 5], 1], [[14, 59], 0], [[14, 47], 1]]], [1.0, [0, 41, 71], [[[41, 43], 0], [[41, 70], 1], [[41, 52], 0], [[41, 27], 1], [[41, 57], 0]]], [1.0, [0, 45, 71], [[[45, 13], 0], [[45, 12], 1], [[45, 38], 0], [[45, 34], 1], [[45, 37], 0]]], [1.0, [0, 36, 62, 39, 68, 71], []], [1.0, [0, 61, 10, 35, 65, 51, 71], [[[35, 40], 0]]], [1.0, [0, 16, 54, 3, 71], [[[16, 70], 0]]], [1.0, [0, 4, 29, 1, 15, 46, 71], [[[1, 67], 0]]], [1.0, [0, 6, 20, 21, 11, 71], []], [1.0, [0, 2, 53, 24, 71], [[[53, 17], 0], [[53, 42], 1]]], [1.0, [0, 50, 30, 8, 57, 71], [[[30, 32], 0]]], [1.0, [0, 66, 64, 19, 71], [[[66, 12], 0], [[66, 61], 1], [[66, 58], 1]]], [1.0, [0, 31, 55, 48, 9, 25, 71], [[[25, 26], 0]]], [1.0, [0, 44, 60, 56, 71], [[[60, 63], 0]]]], [[1.0, [1, 67]], [1.0, [7, 18]], [1.0, [7, 22]], [1.0, [7, 23]], [1.0, [7, 28]], [1.0, [14, 5]], [1.0, [14, 33]], [1.0, [14, 47]], [1.0, [14, 49]], [1.0, [14, 59]], [1.0, [14, 69]], [1.0, [16, 70]], [1.0, [25, 26]], [1.0, [30, 32]], [1.0, [35, 40]], [1.0, [41, 27]], [1.0, [41, 43]], [1.0, [41, 52]], [1.0, [45, 13]], [1.0, [45, 34]], [1.0, [45, 37]], [1.0, [45, 38]], [1.0, [53, 17]], [1.0, [53, 42]], [1.0, [60, 63]], [1.0, [66, 12]], [1.0, [66, 58]]]], "solution": [[[0, 7, 71], [[[7, 22], [7, 23]], [[7, 18], [7, 28]]]], [[0, 14, 71], [[[14, 49], [14, 69], [14, 59]], [[14, 33], [14, 5], [14, 47]]]], [[0, 41, 71], [[[41, 43], [41, 52]], [[41, 27]]]], [[0, 45, 71], [[[45, 13], [45, 38], [45, 37]], [[45, 34]]]], [[0, 36, 62, 39, 68, 71], [[], []]], [[0, 61, 10, 35, 65, 51, 71], [[[35, 40]], []]], [[0, 16, 54, 3, 71], [[[16, 70]], []]], [[0, 4, 29, 1, 15, 46, 71], [[[1, 67]], []]], [[0, 6, 20, 21, 11, 71], [[], []]], [[0, 2, 53, 24, 71], [[[53, 17]], [[53, 42]]]], [[0, 50, 30, 8, 57, 71], [[[30, 32]], []]], [[0, 66, 64, 19, 71], [[[66, 12]], [[66, 58]]]], [[0, 31, 55, 48, 9, 25, 71], [[[25, 26]], []]], [[0, 44, 60, 56, 71], [[[60, 63]], []]]], "tot_num_gen_cols": 1134, "tot_num_labels": 1161, "tot_num_route_fixes": 110}