{"problem": {"name": "CVS-61-7", "datafile": "problems/ups_tw/CVS-61-7.vrp", "num_cust_nodes": 60, "num_tot_nodes": 62, "Gamma": 2, "t_range": 0.25, "Delta": 2, "d_range": 0.25, "num_drones": 2, "drone_time_multiplier": 1, "drone_cost_multiplier": 1, "flight_limit": 500, "demand_ratio": 0.75}, "timelimit": 600, "num_cpus": 4, "alg": "MIP", "time": 601.0609471797943, "root_LP": 27831.785714285714, "obj": 96464.0, "final_gap": 0.6895754003668251, "global_lb": 29944.79857901451, "num_bnb_nodes": 2495, "num_bnb_remaining_nodes": 1217, "solution": [[[0, 16, 3, 53, 61], [[], []]], [[0, 17, 9, 38, 57, 29, 6, 61], [[], []]], [[0, 22, 39, 44, 61], [[[44, 1]], []]], [[0, 27, 28, 4, 46, 49, 61], [[], []]], [[0, 33, 35, 14, 61], [[], []]], [[0, 42, 41, 58, 20, 61], [[], []]], [[0, 45, 36, 21, 24, 61], [[], []]], [[0, 47, 26, 34, 13, 61], [[], []]], [[0, 52, 2, 40, 25, 61], [[], []]], [[0, 54, 8, 37, 61], [[], [[37, 15]]]], [[0, 59, 23, 61], [[], []]], [[0, 60, 50, 10, 30, 31, 43, 61], [[], []]]], "termination_status": "time limit exceeded"}