{"problem": {"name": "CVS-71-9", "datafile": "problems/ups_tw/CVS-71-9.vrp", "num_cust_nodes": 70, "num_tot_nodes": 72, "Gamma": 2, "t_range": 0.25, "Delta": 2, "d_range": 0.25, "num_drones": 2, "drone_time_multiplier": 1, "drone_cost_multiplier": 1, "flight_limit": 500, "demand_ratio": 0.75}, "timelimit": 600, "num_cpus": 4, "alg": "CG Heuristic", "tot_cg_iterations": 525, "time": 261.3806381225586, "obj": 94557.0, "tot_heu_time": 192.06012558937073, "tot_mp_time": 2.090777635574341, "tot_sp_time": 61.08732867240906, "tot_sp1_time": 232.9950888156891, "tot_sp2_time": 0.5953364372253418, "raw_solution": [[[1.0, [0, 23, 71], [[[23, 10], 0], [[23, 39], 1], [[23, 32], 0], [[23, 36], 0]]], [1.0, [0, 63, 68, 65, 16, 2, 71], [[[16, 33], 0]]], [1.0, [0, 43, 24, 46, 49, 15, 71], []], [1.0, [0, 13, 60, 56, 29, 71], [[[60, 34], 0]]], [1.0, [0, 52, 40, 31, 42, 21, 27, 67, 71], []], [1.0, [0, 28, 61, 30, 38, 71], [[[28, 19], 0], [[38, 59], 0], [[38, 70], 1]]], [1.0, [0, 41, 58, 35, 71], [[[41, 12], 0], [[58, 22], 0]]], [1.0, [0, 55, 9, 17, 71], [[[55, 44], 0]]], [1.0, [0, 5, 47, 6, 71], [[[5, 67], 0], [[47, 37], 0], [[6, 51], 0]]], [1.0, [0, 26, 69, 70, 4, 71], [[[69, 18], 0], [[69, 45], 1]]], [1.0, [0, 8, 64, 54, 71], [[[8, 7], 0], [[8, 22], 1], [[8, 53], 1], [[54, 66], 0]]], [1.0, [0, 25, 11, 62, 1, 71], [[[62, 20], 0]]], [1.0, [0, 48, 50, 14, 57, 71], [[[50, 3], 0]]]], [[1.0, [6, 51]], [1.0, [8, 7]], [1.0, [8, 53]], [1.0, [16, 33]], [1.0, [23, 10]], [1.0, [23, 32]], [1.0, [23, 36]], [1.0, [23, 39]], [1.0, [28, 19]], [1.0, [38, 59]], [1.0, [41, 12]], [1.0, [47, 37]], [1.0, [50, 3]], [1.0, [54, 66]], [1.0, [55, 44]], [1.0, [58, 22]], [1.0, [60, 34]], [1.0, [62, 20]], [1.0, [69, 18]], [1.0, [69, 45]]]], "solution": [[[0, 23, 71], [[[23, 10], [23, 32], [23, 36]], [[23, 39]]]], [[0, 63, 68, 65, 16, 2, 71], [[[16, 33]], []]], [[0, 43, 24, 46, 49, 15, 71], [[], []]], [[0, 13, 60, 56, 29, 71], [[[60, 34]], []]], [[0, 52, 40, 31, 42, 21, 27, 67, 71], [[], []]], [[0, 28, 61, 30, 38, 71], [[[28, 19], [38, 59]], []]], [[0, 41, 58, 35, 71], [[[41, 12], [58, 22]], []]], [[0, 55, 9, 17, 71], [[[55, 44]], []]], [[0, 5, 47, 6, 71], [[[47, 37], [6, 51]], []]], [[0, 26, 69, 70, 4, 71], [[[69, 18]], [[69, 45]]]], [[0, 8, 64, 54, 71], [[[8, 7], [54, 66]], [[8, 53]]]], [[0, 25, 11, 62, 1, 71], [[[62, 20]], []]], [[0, 48, 50, 14, 57, 71], [[[50, 3]], []]]], "tot_num_gen_cols": 1919, "tot_num_labels": 2217, "tot_num_route_fixes": 201}