{"problem": {"name": "CVS-61-3", "datafile": "problems/ups_tw/CVS-61-3.vrp", "num_cust_nodes": 60, "num_tot_nodes": 62, "Gamma": 2, "t_range": 0.25, "Delta": 2, "d_range": 0.25, "num_drones": 2, "drone_time_multiplier": 1, "drone_cost_multiplier": 1, "flight_limit": 500, "demand_ratio": 0.75}, "timelimit": 600, "num_cpus": 4, "alg": "CG Heuristic", "tot_cg_iterations": 373, "time": 56.5436429977417, "obj": 89537.0, "tot_heu_time": 34.117443323135376, "tot_mp_time": 0.9381206035614014, "tot_sp_time": 18.737215042114258, "tot_sp1_time": 69.75918865203857, "tot_sp2_time": 0.3941676616668701, "raw_solution": [[[1.0, [0, 7, 61], [[[7, 30], 0], [[7, 46], 1], [[7, 23], 0], [[7, 52], 1]]], [1.0, [0, 10, 12, 32, 39, 37, 61], [[[37, 28], 0]]], [1.0, [0, 21, 3, 14, 58, 48, 61], []], [1.0, [0, 31, 24, 8, 22, 61], [[[24, 27], 0]]], [1.0, [0, 53, 55, 61], [[[53, 11], 0], [[53, 59], 1], [[55, 57], 0], [[55, 54], 1], [[55, 28], 1]]], [1.0, [0, 4, 25, 51, 17, 35, 61], [[[17, 56], 0], [[35, 34], 0]]], [1.0, [0, 33, 11, 36, 2, 15, 20, 61], [[[2, 6], 0], [[2, 18], 1]]], [1.0, [0, 45, 43, 26, 16, 1, 61], [[[1, 28], 0]]], [1.0, [0, 42, 29, 40, 9, 49, 61], [[[49, 6], 0]]], [1.0, [0, 38, 41, 5, 61], [[[41, 13], 0], [[41, 50], 1], [[41, 23], 1]]], [1.0, [0, 47, 60, 19, 61], [[[60, 46], 0], [[19, 44], 0]]]], [[1.0, [2, 6]], [1.0, [2, 18]], [1.0, [7, 30]], [1.0, [7, 46]], [1.0, [7, 52]], [1.0, [17, 56]], [1.0, [19, 44]], [1.0, [24, 27]], [1.0, [35, 34]], [1.0, [37, 28]], [1.0, [41, 13]], [1.0, [41, 23]], [1.0, [41, 50]], [1.0, [53, 59]], [1.0, [55, 54]], [1.0, [55, 57]]]], "solution": [[[0, 7, 61], [[[7, 30]], [[7, 46], [7, 52]]]], [[0, 10, 12, 32, 39, 37, 61], [[[37, 28]], []]], [[0, 21, 3, 14, 58, 48, 61], [[], []]], [[0, 31, 24, 8, 22, 61], [[[24, 27]], []]], [[0, 53, 55, 61], [[[55, 57]], [[53, 59], [55, 54]]]], [[0, 4, 25, 51, 17, 35, 61], [[[17, 56], [35, 34]], []]], [[0, 33, 11, 36, 2, 15, 20, 61], [[[2, 6]], [[2, 18]]]], [[0, 45, 43, 26, 16, 1, 61], [[], []]], [[0, 42, 29, 40, 9, 49, 61], [[], []]], [[0, 38, 41, 5, 61], [[[41, 13]], [[41, 50], [41, 23]]]], [[0, 47, 60, 19, 61], [[[19, 44]], []]]], "tot_num_gen_cols": 1460, "tot_num_labels": 1260, "tot_num_route_fixes": 116}