{"problem": {"name": "CVS-51-1", "datafile": "problems/ups_tw/CVS-51-1.vrp", "num_cust_nodes": 50, "num_tot_nodes": 52, "Gamma": 2, "t_range": 0.25, "Delta": 2, "d_range": 0.25, "num_drones": 2, "drone_time_multiplier": 1, "drone_cost_multiplier": 1, "flight_limit": 500, "demand_ratio": 0.75}, "timelimit": 600, "num_cpus": 4, "alg": "MIP", "time": 600.0197048187256, "root_LP": 55477.21201550353, "obj": 93834.0, "final_gap": 0.37249991316815506, "global_lb": 58880.8431477793, "num_bnb_nodes": 7561, "num_bnb_remaining_nodes": 5951, "solution": [[[0, 4, 39, 43, 17, 51], [[], []]], [[0, 7, 20, 49, 5, 51], [[], []]], [[0, 16, 26, 15, 51], [[], []]], [[0, 18, 51], [[[18, 40], [18, 42], [18, 6]], [[18, 35]]]], [[0, 19, 51], [[[19, 30]], []]], [[0, 22, 51], [[[22, 44], [22, 31]], [[22, 2]]]], [[0, 33, 10, 47, 51], [[], []]], [[0, 34, 37, 51], [[], [[37, 24]]]], [[0, 38, 51], [[[38, 27]], [[38, 32], [38, 28], [38, 29], [38, 14]]]], [[0, 48, 46, 51], [[[46, 1], [46, 23]], [[46, 3]]]], [[0, 50, 12, 13, 51], [[[13, 45]], []]]], "termination_status": "time limit exceeded"}