{"problem": {"name": "CVS-41-4", "datafile": "problems/ups_tw/CVS-41-4.vrp", "num_cust_nodes": 40, "num_tot_nodes": 42, "Gamma": 2, "t_range": 0.25, "Delta": 2, "d_range": 0.25, "num_drones": 2, "drone_time_multiplier": 1, "drone_cost_multiplier": 1, "flight_limit": 500, "demand_ratio": 0.75}, "timelimit": 600, "num_cpus": 4, "alg": "CG Heuristic", "tot_cg_iterations": 107, "time": 3.2516753673553467, "obj": 63041.0, "tot_heu_time": 1.0752053260803223, "tot_mp_time": 0.06632781028747559, "tot_sp_time": 1.8608877658843994, "tot_sp1_time": 6.920408248901367, "tot_sp2_time": 0.0290677547454834, "raw_solution": [[[1.0, [0, 40, 41], [[[40, 31], 0], [[40, 16], 1], [[40, 13], 0], [[40, 30], 1], [[40, 39], 0]]], [1.0, [0, 20, 28, 7, 41], [[[28, 23], 0], [[28, 12], 1]]], [1.0, [0, 9, 14, 8, 35, 41], []], [1.0, [0, 5, 34, 18, 37, 41], [[[5, 11], 0]]], [1.0, [0, 1, 15, 21, 3, 41], [[[21, 29], 0], [[3, 36], 0]]], [1.0, [0, 33, 4, 27, 22, 26, 41], [[[27, 17], 0]]], [1.0, [0, 2, 24, 10, 41], [[[2, 31], 0]]], [1.0, [0, 38, 32, 6, 25, 41], [[[32, 19], 0]]]], [[1.0, [2, 31]], [1.0, [3, 36]], [1.0, [5, 11]], [1.0, [21, 29]], [1.0, [27, 17]], [1.0, [28, 12]], [1.0, [28, 23]], [1.0, [32, 19]], [1.0, [40, 13]], [1.0, [40, 16]], [1.0, [40, 30]], [1.0, [40, 39]]]], "solution": [[[0, 40, 41], [[[40, 13], [40, 39]], [[40, 16], [40, 30]]]], [[0, 20, 28, 7, 41], [[[28, 23]], [[28, 12]]]], [[0, 9, 14, 8, 35, 41], [[], []]], [[0, 5, 34, 18, 37, 41], [[[5, 11]], []]], [[0, 1, 15, 21, 3, 41], [[[21, 29], [3, 36]], []]], [[0, 33, 4, 27, 22, 26, 41], [[[27, 17]], []]], [[0, 2, 24, 10, 41], [[[2, 31]], []]], [[0, 38, 32, 6, 25, 41], [[[32, 19]], []]]], "tot_num_gen_cols": 663, "tot_num_labels": 491, "tot_num_route_fixes": 33}