{"problem": {"name": "CVS-91-8", "datafile": "problems/ups_tw/CVS-91-8.vrp", "num_cust_nodes": 90, "num_tot_nodes": 92, "Gamma": 2, "t_range": 0.25, "Delta": 2, "d_range": 0.25, "num_drones": 2, "drone_time_multiplier": 1, "drone_cost_multiplier": 1, "flight_limit": 500, "demand_ratio": 0.75}, "timelimit": 600, "num_cpus": 4, "alg": "MIP", "time": 600.4366393089294, "root_LP": 43378.06299738432, "obj": 248165.0, "final_gap": 0.8252047508819358, "global_lb": 43378.06299738433, "num_bnb_nodes": 0, "num_bnb_remaining_nodes": 1, "solution": [[[0, 1, 91], [[], []]], [[0, 2, 91], [[], []]], [[0, 3, 65, 91], [[], []]], [[0, 5, 62, 22, 91], [[], [[22, 4]]]], [[0, 7, 59, 91], [[], []]], [[0, 9, 86, 38, 91], [[[38, 76]], []]], [[0, 11, 84, 91], [[], []]], [[0, 14, 91], [[], []]], [[0, 15, 27, 45, 91], [[[45, 39]], []]], [[0, 16, 46, 91], [[], []]], [[0, 18, 91], [[], []]], [[0, 19, 91], [[], []]], [[0, 24, 49, 8, 91], [[], []]], [[0, 26, 47, 91], [[], []]], [[0, 31, 91], [[], []]], [[0, 32, 13, 72, 40, 91], [[], []]], [[0, 33, 91], [[], []]], [[0, 34, 91], [[], []]], [[0, 35, 91], [[], []]], [[0, 36, 91], [[], []]], [[0, 41, 85, 75, 91], [[], [[75, 56]]]], [[0, 42, 91], [[], []]], [[0, 43, 91], [[], []]], [[0, 48, 91], [[], []]], [[0, 52, 30, 91], [[], []]], [[0, 53, 12, 91], [[], []]], [[0, 57, 91], [[], []]], [[0, 60, 25, 91], [[], [[25, 50]]]], [[0, 66, 91], [[], []]], [[0, 67, 29, 64, 54, 91], [[], []]], [[0, 68, 23, 87, 91], [[], []]], [[0, 70, 91], [[], []]], [[0, 71, 91], [[], []]], [[0, 73, 63, 55, 74, 88, 91], [[], []]], [[0, 77, 91], [[], []]], [[0, 78, 28, 61, 80, 91], [[], []]], [[0, 79, 91], [[], []]], [[0, 82, 51, 44, 91], [[], []]], [[0, 83, 20, 69, 10, 91], [[], []]], [[0, 89, 81, 91], [[], []]], [[0, 90, 91], [[], []]]], "termination_status": "time limit exceeded"}