{"problem": {"name": "CVS-81-3", "datafile": "problems/ups_tw/CVS-81-3.vrp", "num_cust_nodes": 80, "num_tot_nodes": 82, "Gamma": 2, "t_range": 0.25, "Delta": 2, "d_range": 0.25, "num_drones": 2, "drone_time_multiplier": 1, "drone_cost_multiplier": 1, "flight_limit": 500, "demand_ratio": 0.75}, "timelimit": 600, "num_cpus": 4, "alg": "MIP", "time": 600.3463180065155, "root_LP": 28941.723585968262, "obj": 206116.0, "final_gap": 0.8595852646763555, "global_lb": 28941.723585968226, "num_bnb_nodes": 0, "num_bnb_remaining_nodes": 1, "solution": [[[0, 3, 15, 21, 20, 81], [[], []]], [[0, 5, 81], [[], []]], [[0, 6, 81], [[], []]], [[0, 7, 81], [[], []]], [[0, 10, 81], [[], []]], [[0, 11, 76, 81], [[], []]], [[0, 23, 64, 81], [[], [[64, 44]]]], [[0, 24, 22, 8, 61, 81], [[], []]], [[0, 28, 25, 81], [[], [[25, 79]]]], [[0, 29, 81], [[], []]], [[0, 32, 39, 81], [[], []]], [[0, 33, 59, 77, 81], [[], []]], [[0, 34, 81], [[], []]], [[0, 37, 81], [[], []]], [[0, 40, 65, 73, 75, 81], [[], []]], [[0, 42, 49, 68, 81], [[[68, 9]], []]], [[0, 43, 18, 48, 26, 81], [[], []]], [[0, 47, 69, 81], [[], []]], [[0, 51, 4, 81], [[], [[4, 17]]]], [[0, 52, 46, 13, 50, 81], [[], []]], [[0, 55, 81], [[[55, 35]], []]], [[0, 57, 81], [[], []]], [[0, 58, 14, 81], [[], [[14, 56]]]], [[0, 60, 81], [[], []]], [[0, 62, 30, 19, 81], [[], []]], [[0, 63, 81], [[], []]], [[0, 66, 41, 38, 81], [[], []]], [[0, 67, 81], [[], []]], [[0, 70, 36, 81], [[], []]], [[0, 71, 81], [[], []]], [[0, 72, 81], [[], []]], [[0, 74, 54, 12, 81], [[], []]], [[0, 78, 80, 81], [[], [[80, 31]]]]], "termination_status": "time limit exceeded"}