{"problem": {"name": "CVS-41-6", "datafile": "problems/ups_tw/CVS-41-6.vrp", "num_cust_nodes": 40, "num_tot_nodes": 42, "Gamma": 2, "t_range": 0.25, "Delta": 2, "d_range": 0.25, "num_drones": 2, "drone_time_multiplier": 1, "drone_cost_multiplier": 1, "flight_limit": 500, "demand_ratio": 0.75}, "timelimit": 600, "num_cpus": 4, "alg": "CG Heuristic", "tot_cg_iterations": 111, "time": 3.171473264694214, "obj": 60172.0, "tot_heu_time": 0.43346714973449707, "tot_mp_time": 0.06783080101013184, "tot_sp_time": 2.4719808101654053, "tot_sp1_time": 9.328982830047607, "tot_sp2_time": 0.027792692184448242, "raw_solution": [[[1.0, [0, 7, 41], [[[7, 18], 0], [[7, 32], 1], [[7, 22], 0], [[7, 23], 1], [[7, 14], 0]]], [1.0, [0, 16, 41], [[[16, 13], 0], [[16, 35], 1], [[16, 2], 0], [[16, 3], 1], [[16, 27], 0]]], [1.0, [0, 25, 6, 20, 21, 41], []], [1.0, [0, 26, 1, 15, 29, 4, 28, 39, 41], [[[4, 9], 0]]], [1.0, [0, 34, 35, 19, 10, 41], [[[34, 37], 0], [[34, 38], 1], [[10, 12], 0]]], [1.0, [0, 40, 5, 24, 17, 36, 41], [[[5, 33], 0]]], [1.0, [0, 8, 30, 32, 27, 41], [[[30, 31], 0], [[30, 11], 1], [[32, 22], 0]]]], [[1.0, [4, 9]], [1.0, [5, 33]], [1.0, [7, 14]], [1.0, [7, 18]], [1.0, [7, 23]], [1.0, [10, 12]], [1.0, [16, 2]], [1.0, [16, 3]], [1.0, [16, 13]], [1.0, [30, 11]], [1.0, [30, 31]], [1.0, [32, 22]], [1.0, [34, 37]], [1.0, [34, 38]]]], "solution": [[[0, 7, 41], [[[7, 18], [7, 14]], [[7, 23]]]], [[0, 16, 41], [[[16, 13], [16, 2]], [[16, 3]]]], [[0, 25, 6, 20, 21, 41], [[], []]], [[0, 26, 1, 15, 29, 4, 28, 39, 41], [[[4, 9]], []]], [[0, 34, 35, 19, 10, 41], [[[34, 37], [10, 12]], [[34, 38]]]], [[0, 40, 5, 24, 17, 36, 41], [[[5, 33]], []]], [[0, 8, 30, 32, 27, 41], [[[30, 31], [32, 22]], [[30, 11]]]]], "tot_num_gen_cols": 835, "tot_num_labels": 791, "tot_num_route_fixes": 17}