{"problem": {"name": "CVS-71-6", "datafile": "problems/ups_tw/CVS-71-6.vrp", "num_cust_nodes": 70, "num_tot_nodes": 72, "Gamma": 2, "t_range": 0.25, "Delta": 2, "d_range": 0.25, "num_drones": 2, "drone_time_multiplier": 1, "drone_cost_multiplier": 1, "flight_limit": 500, "demand_ratio": 0.75}, "timelimit": 600, "num_cpus": 4, "alg": "MIP", "time": 600.0980463027954, "root_LP": 43388.61778223704, "obj": 142804.0, "final_gap": 0.6956316997512273, "global_lb": 43465.01074872568, "num_bnb_nodes": 496, "num_bnb_remaining_nodes": 457, "solution": [[[0, 3, 5, 42, 17, 24, 71], [[], []]], [[0, 7, 6, 20, 60, 71], [[], []]], [[0, 13, 12, 71], [[[12, 40]], [[12, 45]]]], [[0, 16, 54, 58, 41, 71], [[], []]], [[0, 21, 8, 30, 31, 71], [[], [[31, 63]]]], [[0, 22, 43, 32, 55, 25, 71], [[], []]], [[0, 27, 64, 57, 71], [[], []]], [[0, 33, 69, 71], [[], [[69, 47]]]], [[0, 36, 39, 18, 28, 26, 71], [[], []]], [[0, 44, 50, 29, 1, 71], [[], []]], [[0, 48, 9, 67, 15, 71], [[], []]], [[0, 52, 71], [[[52, 70]], []]], [[0, 56, 71], [[], []]], [[0, 61, 10, 35, 65, 71], [[], [[65, 51]]]], [[0, 62, 4, 2, 46, 23, 71], [[], []]], [[0, 66, 37, 34, 19, 71], [[], []]], [[0, 68, 53, 11, 71], [[], []]]], "termination_status": "time limit exceeded"}