{"problem": {"name": "CVS-71-10", "datafile": "problems/ups_tw/CVS-71-10.vrp", "num_cust_nodes": 70, "num_tot_nodes": 72, "Gamma": 2, "t_range": 0.25, "Delta": 2, "d_range": 0.25, "num_drones": 2, "drone_time_multiplier": 1, "drone_cost_multiplier": 1, "flight_limit": 500, "demand_ratio": 0.75}, "timelimit": 600, "num_cpus": 4, "alg": "MIP", "time": 600.1123049259186, "root_LP": 28367.78734422393, "obj": 114727.0, "final_gap": 0.7362314219234055, "global_lb": 30261.377656993383, "num_bnb_nodes": 1212, "num_bnb_remaining_nodes": 1, "solution": [[[0, 1, 49, 10, 19, 71], [[], []]], [[0, 7, 47, 32, 46, 68, 67, 71], [[], []]], [[0, 12, 28, 51, 71], [[], []]], [[0, 22, 27, 39, 65, 25, 3, 71], [[], []]], [[0, 26, 16, 71], [[], []]], [[0, 31, 56, 36, 41, 50, 8, 71], [[], []]], [[0, 33, 35, 9, 15, 29, 71], [[], []]], [[0, 34, 57, 70, 71], [[], []]], [[0, 38, 45, 66, 18, 71], [[], []]], [[0, 42, 13, 2, 21, 71], [[], [[21, 58]]]], [[0, 44, 55, 61, 48, 11, 59, 71], [[], []]], [[0, 52, 71], [[], []]], [[0, 53, 40, 24, 37, 71], [[], []]], [[0, 60, 43, 71], [[[43, 30]], [[43, 5]]]], [[0, 63, 64, 71], [[[64, 6]], []]], [[0, 69, 14, 4, 71], [[], []]]], "termination_status": "time limit exceeded"}