{"problem": {"name": "CVS-41-10", "datafile": "problems/ups_tw/CVS-41-10.vrp", "num_cust_nodes": 40, "num_tot_nodes": 42, "Gamma": 2, "t_range": 0.25, "Delta": 2, "d_range": 0.25, "num_drones": 2, "drone_time_multiplier": 1, "drone_cost_multiplier": 1, "flight_limit": 500, "demand_ratio": 0.75}, "timelimit": 600, "num_cpus": 4, "alg": "MIP", "time": 600.0105485916138, "root_LP": 25451.30142680937, "obj": 62438.0, "final_gap": 0.5728211320480449, "global_lb": 26672.194157184113, "num_bnb_nodes": 27333, "num_bnb_remaining_nodes": 25836, "solution": [[[0, 8, 36, 4, 41], [[], []]], [[0, 13, 2, 21, 6, 41], [[], []]], [[0, 14, 16, 25, 3, 41], [[], []]], [[0, 18, 10, 41], [[[10, 24], [10, 19], [10, 40]], [[10, 28]]]], [[0, 23, 37, 12, 41], [[], []]], [[0, 29, 15, 41], [[[15, 9], [15, 11]], []]], [[0, 32, 7, 30, 41], [[], [[30, 1], [30, 5]]]], [[0, 34, 27, 22, 41], [[], []]]], "termination_status": "time limit exceeded"}