{"problem": {"name": "CVS-71-2", "datafile": "problems/ups_tw/CVS-71-2.vrp", "num_cust_nodes": 70, "num_tot_nodes": 72, "Gamma": 2, "t_range": 0.25, "Delta": 2, "d_range": 0.25, "num_drones": 2, "drone_time_multiplier": 1, "drone_cost_multiplier": 1, "flight_limit": 500, "demand_ratio": 0.75}, "timelimit": 600, "num_cpus": 4, "alg": "CG Heuristic", "tot_cg_iterations": 418, "time": 97.7069571018219, "obj": 106513.0, "tot_heu_time": 66.2263457775116, "tot_mp_time": 1.3427541255950928, "tot_sp_time": 26.521145582199097, "tot_sp1_time": 101.28994107246399, "tot_sp2_time": 0.4002113342285156, "raw_solution": [[[1.0, [0, 2, 71], [[[2, 35], 0], [[2, 3], 1], [[2, 40], 0], [[2, 27], 1], [[2, 48], 0]]], [1.0, [0, 4, 71], [[[4, 61], 0], [[4, 42], 1], [[4, 62], 0], [[4, 45], 1]]], [1.0, [0, 35, 71], [[[35, 3], 0], [[35, 6], 1], [[35, 7], 0], [[35, 13], 1], [[35, 15], 0]]], [1.0, [0, 57, 71], [[[57, 46], 0], [[57, 32], 1], [[57, 31], 0], [[57, 29], 1], [[57, 22], 0]]], [1.0, [0, 51, 30, 24, 71], [[[24, 25], 0]]], [1.0, [0, 63, 10, 12, 66, 71], []], [1.0, [0, 18, 54, 64, 34, 71], [[[34, 26], 0]]], [1.0, [0, 36, 49, 23, 55, 14, 71], []], [1.0, [0, 47, 68, 70, 69, 25, 45, 71], []], [1.0, [0, 41, 40, 13, 28, 71], []], [1.0, [0, 58, 37, 50, 71], [[[58, 39], 0], [[58, 53], 1]]], [1.0, [0, 56, 52, 19, 33, 71], [[[33, 59], 0]]], [1.0, [0, 21, 17, 8, 71], [[[21, 70], 0]]], [1.0, [0, 16, 11, 43, 44, 71], [[[16, 1], 0], [[43, 5], 0]]], [1.0, [0, 60, 20, 65, 9, 38, 71], [[[20, 67], 0]]]], [[1.0, [2, 3]], [1.0, [2, 27]], [1.0, [2, 48]], [1.0, [4, 42]], [1.0, [4, 61]], [1.0, [4, 62]], [1.0, [16, 1]], [1.0, [20, 67]], [1.0, [33, 59]], [1.0, [34, 26]], [1.0, [35, 6]], [1.0, [35, 7]], [1.0, [35, 15]], [1.0, [43, 5]], [1.0, [57, 22]], [1.0, [57, 29]], [1.0, [57, 31]], [1.0, [57, 32]], [1.0, [57, 46]], [1.0, [58, 39]], [1.0, [58, 53]]]], "solution": [[[0, 2, 71], [[[2, 48]], [[2, 3], [2, 27]]]], [[0, 4, 71], [[[4, 61], [4, 62]], [[4, 42]]]], [[0, 35, 71], [[[35, 7], [35, 15]], [[35, 6]]]], [[0, 57, 71], [[[57, 46], [57, 31], [57, 22]], [[57, 32], [57, 29]]]], [[0, 51, 30, 24, 71], [[], []]], [[0, 63, 10, 12, 66, 71], [[], []]], [[0, 18, 54, 64, 34, 71], [[[34, 26]], []]], [[0, 36, 49, 23, 55, 14, 71], [[], []]], [[0, 47, 68, 70, 69, 25, 45, 71], [[], []]], [[0, 41, 40, 13, 28, 71], [[], []]], [[0, 58, 37, 50, 71], [[[58, 39]], [[58, 53]]]], [[0, 56, 52, 19, 33, 71], [[[33, 59]], []]], [[0, 21, 17, 8, 71], [[], []]], [[0, 16, 11, 43, 44, 71], [[[16, 1], [43, 5]], []]], [[0, 60, 20, 65, 9, 38, 71], [[[20, 67]], []]]], "tot_num_gen_cols": 1084, "tot_num_labels": 1148, "tot_num_route_fixes": 185}