{"problem": {"name": "CVS-81-8", "datafile": "problems/ups_tw/CVS-81-8.vrp", "num_cust_nodes": 80, "num_tot_nodes": 82, "Gamma": 2, "t_range": 0.25, "Delta": 2, "d_range": 0.25, "num_drones": 2, "drone_time_multiplier": 1, "drone_cost_multiplier": 1, "flight_limit": 500, "demand_ratio": 0.75}, "timelimit": 600, "num_cpus": 4, "alg": "CG Heuristic", "tot_cg_iterations": 676, "time": 369.05592465400696, "obj": 109805.0, "tot_heu_time": 170.79377937316895, "tot_mp_time": 2.8471028804779053, "tot_sp_time": 186.38807034492493, "tot_sp1_time": 695.971786737442, "tot_sp2_time": 3.611567735671997, "raw_solution": [[[1.0, [0, 18, 81], [[[18, 23], 0], [[18, 19], 1], [[18, 11], 1], [[18, 30], 0]]], [1.0, [0, 25, 81], [[[25, 17], 0], [[25, 60], 1], [[25, 50], 1], [[25, 52], 0], [[25, 30], 1]]], [1.0, [0, 38, 81], [[[38, 15], 0], [[38, 24], 1], [[38, 48], 1], [[38, 9], 0]]], [1.0, [0, 49, 81], [[[49, 27], 0], [[49, 24], 1], [[49, 48], 1], [[49, 9], 1], [[49, 8], 1]]], [1.0, [0, 39, 45, 7, 59, 81], [[[45, 4], 0], [[59, 57], 0]]], [1.0, [0, 76, 35, 43, 81], [[[35, 75], 0]]], [1.0, [0, 70, 77, 58, 21, 81], [[[77, 67], 0]]], [1.0, [0, 31, 32, 33, 40, 71, 28, 81], []], [1.0, [0, 60, 3, 65, 68, 2, 81], [[[2, 46], 0]]], [1.0, [0, 53, 12, 5, 62, 22, 55, 81], [[[62, 20], 0]]], [1.0, [0, 73, 74, 63, 1, 81], []], [1.0, [0, 10, 47, 66, 26, 69, 81], [[[47, 29], 0]]], [1.0, [0, 41, 56, 64, 54, 34, 37, 81], []], [1.0, [0, 14, 51, 44, 81], [[[51, 6], 0]]], [1.0, [0, 78, 36, 48, 61, 80, 81], []], [1.0, [0, 42, 16, 79, 72, 81], [[[72, 13], 0]]]], [[1.0, [2, 46]], [1.0, [18, 11]], [1.0, [18, 19]], [1.0, [18, 23]], [1.0, [25, 17]], [1.0, [25, 30]], [1.0, [25, 50]], [1.0, [25, 52]], [1.0, [35, 75]], [1.0, [38, 9]], [1.0, [38, 15]], [1.0, [45, 4]], [1.0, [47, 29]], [1.0, [49, 8]], [1.0, [49, 24]], [1.0, [49, 27]], [1.0, [51, 6]], [1.0, [59, 57]], [1.0, [62, 20]], [1.0, [72, 13]], [1.0, [77, 67]]]], "solution": [[[0, 18, 81], [[[18, 23]], [[18, 19], [18, 11]]]], [[0, 25, 81], [[[25, 17], [25, 52]], [[25, 50], [25, 30]]]], [[0, 38, 81], [[[38, 15], [38, 9]], []]], [[0, 49, 81], [[[49, 27]], [[49, 24], [49, 8]]]], [[0, 39, 45, 7, 59, 81], [[[45, 4], [59, 57]], []]], [[0, 76, 35, 43, 81], [[[35, 75]], []]], [[0, 70, 77, 58, 21, 81], [[[77, 67]], []]], [[0, 31, 32, 33, 40, 71, 28, 81], [[], []]], [[0, 60, 3, 65, 68, 2, 81], [[[2, 46]], []]], [[0, 53, 12, 5, 62, 22, 55, 81], [[[62, 20]], []]], [[0, 73, 74, 63, 1, 81], [[], []]], [[0, 10, 47, 66, 26, 69, 81], [[[47, 29]], []]], [[0, 41, 56, 64, 54, 34, 37, 81], [[], []]], [[0, 14, 51, 44, 81], [[[51, 6]], []]], [[0, 78, 36, 48, 61, 80, 81], [[], []]], [[0, 42, 16, 79, 72, 81], [[[72, 13]], []]]], "tot_num_gen_cols": 2560, "tot_num_labels": 2918, "tot_num_route_fixes": 255}