{"problem": {"name": "CVS-51-6", "datafile": "problems/ups_tw/CVS-51-6.vrp", "num_cust_nodes": 50, "num_tot_nodes": 52, "Gamma": 2, "t_range": 0.25, "Delta": 2, "d_range": 0.25, "num_drones": 2, "drone_time_multiplier": 1, "drone_cost_multiplier": 1, "flight_limit": 500, "demand_ratio": 0.75}, "timelimit": 600, "num_cpus": 4, "alg": "MIP", "time": 600.102427482605, "root_LP": 31845.57541441838, "obj": 99031.0, "final_gap": 0.6580891284059079, "global_lb": 33859.77552483446, "num_bnb_nodes": 1260, "num_bnb_remaining_nodes": 1, "solution": [[[0, 2, 45, 40, 3, 12, 34, 51], [[], []]], [[0, 7, 14, 5, 47, 51], [[], []]], [[0, 13, 37, 51], [[[37, 38]], []]], [[0, 17, 42, 23, 36, 51], [[], []]], [[0, 21, 20, 29, 15, 51], [[], []]], [[0, 27, 19, 10, 35, 51], [[], []]], [[0, 30, 50, 43, 51], [[], []]], [[0, 32, 8, 26, 25, 51], [[], []]], [[0, 41, 39, 24, 51], [[], []]], [[0, 46, 28, 11, 18, 51], [[], [[18, 22]]]], [[0, 48, 4, 9, 51], [[], []]]], "termination_status": "time limit exceeded"}