{"problem": {"name": "CVS-91-7", "datafile": "problems/ups_tw/CVS-91-7.vrp", "num_cust_nodes": 90, "num_tot_nodes": 92, "Gamma": 2, "t_range": 0.25, "Delta": 2, "d_range": 0.25, "num_drones": 2, "drone_time_multiplier": 1, "drone_cost_multiplier": 1, "flight_limit": 500, "demand_ratio": 0.75}, "timelimit": 600, "num_cpus": 4, "alg": "CG Heuristic", "tot_cg_iterations": 532, "time": 627.2582168579102, "obj": 119612.0, "tot_heu_time": 460.80285000801086, "tot_mp_time": 4.947619676589966, "tot_sp_time": 155.2611837387085, "tot_sp1_time": 594.2870163917542, "tot_sp2_time": 4.270217180252075, "raw_solution": [[[1.0, [0, 12, 91], [[[12, 66], 0], [[12, 22], 1], [[12, 38], 1], [[12, 67], 0], [[12, 32], 1]]], [1.0, [0, 77, 91], [[[77, 83], 0], [[77, 17], 1], [[77, 16], 1], [[77, 70], 0], [[77, 32], 1]]], [1.0, [0, 1, 82, 67, 44, 91], [[[44, 39], 0]]], [1.0, [0, 73, 28, 51, 4, 91], [[[28, 27], 0]]], [1.0, [0, 26, 13, 52, 72, 2, 40, 25, 91], []], [1.0, [0, 69, 53, 3, 65, 91], [[[69, 9], 0]]], [1.0, [0, 43, 24, 58, 10, 49, 91], []], [1.0, [0, 56, 46, 63, 60, 84, 75, 91], [[[60, 64], 0]]], [1.0, [0, 79, 62, 19, 71, 81, 91], [[[62, 34], 0], [[19, 13], 0]]], [1.0, [0, 42, 22, 89, 80, 91], [[[22, 66], 0], [[22, 68], 1]]], [1.0, [0, 86, 20, 37, 91], [[[86, 87], 0], [[20, 57], 0], [[37, 47], 0], [[37, 48], 1]]], [1.0, [0, 6, 18, 57, 29, 15, 91], [[[15, 88], 0]]], [1.0, [0, 74, 55, 21, 36, 45, 54, 91], [[[55, 31], 0]]], [1.0, [0, 41, 30, 50, 76, 7, 78, 91], []], [1.0, [0, 85, 35, 90, 61, 8, 91], []], [1.0, [0, 23, 59, 33, 14, 91], [[[23, 5], 0], [[59, 11], 0]]]], [[1.0, [12, 38]], [1.0, [15, 88]], [1.0, [22, 66]], [1.0, [22, 68]], [1.0, [23, 5]], [1.0, [28, 27]], [1.0, [37, 47]], [1.0, [37, 48]], [1.0, [44, 39]], [1.0, [55, 31]], [1.0, [59, 11]], [1.0, [60, 64]], [1.0, [62, 34]], [1.0, [69, 9]], [1.0, [77, 16]], [1.0, [77, 17]], [1.0, [77, 32]], [1.0, [77, 70]], [1.0, [77, 83]], [1.0, [86, 87]]]], "solution": [[[0, 12, 91], [[], [[12, 38]]]], [[0, 77, 91], [[[77, 83], [77, 70]], [[77, 17], [77, 16], [77, 32]]]], [[0, 1, 82, 67, 44, 91], [[[44, 39]], []]], [[0, 73, 28, 51, 4, 91], [[[28, 27]], []]], [[0, 26, 13, 52, 72, 2, 40, 25, 91], [[], []]], [[0, 69, 53, 3, 65, 91], [[[69, 9]], []]], [[0, 43, 24, 58, 10, 49, 91], [[], []]], [[0, 56, 46, 63, 60, 84, 75, 91], [[[60, 64]], []]], [[0, 79, 62, 19, 71, 81, 91], [[[62, 34]], []]], [[0, 42, 22, 89, 80, 91], [[[22, 66]], [[22, 68]]]], [[0, 86, 20, 37, 91], [[[86, 87], [37, 47]], [[37, 48]]]], [[0, 6, 18, 57, 29, 15, 91], [[[15, 88]], []]], [[0, 74, 55, 21, 36, 45, 54, 91], [[[55, 31]], []]], [[0, 41, 30, 50, 76, 7, 78, 91], [[], []]], [[0, 85, 35, 90, 61, 8, 91], [[], []]], [[0, 23, 59, 33, 14, 91], [[[23, 5], [59, 11]], []]]], "tot_num_gen_cols": 3124, "tot_num_labels": 2990, "tot_num_route_fixes": 129}