{"problem": {"name": "CVS-91-9", "datafile": "problems/ups_tw/CVS-91-9.vrp", "num_cust_nodes": 90, "num_tot_nodes": 92, "Gamma": 2, "t_range": 0.25, "Delta": 2, "d_range": 0.25, "num_drones": 2, "drone_time_multiplier": 1, "drone_cost_multiplier": 1, "flight_limit": 500, "demand_ratio": 0.75}, "timelimit": 600, "num_cpus": 4, "alg": "MIP", "time": 600.475834608078, "root_LP": 32619.589665788193, "obj": 214658.0, "final_gap": 0.8480392546944988, "global_lb": 32619.58966578819, "num_bnb_nodes": 0, "num_bnb_remaining_nodes": 1, "solution": [[[0, 1, 39, 48, 23, 91], [[], []]], [[0, 2, 12, 91], [[], []]], [[0, 3, 91], [[], []]], [[0, 4, 46, 15, 91], [[], []]], [[0, 5, 31, 67, 91], [[], []]], [[0, 6, 91], [[], []]], [[0, 7, 17, 89, 91], [[], []]], [[0, 16, 65, 91], [[], []]], [[0, 21, 27, 91], [[], []]], [[0, 22, 91], [[], []]], [[0, 28, 19, 61, 91], [[], []]], [[0, 33, 91], [[], []]], [[0, 34, 84, 60, 91], [[], []]], [[0, 35, 41, 58, 91], [[], []]], [[0, 36, 50, 14, 91], [[], []]], [[0, 37, 91], [[], []]], [[0, 42, 91], [[], []]], [[0, 43, 24, 91], [[], [[24, 49]]]], [[0, 44, 71, 91], [[], []]], [[0, 45, 78, 91], [[], []]], [[0, 53, 91], [[], []]], [[0, 57, 9, 20, 91], [[], [[20, 83]]]], [[0, 59, 88, 30, 74, 38, 91], [[], []]], [[0, 62, 11, 25, 91], [[], []]], [[0, 63, 91], [[], []]], [[0, 66, 54, 64, 8, 91], [[], [[8, 72]]]], [[0, 70, 69, 26, 91], [[], []]], [[0, 75, 81, 91], [[], []]], [[0, 76, 56, 29, 91], [[], []]], [[0, 77, 10, 32, 91], [[], []]], [[0, 79, 91], [[], []]], [[0, 80, 91], [[], []]], [[0, 85, 55, 91], [[], []]], [[0, 86, 82, 47, 91], [[], []]], [[0, 87, 91], [[], []]], [[0, 90, 68, 91], [[], []]]], "termination_status": "time limit exceeded"}