{"problem": {"name": "CVS-41-9", "datafile": "problems/ups_tw/CVS-41-9.vrp", "num_cust_nodes": 40, "num_tot_nodes": 42, "Gamma": 2, "t_range": 0.25, "Delta": 2, "d_range": 0.25, "num_drones": 2, "drone_time_multiplier": 1, "drone_cost_multiplier": 1, "flight_limit": 500, "demand_ratio": 0.75}, "timelimit": 600, "num_cpus": 4, "alg": "MIP", "time": 600.0213553905487, "root_LP": 27303.986269004283, "obj": 60689.0, "final_gap": 0.5269809177657557, "global_lb": 28707.055081713996, "num_bnb_nodes": 8280, "num_bnb_remaining_nodes": 6758, "solution": [[[0, 3, 20, 9, 14, 41], [[[14, 1]], []]], [[0, 6, 31, 5, 41], [[], []]], [[0, 8, 41], [[[8, 26]], []]], [[0, 10, 41], [[[10, 32], [10, 36]], []]], [[0, 12, 16, 41], [[[16, 33], [16, 2]], []]], [[0, 15, 19, 28, 41], [[], [[28, 37]]]], [[0, 23, 25, 41], [[[25, 39]], [[25, 11]]]], [[0, 34, 18, 38, 41], [[], []]], [[0, 35, 7, 17, 41], [[], []]]], "termination_status": "time limit exceeded"}