{"problem": {"name": "CVS-71-2", "datafile": "problems/ups_tw/CVS-71-2.vrp", "num_cust_nodes": 70, "num_tot_nodes": 72, "Gamma": 2, "t_range": 0.25, "Delta": 2, "d_range": 0.25, "num_drones": 2, "drone_time_multiplier": 1, "drone_cost_multiplier": 1, "flight_limit": 500, "demand_ratio": 0.75}, "timelimit": 600, "num_cpus": 4, "alg": "MIP", "time": 600.1755931377411, "root_LP": 49123.56036793465, "obj": 125788.0, "final_gap": 0.6086055330719518, "global_lb": 49232.72720594526, "num_bnb_nodes": 52, "num_bnb_remaining_nodes": 53, "solution": [[[0, 16, 5, 43, 44, 71], [[], []]], [[0, 17, 46, 71], [[], []]], [[0, 18, 10, 26, 71], [[[26, 9], [26, 34]], []]], [[0, 19, 57, 71], [[[57, 29]], [[57, 32], [57, 59]]]], [[0, 21, 69, 47, 71], [[], []]], [[0, 22, 8, 71], [[], []]], [[0, 28, 40, 71], [[[40, 27]], []]], [[0, 35, 64, 14, 71], [[], [[14, 55]]]], [[0, 41, 71], [[[41, 39]], [[41, 58], [41, 6]]]], [[0, 49, 23, 36, 38, 71], [[], [[38, 65]]]], [[0, 51, 30, 24, 71], [[], []]], [[0, 60, 20, 15, 71], [[[15, 7]], []]], [[0, 62, 4, 71], [[], []]], [[0, 63, 42, 12, 66, 48, 71], [[], []]], [[0, 67, 37, 71], [[[37, 50]], []]], [[0, 70, 52, 71], [[], [[52, 33]]]]], "termination_status": "time limit exceeded"}