{"problem": {"name": "CVS-61-8", "datafile": "problems/ups_tw/CVS-61-8.vrp", "num_cust_nodes": 60, "num_tot_nodes": 62, "Gamma": 2, "t_range": 0.25, "Delta": 2, "d_range": 0.25, "num_drones": 2, "drone_time_multiplier": 1, "drone_cost_multiplier": 1, "flight_limit": 500, "demand_ratio": 0.75}, "timelimit": 600, "num_cpus": 4, "alg": "CG Heuristic", "tot_cg_iterations": 716, "time": 221.2234160900116, "obj": 82308.99999993, "tot_heu_time": 124.27641129493713, "tot_mp_time": 1.6788389682769775, "tot_sp_time": 88.62110996246338, "tot_sp1_time": 339.83980321884155, "tot_sp2_time": 0.3885672092437744, "raw_solution": [[[1.0, [0, 3, 61], [[[3, 23], 0], [[3, 16], 1], [[3, 19], 0], [[3, 2], 1], [[3, 18], 0]]], [1.0, [0, 17, 61], [[[17, 50], 0], [[17, 30], 1], [[17, 52], 1], [[17, 60], 0]]], [1.0, [0, 28, 61], [[[28, 51], 0], [[28, 6], 1], [[28, 48], 1], [[28, 43], 0]]], [1.0, [0, 47, 61], [[[47, 22], 0], [[47, 29], 1], [[47, 34], 1], [[47, 26], 0], [[47, 20], 1]]], [1.0, [0, 49, 61], [[[49, 7], 0], [[49, 15], 1], [[49, 8], 1], [[49, 24], 0], [[49, 9], 1]]], [1.0, [0, 40, 32, 46, 31, 42, 61], []], [1.0, [0, 1, 53, 12, 5, 4, 61], []], [1.0, [0, 11, 50, 25, 60, 61], []], [1.0, [0, 41, 56, 58, 21, 54, 61], []], [1.0, [0, 44, 14, 33, 13, 61], [[[44, 36], 0]]], [1.0, [0, 57, 39, 45, 7, 59, 27, 55, 61], []], [1.0, [0, 43, 38, 10, 35, 61], [[[10, 37], 0]]]], [[1.0, [3, 2]], [1.0, [3, 16]], [1.0, [3, 18]], [1.0, [3, 19]], [1.0, [3, 23]], [1.0, [10, 37]], [1.0, [17, 30]], [1.0, [17, 52]], [1.0, [28, 6]], [1.0, [28, 48]], [1.0, [28, 51]], [1.0, [44, 36]], [1.0, [47, 20]], [1.000000001, [47, 22]], [1.0, [47, 26]], [1.0, [47, 29]], [1.0, [47, 34]], [1.0, [49, 8]], [1.0, [49, 9]], [1.0, [49, 15]], [1.0, [49, 24]]]], "solution": [[[0, 3, 61], [[[3, 23], [3, 19], [3, 18]], [[3, 16], [3, 2]]]], [[0, 17, 61], [[], [[17, 30], [17, 52]]]], [[0, 28, 61], [[[28, 51]], [[28, 6], [28, 48]]]], [[0, 47, 61], [[[47, 22], [47, 26]], [[47, 29], [47, 34], [47, 20]]]], [[0, 49, 61], [[[49, 24]], [[49, 15], [49, 8], [49, 9]]]], [[0, 40, 32, 46, 31, 42, 61], [[], []]], [[0, 1, 53, 12, 5, 4, 61], [[], []]], [[0, 11, 50, 25, 60, 61], [[], []]], [[0, 41, 56, 58, 21, 54, 61], [[], []]], [[0, 44, 14, 33, 13, 61], [[[44, 36]], []]], [[0, 57, 39, 45, 7, 59, 27, 55, 61], [[], []]], [[0, 43, 38, 10, 35, 61], [[[10, 37]], []]]], "tot_num_gen_cols": 3237, "tot_num_labels": 3331, "tot_num_route_fixes": 257}