{"problem": {"name": "CVS-81-7", "datafile": "problems/ups_tw/CVS-81-7.vrp", "num_cust_nodes": 80, "num_tot_nodes": 82, "Gamma": 2, "t_range": 0.25, "Delta": 2, "d_range": 0.25, "num_drones": 2, "drone_time_multiplier": 1, "drone_cost_multiplier": 1, "flight_limit": 500, "demand_ratio": 0.75}, "timelimit": 600, "num_cpus": 4, "alg": "MIP", "time": 600.1957497596741, "root_LP": 35998.67933930323, "obj": 165841.0, "final_gap": 0.7778641909888162, "global_lb": 36839.224702223655, "num_bnb_nodes": 1163, "num_bnb_remaining_nodes": 1, "solution": [[[0, 3, 53, 77, 9, 59, 81], [[], []]], [[0, 11, 29, 6, 18, 81], [[], []]], [[0, 12, 1, 67, 17, 70, 65, 81], [[], []]], [[0, 20, 42, 61, 5, 35, 60, 81], [[], []]], [[0, 28, 4, 27, 46, 10, 81], [[], []]], [[0, 33, 23, 14, 57, 2, 26, 81], [[], []]], [[0, 36, 74, 62, 24, 41, 64, 81], [[], []]], [[0, 40, 8, 48, 37, 81], [[], []]], [[0, 52, 47, 71, 19, 32, 38, 15, 81], [[], []]], [[0, 58, 43, 55, 81], [[[55, 21]], []]], [[0, 66, 80, 73, 16, 68, 81], [[[68, 22]], []]], [[0, 69, 39, 81], [[], []]], [[0, 72, 13, 79, 81], [[], []]], [[0, 75, 76, 63, 49, 51, 56, 81], [[], []]], [[0, 78, 30, 50, 31, 54, 81], [[], []]]], "termination_status": "time limit exceeded"}