{"problem": {"name": "CVS-61-3", "datafile": "problems/ups_tw/CVS-61-3.vrp", "num_cust_nodes": 60, "num_tot_nodes": 62, "Gamma": 2, "t_range": 0.25, "Delta": 2, "d_range": 0.25, "num_drones": 2, "drone_time_multiplier": 1, "drone_cost_multiplier": 1, "flight_limit": 500, "demand_ratio": 0.75}, "timelimit": 600, "num_cpus": 4, "alg": "MIP", "time": 600.0795421600342, "root_LP": 44651.28677011076, "obj": 105252.0, "final_gap": 0.5755726217975372, "global_lb": 44671.830410565555, "num_bnb_nodes": 263, "num_bnb_remaining_nodes": 260, "solution": [[[0, 4, 51, 25, 61], [[], [[25, 28]]]], [[0, 10, 61], [[[10, 34]], [[10, 39], [10, 54], [10, 57]]]], [[0, 15, 21, 3, 61], [[], []]], [[0, 16, 1, 48, 61], [[], []]], [[0, 26, 14, 58, 20, 61], [[], []]], [[0, 30, 61], [[], [[30, 38], [30, 41], [30, 23], [30, 19], [30, 5]]]], [[0, 31, 27, 8, 22, 61], [[], []]], [[0, 42, 29, 40, 49, 61], [[], [[49, 9]]]], [[0, 45, 43, 18, 55, 61], [[[55, 35]], []]], [[0, 47, 7, 60, 44, 61], [[], []]], [[0, 50, 61], [[], [[50, 13]]]], [[0, 52, 37, 61], [[], []]], [[0, 53, 36, 59, 61], [[[59, 24]], []]]], "termination_status": "time limit exceeded"}