{"problem": {"name": "CVS-81-1", "datafile": "problems/ups_tw/CVS-81-1.vrp", "num_cust_nodes": 80, "num_tot_nodes": 82, "Gamma": 2, "t_range": 0.25, "Delta": 2, "d_range": 0.25, "num_drones": 2, "drone_time_multiplier": 1, "drone_cost_multiplier": 1, "flight_limit": 500, "demand_ratio": 0.75}, "timelimit": 600, "num_cpus": 4, "alg": "MIP", "time": 600.0854234695435, "root_LP": 42668.6119830823, "obj": 222479.0, "final_gap": 0.8082128561208816, "global_lb": 42668.61198308231, "num_bnb_nodes": 0, "num_bnb_remaining_nodes": 1, "solution": [[[0, 1, 11, 81], [[], []]], [[0, 2, 53, 81], [[], []]], [[0, 3, 81], [[], []]], [[0, 4, 22, 37, 58, 81], [[], []]], [[0, 6, 42, 18, 81], [[], []]], [[0, 7, 81], [[], []]], [[0, 8, 81], [[], []]], [[0, 9, 81], [[], []]], [[0, 10, 52, 26, 81], [[], []]], [[0, 14, 51, 81], [[], []]], [[0, 17, 81], [[], []]], [[0, 27, 29, 38, 81], [[], []]], [[0, 31, 81], [[], []]], [[0, 32, 25, 81], [[], [[25, 60]]]], [[0, 39, 81], [[], []]], [[0, 43, 77, 81], [[], []]], [[0, 44, 81], [[], []]], [[0, 46, 81], [[], []]], [[0, 47, 63, 19, 81], [[], []]], [[0, 48, 81], [[], []]], [[0, 50, 81], [[], []]], [[0, 54, 81], [[], []]], [[0, 55, 12, 5, 81], [[], []]], [[0, 56, 67, 40, 81], [[], []]], [[0, 59, 49, 45, 81], [[], []]], [[0, 61, 81], [[], []]], [[0, 62, 20, 68, 81], [[], []]], [[0, 64, 71, 13, 81], [[], []]], [[0, 65, 81], [[], []]], [[0, 66, 34, 81], [[], []]], [[0, 69, 24, 70, 74, 21, 81], [[], []]], [[0, 72, 81], [[], []]], [[0, 73, 16, 81], [[], []]], [[0, 75, 81], [[], []]], [[0, 76, 57, 30, 81], [[], []]], [[0, 78, 81], [[], []]], [[0, 79, 41, 15, 81], [[], []]]], "termination_status": "time limit exceeded"}