{"problem": {"name": "CVS-61-7", "datafile": "problems/ups_tw/CVS-61-7.vrp", "num_cust_nodes": 60, "num_tot_nodes": 62, "Gamma": 2, "t_range": 0.25, "Delta": 2, "d_range": 0.25, "num_drones": 2, "drone_time_multiplier": 1, "drone_cost_multiplier": 1, "flight_limit": 500, "demand_ratio": 0.75}, "timelimit": 600, "num_cpus": 4, "alg": "CG Heuristic", "tot_cg_iterations": 1581, "time": 502.74832797050476, "obj": 85914.0, "tot_heu_time": 245.44613194465637, "tot_mp_time": 5.905218124389648, "tot_sp_time": 234.22417378425598, "tot_sp1_time": 882.2651045322418, "tot_sp2_time": 0.2831888198852539, "raw_solution": [[[1.0, [0, 20, 61], [[[20, 14], 0], [[20, 29], 1], [[20, 42], 1], [[20, 15], 1], [[20, 37], 1]]], [1.0, [0, 25, 34, 13, 26, 61], []], [1.0, [0, 47, 40, 2, 52, 61], []], [1.0, [0, 32, 38, 9, 17, 3, 53, 61], [[[38, 12], 0]]], [1.0, [0, 23, 59, 11, 57, 29, 6, 61], []], [1.0, [0, 56, 46, 50, 10, 31, 30, 61], [[[31, 60], 0]]], [1.0, [0, 1, 39, 44, 61], [[[1, 22], 0], [[39, 16], 0]]], [1.0, [0, 42, 18, 5, 33, 35, 15, 61], []], [1.0, [0, 36, 41, 54, 61], [[[36, 7], 0]]], [1.0, [0, 4, 28, 27, 49, 21, 45, 55, 61], [[[4, 51], 0]]], [1.0, [0, 24, 43, 58, 48, 8, 61], [[[43, 19], 0]]]], [[1.0, [1, 22]], [1.0, [4, 51]], [1.0, [20, 14]], [1.0, [20, 37]], [1.0, [31, 60]], [1.0, [36, 7]], [1.0, [38, 12]], [1.0, [39, 16]], [1.0, [43, 19]]]], "solution": [[[0, 20, 61], [[[20, 14]], [[20, 37]]]], [[0, 25, 34, 13, 26, 61], [[], []]], [[0, 47, 40, 2, 52, 61], [[], []]], [[0, 32, 38, 9, 17, 3, 53, 61], [[[38, 12]], []]], [[0, 23, 59, 11, 57, 29, 6, 61], [[], []]], [[0, 56, 46, 50, 10, 31, 30, 61], [[[31, 60]], []]], [[0, 1, 39, 44, 61], [[[1, 22], [39, 16]], []]], [[0, 42, 18, 5, 33, 35, 15, 61], [[], []]], [[0, 36, 41, 54, 61], [[[36, 7]], []]], [[0, 4, 28, 27, 49, 21, 45, 55, 61], [[[4, 51]], []]], [[0, 24, 43, 58, 48, 8, 61], [[[43, 19]], []]]], "tot_num_gen_cols": 5161, "tot_num_labels": 6323, "tot_num_route_fixes": 412}