{"problem": {"name": "CVS-61-9", "datafile": "problems/ups_tw/CVS-61-9.vrp", "num_cust_nodes": 60, "num_tot_nodes": 62, "Gamma": 2, "t_range": 0.25, "Delta": 2, "d_range": 0.25, "num_drones": 2, "drone_time_multiplier": 1, "drone_cost_multiplier": 1, "flight_limit": 500, "demand_ratio": 0.75}, "timelimit": 600, "num_cpus": 4, "alg": "CG Heuristic", "tot_cg_iterations": 290, "time": 58.20686864852905, "obj": 79736.0, "tot_heu_time": 11.042759418487549, "tot_mp_time": 0.40204787254333496, "tot_sp_time": 45.25016951560974, "tot_sp1_time": 173.77274560928345, "tot_sp2_time": 0.2552354335784912, "raw_solution": [[[1.0, [0, 1, 61], [[[1, 10], 0], [[1, 14], 1], [[1, 36], 1], [[1, 32], 0], [[1, 23], 1]]], [1.0, [0, 54, 61], [[[54, 13], 0], [[54, 45], 1], [[54, 17], 0], [[54, 26], 1], [[54, 8], 0]]], [1.0, [0, 59, 61], [[[59, 29], 0], [[59, 18], 1], [[59, 31], 1], [[59, 26], 0]]], [1.0, [0, 46, 4, 49, 33, 61], []], [1.0, [0, 50, 57, 9, 20, 3, 61], [[[20, 44], 0], [[20, 11], 1]]], [1.0, [0, 55, 48, 39, 61], [[[48, 25], 0]]], [1.0, [0, 37, 30, 38, 61], [[[37, 47], 0], [[37, 51], 1]]], [1.0, [0, 19, 43, 24, 15, 28, 61], []], [1.0, [0, 58, 41, 7, 17, 61], [[[7, 22], 0]]], [1.0, [0, 16, 2, 12, 35, 53, 61], []], [1.0, [0, 40, 52, 5, 27, 21, 42, 6, 61], []], [1.0, [0, 34, 60, 29, 56, 61], [[[34, 13], 0]]]], [[1.0, [1, 10]], [1.0, [1, 14]], [1.0, [1, 23]], [1.0, [1, 32]], [1.0, [1, 36]], [1.0, [7, 22]], [1.0, [20, 11]], [1.0, [20, 44]], [1.0, [34, 13]], [1.0, [37, 47]], [1.0, [37, 51]], [1.0, [48, 25]], [1.0, [54, 8]], [1.0, [54, 45]], [1.0, [59, 18]], [1.0, [59, 26]], [1.0, [59, 31]]]], "solution": [[[0, 1, 61], [[[1, 10], [1, 32]], [[1, 14], [1, 36], [1, 23]]]], [[0, 54, 61], [[[54, 8]], [[54, 45]]]], [[0, 59, 61], [[[59, 26]], [[59, 18], [59, 31]]]], [[0, 46, 4, 49, 33, 61], [[], []]], [[0, 50, 57, 9, 20, 3, 61], [[[20, 44]], [[20, 11]]]], [[0, 55, 48, 39, 61], [[[48, 25]], []]], [[0, 37, 30, 38, 61], [[[37, 47]], [[37, 51]]]], [[0, 19, 43, 24, 15, 28, 61], [[], []]], [[0, 58, 41, 7, 17, 61], [[[7, 22]], []]], [[0, 16, 2, 12, 35, 53, 61], [[], []]], [[0, 40, 52, 5, 27, 21, 42, 6, 61], [[], []]], [[0, 34, 60, 29, 56, 61], [[[34, 13]], []]]], "tot_num_gen_cols": 1535, "tot_num_labels": 1780, "tot_num_route_fixes": 81}