{"problem": {"name": "CVS-91-4", "datafile": "problems/ups_tw/CVS-91-4.vrp", "num_cust_nodes": 90, "num_tot_nodes": 92, "Gamma": 2, "t_range": 0.25, "Delta": 2, "d_range": 0.25, "num_drones": 2, "drone_time_multiplier": 1, "drone_cost_multiplier": 1, "flight_limit": 500, "demand_ratio": 0.75}, "timelimit": 600, "num_cpus": 4, "alg": "MIP", "time": 600.1805262565613, "root_LP": 40175.89243336963, "obj": 221584.0, "final_gap": 0.8186877552830091, "global_lb": 40175.89243336964, "num_bnb_nodes": 0, "num_bnb_remaining_nodes": 1, "solution": [[[0, 1, 63, 91], [[], []]], [[0, 2, 91], [[], []]], [[0, 3, 21, 29, 62, 78, 91], [[], []]], [[0, 7, 91], [[], []]], [[0, 9, 14, 91], [[], []]], [[0, 23, 91], [[], []]], [[0, 24, 10, 68, 66, 91], [[], []]], [[0, 26, 91], [[], []]], [[0, 27, 91], [[], []]], [[0, 31, 13, 11, 91], [[], []]], [[0, 35, 91], [[], []]], [[0, 36, 79, 58, 91], [[], []]], [[0, 37, 91], [[], []]], [[0, 38, 91], [[], []]], [[0, 41, 15, 91], [[], []]], [[0, 43, 91], [[], []]], [[0, 47, 12, 33, 4, 91], [[], []]], [[0, 49, 8, 46, 91], [[], []]], [[0, 52, 76, 61, 50, 39, 91], [[], []]], [[0, 54, 72, 16, 91], [[[16, 67]], []]], [[0, 55, 28, 80, 20, 91], [[], []]], [[0, 57, 48, 44, 91], [[], []]], [[0, 59, 91], [[], []]], [[0, 60, 5, 34, 18, 91], [[], []]], [[0, 65, 91], [[], []]], [[0, 69, 30, 91], [[], []]], [[0, 70, 6, 32, 91], [[], []]], [[0, 71, 19, 91], [[], []]], [[0, 73, 17, 51, 22, 91], [[], []]], [[0, 81, 75, 88, 91], [[], []]], [[0, 83, 84, 25, 74, 91], [[], []]], [[0, 85, 56, 77, 53, 91], [[], []]], [[0, 86, 45, 91], [[], []]], [[0, 87, 82, 42, 91], [[], []]], [[0, 89, 64, 91], [[], []]]], "termination_status": "time limit exceeded"}