{"problem": {"name": "CVS-41-2", "datafile": "problems/ups_tw/CVS-41-2.vrp", "num_cust_nodes": 40, "num_tot_nodes": 42, "Gamma": 2, "t_range": 0.25, "Delta": 2, "d_range": 0.25, "num_drones": 2, "drone_time_multiplier": 1, "drone_cost_multiplier": 1, "flight_limit": 500, "demand_ratio": 0.75}, "timelimit": 600, "num_cpus": 4, "alg": "CG Heuristic", "tot_cg_iterations": 101, "time": 2.572772264480591, "obj": 62002.0, "tot_heu_time": 0.6405289173126221, "tot_mp_time": 0.048858642578125, "tot_sp_time": 1.7132267951965332, "tot_sp1_time": 6.460253953933716, "tot_sp2_time": 0.021932601928710938, "raw_solution": [[[1.0, [0, 19, 41], [[[19, 17], 0], [[19, 22], 1], [[19, 32], 1], [[19, 33], 0], [[19, 29], 1], [[19, 31], 0]]], [1.0, [0, 37, 41], [[[37, 27], 0], [[37, 35], 1], [[37, 39], 0], [[37, 13], 1], [[37, 3], 0]]], [1.0, [0, 9, 6, 38, 41], [[[9, 11], 0]]], [1.0, [0, 30, 24, 2, 41], [[[30, 33], 0], [[2, 3], 0]]], [1.0, [0, 28, 1, 40, 16, 41], [[[1, 5], 0]]], [1.0, [0, 25, 8, 4, 41], [[[4, 21], 0]]], [1.0, [0, 12, 10, 14, 26, 41], [[[14, 34], 0]]], [1.0, [0, 18, 15, 7, 23, 36, 41], [[[15, 20], 0]]]], [[1.0, [1, 5]], [1.0, [2, 3]], [1.0, [4, 21]], [1.0, [9, 11]], [1.0, [14, 34]], [1.0, [15, 20]], [1.0, [19, 17]], [1.0, [19, 22]], [1.0, [19, 29]], [1.0, [19, 31]], [1.0, [19, 32]], [1.0, [19, 33]], [1.0, [37, 13]], [1.0, [37, 27]], [1.0, [37, 35]], [1.0, [37, 39]]]], "solution": [[[0, 19, 41], [[[19, 17], [19, 33], [19, 31]], [[19, 22], [19, 32], [19, 29]]]], [[0, 37, 41], [[[37, 27], [37, 39]], [[37, 35], [37, 13]]]], [[0, 9, 6, 38, 41], [[[9, 11]], []]], [[0, 30, 24, 2, 41], [[[2, 3]], []]], [[0, 28, 1, 40, 16, 41], [[[1, 5]], []]], [[0, 25, 8, 4, 41], [[[4, 21]], []]], [[0, 12, 10, 14, 26, 41], [[[14, 34]], []]], [[0, 18, 15, 7, 23, 36, 41], [[[15, 20]], []]]], "tot_num_gen_cols": 398, "tot_num_labels": 356, "tot_num_route_fixes": 29}