{"problem": {"name": "CVS-91-1", "datafile": "problems/ups_tw/CVS-91-1.vrp", "num_cust_nodes": 90, "num_tot_nodes": 92, "Gamma": 2, "t_range": 0.25, "Delta": 2, "d_range": 0.25, "num_drones": 2, "drone_time_multiplier": 1, "drone_cost_multiplier": 1, "flight_limit": 500, "demand_ratio": 0.75}, "timelimit": 600, "num_cpus": 4, "alg": "CG Heuristic", "tot_cg_iterations": 501, "time": 625.404764175415, "obj": 127069.0, "tot_heu_time": 538.4135081768036, "tot_mp_time": 3.448255777359009, "tot_sp_time": 76.04608058929443, "tot_sp1_time": 291.0037360191345, "tot_sp2_time": 1.14955735206604, "raw_solution": [[[1.0000000000000002, [0, 8, 91], [[[8, 20], 0], [[8, 26], 1], [[8, 16], 0], [[8, 33], 1], [[8, 15], 0]]], [1.0, [0, 44, 91], [[[44, 6], 0], [[44, 35], 1], [[44, 22], 0], [[44, 1], 0], [[44, 4], 1], [[44, 21], 0]]], [1.0, [0, 64, 91], [[[64, 20], 0], [[64, 50], 1], [[64, 12], 0], [[64, 62], 1], [[64, 7], 0]]], [1.0, [0, 82, 91], [[[82, 28], 0], [[82, 27], 1], [[82, 29], 0], [[82, 32], 1], [[82, 38], 0], [[82, 19], 1]]], [1.0, [0, 51, 14, 3, 89, 91], [[[14, 67], 0], [[14, 75], 1]]], [1.0, [0, 90, 36, 80, 15, 59, 91], [[[90, 78], 0]]], [1.0000000000000009, [0, 11, 56, 23, 46, 91], [[[11, 40], 0]]], [1.0, [0, 30, 57, 76, 54, 91], [[[54, 17], 0]]], [1.0, [0, 65, 72, 12, 5, 91], [[[65, 68], 0], [[12, 55], 0]]], [1.0000000000000007, [0, 60, 69, 18, 42, 91], [[[42, 48], 0]]], [1.0, [0, 85, 63, 66, 81, 86, 47, 91], []], [1.0, [0, 2, 37, 22, 87, 31, 53, 91], []], [1.0, [0, 9, 24, 74, 70, 91], [[[70, 21], 0]]], [1.0, [0, 49, 83, 79, 41, 91], [[[49, 61], 0]]], [1.0, [0, 73, 52, 88, 10, 45, 91], []], [1.0, [0, 43, 58, 77, 91], [[[43, 39], 0], [[43, 84], 1]]], [1.0, [0, 13, 71, 25, 91], [[[25, 34], 0]]]], [[1.0000000000000002, [8, 16]], [1.0000000000000002, [8, 20]], [1.0000000000000002, [8, 26]], [1.0000000000000002, [8, 33]], [1.0000000000000009, [11, 40]], [1.0, [12, 55]], [1.0, [14, 67]], [1.0, [14, 75]], [1.0, [25, 34]], [1.0000000000000007, [42, 48]], [1.0, [43, 39]], [1.0, [43, 84]], [1.0, [44, 1]], [1.0, [44, 4]], [1.0, [44, 6]], [1.0, [44, 35]], [1.0, [49, 61]], [1.0, [54, 17]], [1.0, [64, 7]], [1.0, [64, 50]], [1.0, [64, 62]], [1.0, [65, 68]], [1.0, [70, 21]], [1.0, [82, 19]], [1.0, [82, 27]], [1.0, [82, 28]], [1.0, [82, 29]], [1.0, [82, 32]], [1.0, [82, 38]], [1.0, [90, 78]]]], "solution": [[[0, 8, 91], [[[8, 20], [8, 16]], [[8, 26], [8, 33]]]], [[0, 44, 91], [[[44, 6], [44, 1]], [[44, 35], [44, 4]]]], [[0, 64, 91], [[[64, 7]], [[64, 50], [64, 62]]]], [[0, 82, 91], [[[82, 28], [82, 29], [82, 38]], [[82, 27], [82, 32], [82, 19]]]], [[0, 51, 14, 3, 89, 91], [[[14, 67]], [[14, 75]]]], [[0, 90, 36, 80, 15, 59, 91], [[[90, 78]], []]], [[0, 11, 56, 23, 46, 91], [[[11, 40]], []]], [[0, 30, 57, 76, 54, 91], [[[54, 17]], []]], [[0, 65, 72, 12, 5, 91], [[[65, 68], [12, 55]], []]], [[0, 60, 69, 18, 42, 91], [[[42, 48]], []]], [[0, 85, 63, 66, 81, 86, 47, 91], [[], []]], [[0, 2, 37, 22, 87, 31, 53, 91], [[], []]], [[0, 9, 24, 74, 70, 91], [[[70, 21]], []]], [[0, 49, 83, 79, 41, 91], [[[49, 61]], []]], [[0, 73, 52, 88, 10, 45, 91], [[], []]], [[0, 43, 58, 77, 91], [[[43, 39]], [[43, 84]]]], [[0, 13, 71, 25, 91], [[[25, 34]], []]]], "tot_num_gen_cols": 2417, "tot_num_labels": 2042, "tot_num_route_fixes": 205}