{"problem": {"name": "CVS-51-4", "datafile": "problems/ups_tw/CVS-51-4.vrp", "num_cust_nodes": 50, "num_tot_nodes": 52, "Gamma": 2, "t_range": 0.25, "Delta": 2, "d_range": 0.25, "num_drones": 2, "drone_time_multiplier": 1, "drone_cost_multiplier": 1, "flight_limit": 500, "demand_ratio": 0.75}, "timelimit": 600, "num_cpus": 4, "alg": "CG Heuristic", "tot_cg_iterations": 263, "time": 23.21830701828003, "obj": 73573.0, "tot_heu_time": 3.7861521244049072, "tot_mp_time": 0.24835753440856934, "tot_sp_time": 18.321643352508545, "tot_sp1_time": 71.08033061027527, "tot_sp2_time": 0.05395030975341797, "raw_solution": [[[1.0, [0, 39, 51], [[[39, 2], 0], [[39, 40], 1], [[39, 30], 0], [[39, 16], 1], [[39, 37], 1]]], [1.0, [0, 50, 18, 34, 5, 51], []], [1.0, [0, 33, 1, 43, 41, 21, 51], []], [1.0, [0, 30, 13, 31, 11, 48, 44, 51], []], [1.0, [0, 46, 8, 35, 51], [[[8, 42], 0], [[35, 29], 0]]], [1.0, [0, 32, 6, 25, 51], [[[32, 19], 0]]], [1.0, [0, 12, 47, 17, 26, 27, 22, 51], []], [1.0, [0, 42, 28, 20, 7, 15, 3, 51], []], [1.0, [0, 38, 36, 45, 19, 4, 51], []], [1.0, [0, 9, 14, 24, 10, 49, 51], [[[9, 23], 0]]]], [[1.0, [9, 23]], [1.0, [35, 29]], [1.0, [39, 2]], [1.0, [39, 16]], [1.0, [39, 37]], [1.0, [39, 40]]]], "solution": [[[0, 39, 51], [[[39, 2]], [[39, 40], [39, 16], [39, 37]]]], [[0, 50, 18, 34, 5, 51], [[], []]], [[0, 33, 1, 43, 41, 21, 51], [[], []]], [[0, 30, 13, 31, 11, 48, 44, 51], [[], []]], [[0, 46, 8, 35, 51], [[[35, 29]], []]], [[0, 32, 6, 25, 51], [[], []]], [[0, 12, 47, 17, 26, 27, 22, 51], [[], []]], [[0, 42, 28, 20, 7, 15, 3, 51], [[], []]], [[0, 38, 36, 45, 19, 4, 51], [[], []]], [[0, 9, 14, 24, 10, 49, 51], [[[9, 23]], []]]], "tot_num_gen_cols": 1415, "tot_num_labels": 1420, "tot_num_route_fixes": 65}