{"problem": {"name": "CVS-51-9", "datafile": "problems/ups_tw/CVS-51-9.vrp", "num_cust_nodes": 50, "num_tot_nodes": 52, "Gamma": 2, "t_range": 0.25, "Delta": 2, "d_range": 0.25, "num_drones": 2, "drone_time_multiplier": 1, "drone_cost_multiplier": 1, "flight_limit": 500, "demand_ratio": 0.75}, "timelimit": 600, "num_cpus": 4, "alg": "MIP", "time": 600.2121076583862, "root_LP": 32707.656462585037, "obj": 71221.0, "final_gap": 0.525616040212858, "global_lb": 33786.099999999984, "num_bnb_nodes": 1214, "num_bnb_remaining_nodes": 9, "solution": [[[0, 6, 47, 21, 51], [[[21, 27], [21, 42]], []]], [[0, 8, 18, 51], [[[18, 34], [18, 13]], [[18, 45]]]], [[0, 10, 23, 51], [[], [[23, 1]]]], [[0, 11, 51], [[[11, 20]], [[11, 25]]]], [[0, 17, 22, 7, 41, 51], [[], []]], [[0, 24, 43, 49, 4, 46, 51], [[], []]], [[0, 30, 51], [[[30, 26], [30, 12]], []]], [[0, 31, 5, 37, 51], [[], [[37, 28]]]], [[0, 35, 16, 33, 19, 51], [[], []]], [[0, 39, 48, 36, 50, 9, 3, 51], [[[3, 14]], []]]], "termination_status": "time limit exceeded"}