{"problem": {"name": "CVS-81-5", "datafile": "problems/ups_tw/CVS-81-5.vrp", "num_cust_nodes": 80, "num_tot_nodes": 82, "Gamma": 2, "t_range": 0.25, "Delta": 2, "d_range": 0.25, "num_drones": 2, "drone_time_multiplier": 1, "drone_cost_multiplier": 1, "flight_limit": 500, "demand_ratio": 0.75}, "timelimit": 600, "num_cpus": 4, "alg": "MIP", "time": 600.11976313591, "root_LP": 48654.50775331484, "obj": 196219.0, "final_gap": 0.7520397731447261, "global_lb": 48654.50775331493, "num_bnb_nodes": 0, "num_bnb_remaining_nodes": 1, "solution": [[[0, 1, 64, 81], [[], []]], [[0, 2, 81], [[], []]], [[0, 4, 62, 76, 46, 81], [[], []]], [[0, 6, 3, 12, 5, 81], [[], []]], [[0, 11, 81], [[], []]], [[0, 13, 9, 81], [[], []]], [[0, 16, 81], [[], []]], [[0, 18, 23, 25, 21, 81], [[], []]], [[0, 20, 81], [[], []]], [[0, 22, 81], [[], [[22, 60]]]], [[0, 26, 41, 51, 81], [[], []]], [[0, 28, 81], [[], []]], [[0, 30, 19, 81], [[], []]], [[0, 32, 61, 81], [[], []]], [[0, 34, 35, 81], [[], [[35, 65], [35, 67]]]], [[0, 37, 14, 81], [[], [[14, 24], [14, 70]]]], [[0, 39, 81], [[], []]], [[0, 40, 66, 81], [[[66, 15]], []]], [[0, 42, 31, 29, 81], [[], []]], [[0, 47, 59, 44, 81], [[], []]], [[0, 48, 8, 81], [[], []]], [[0, 49, 68, 80, 75, 81], [[], []]], [[0, 50, 81], [[], []]], [[0, 54, 81], [[], []]], [[0, 56, 81], [[], []]], [[0, 63, 81], [[], []]], [[0, 69, 55, 58, 81], [[[58, 72]], []]], [[0, 73, 57, 17, 71, 81], [[], []]], [[0, 77, 53, 81], [[], []]], [[0, 78, 74, 81], [[], []]], [[0, 79, 81], [[], []]]], "termination_status": "time limit exceeded"}