{"problem": {"name": "CVS-91-2", "datafile": "problems/ups_tw/CVS-91-2.vrp", "num_cust_nodes": 90, "num_tot_nodes": 92, "Gamma": 2, "t_range": 0.25, "Delta": 2, "d_range": 0.25, "num_drones": 2, "drone_time_multiplier": 1, "drone_cost_multiplier": 1, "flight_limit": 500, "demand_ratio": 0.75}, "timelimit": 600, "num_cpus": 4, "alg": "MIP", "time": 600.142379283905, "root_LP": 50131.82887261738, "obj": 256927.0, "final_gap": 0.8048790945575303, "global_lb": 50131.82887261736, "num_bnb_nodes": 0, "num_bnb_remaining_nodes": 1, "solution": [[[0, 1, 27, 40, 2, 91], [[[2, 3]], []]], [[0, 7, 91], [[], []]], [[0, 9, 53, 6, 91], [[], []]], [[0, 10, 86, 91], [[[86, 14]], []]], [[0, 12, 63, 91], [[], []]], [[0, 13, 91], [[], []]], [[0, 15, 91], [[], []]], [[0, 17, 42, 88, 72, 91], [[], []]], [[0, 18, 81, 91], [[], []]], [[0, 21, 91], [[], []]], [[0, 23, 91], [[], []]], [[0, 25, 69, 68, 47, 91], [[], []]], [[0, 26, 91], [[], []]], [[0, 28, 91], [[], []]], [[0, 35, 91], [[], []]], [[0, 37, 50, 58, 91], [[], []]], [[0, 39, 16, 91], [[], []]], [[0, 41, 85, 11, 43, 5, 91], [[], []]], [[0, 44, 91], [[], []]], [[0, 45, 8, 91], [[], []]], [[0, 46, 22, 91], [[], [[22, 31]]]], [[0, 48, 91], [[], []]], [[0, 49, 65, 91], [[[65, 38]], []]], [[0, 51, 30, 24, 52, 91], [[], []]], [[0, 54, 64, 91], [[], [[64, 34]]]], [[0, 55, 91], [[], []]], [[0, 56, 91], [[], []]], [[0, 59, 32, 29, 57, 91], [[], []]], [[0, 61, 91], [[], []]], [[0, 62, 4, 91], [[], []]], [[0, 66, 91], [[], []]], [[0, 67, 91], [[], []]], [[0, 70, 91], [[], []]], [[0, 73, 91], [[], []]], [[0, 74, 19, 91], [[[19, 33]], []]], [[0, 75, 77, 36, 91], [[], []]], [[0, 78, 20, 76, 60, 91], [[], []]], [[0, 79, 91], [[], []]], [[0, 80, 91], [[], []]], [[0, 82, 91], [[], []]], [[0, 83, 91], [[], []]], [[0, 84, 91], [[], []]], [[0, 87, 91], [[], []]], [[0, 89, 91], [[], []]], [[0, 90, 91], [[], []]]], "termination_status": "time limit exceeded"}