{"problem": {"name": "CVS-41-1", "datafile": "problems/ups_tw/CVS-41-1.vrp", "num_cust_nodes": 40, "num_tot_nodes": 42, "Gamma": 2, "t_range": 0.25, "Delta": 2, "d_range": 0.25, "num_drones": 2, "drone_time_multiplier": 1, "drone_cost_multiplier": 1, "flight_limit": 500, "demand_ratio": 0.75}, "timelimit": 600, "num_cpus": 4, "alg": "MIP", "time": 600.0125184059143, "root_LP": 29810.89359616588, "obj": 59549.0, "final_gap": 0.4639328699259823, "global_lb": 31922.26152877763, "num_bnb_nodes": 22401, "num_bnb_remaining_nodes": 19650, "solution": [[[0, 6, 41], [[[6, 18]], [[6, 11], [6, 35], [6, 1]]]], [[0, 8, 20, 13, 41], [[], []]], [[0, 9, 2, 22, 37, 31, 41], [[[31, 4], [31, 21]], []]], [[0, 12, 32, 41], [[], [[32, 38], [32, 25]]]], [[0, 19, 34, 30, 17, 41], [[], []]], [[0, 27, 14, 5, 41], [[], []]], [[0, 36, 26, 41], [[[26, 16]], [[26, 10]]]], [[0, 40, 41], [[], [[40, 23]]]]], "termination_status": "time limit exceeded"}