{"problem": {"name": "CVS-51-8", "datafile": "problems/ups_tw/CVS-51-8.vrp", "num_cust_nodes": 50, "num_tot_nodes": 52, "Gamma": 2, "t_range": 0.25, "Delta": 2, "d_range": 0.25, "num_drones": 2, "drone_time_multiplier": 1, "drone_cost_multiplier": 1, "flight_limit": 500, "demand_ratio": 0.75}, "timelimit": 600, "num_cpus": 4, "alg": "CG Heuristic", "tot_cg_iterations": 66, "time": 2.5531182289123535, "obj": 73201.0, "tot_heu_time": 0.7982995510101318, "tot_mp_time": 0.04871177673339844, "tot_sp_time": 1.556483507156372, "tot_sp1_time": 5.8020570278167725, "tot_sp2_time": 0.08515763282775879, "raw_solution": [[[1.0, [0, 2, 51], [[[2, 23], 0], [[2, 19], 1], [[2, 31], 0], [[2, 33], 1]]], [1.0, [0, 3, 51], [[[3, 23], 0], [[3, 16], 1], [[3, 19], 1], [[3, 31], 0], [[3, 18], 1]]], [1.0, [0, 6, 51], [[[6, 43], 0], [[6, 14], 1], [[6, 44], 1], [[6, 28], 0]]], [1.0, [0, 10, 51], [[[10, 12], 0], [[10, 20], 1], [[10, 21], 0], [[10, 5], 1], [[10, 22], 0]]], [1.0, [0, 38, 51], [[[38, 35], 0], [[38, 14], 1], [[38, 8], 0], [[38, 15], 1], [[38, 9], 0]]], [1.0, [0, 39, 45, 27, 7, 51], [[[45, 4], 0]]], [1.0, [0, 13, 32, 31, 42, 46, 51], [[[42, 40], 0]]], [1.0, [0, 48, 36, 44, 51], [[[36, 43], 0], [[44, 41], 0]]], [1.0, [0, 25, 30, 11, 51], [[[25, 17], 0], [[11, 18], 0]]], [1.0, [0, 37, 26, 34, 47, 51], [[[37, 29], 0]]], [1.0, [0, 24, 49, 51], [[[49, 1], 0], [[49, 8], 1], [[49, 50], 1], [[49, 43], 0]]]], [[1.0, [2, 19]], [1.0, [2, 23]], [1.0, [2, 33]], [1.0, [3, 16]], [1.0, [3, 18]], [1.0, [6, 14]], [1.0, [6, 28]], [1.0, [10, 5]], [1.0, [10, 12]], [1.0, [10, 20]], [1.0, [10, 21]], [1.0, [10, 22]], [1.0, [25, 17]], [1.0, [36, 43]], [1.0, [37, 29]], [1.0, [38, 9]], [1.0, [38, 15]], [1.0, [38, 35]], [1.0, [42, 40]], [1.0, [44, 41]], [1.0, [45, 4]], [1.0, [49, 1]], [1.0, [49, 8]], [1.0, [49, 50]]]], "solution": [[[0, 2, 51], [[[2, 23]], [[2, 19], [2, 33]]]], [[0, 3, 51], [[], [[3, 16], [3, 18]]]], [[0, 6, 51], [[[6, 28]], [[6, 14]]]], [[0, 10, 51], [[[10, 12], [10, 21], [10, 22]], [[10, 20], [10, 5]]]], [[0, 38, 51], [[[38, 35], [38, 9]], [[38, 15]]]], [[0, 39, 45, 27, 7, 51], [[[45, 4]], []]], [[0, 13, 32, 31, 42, 46, 51], [[[42, 40]], []]], [[0, 48, 36, 44, 51], [[[36, 43], [44, 41]], []]], [[0, 25, 30, 11, 51], [[[25, 17]], []]], [[0, 37, 26, 34, 47, 51], [[[37, 29]], []]], [[0, 24, 49, 51], [[[49, 1]], [[49, 8], [49, 50]]]]], "tot_num_gen_cols": 361, "tot_num_labels": 270, "tot_num_route_fixes": 23}