{"problem": {"name": "CVS-41-8", "datafile": "problems/ups_tw/CVS-41-8.vrp", "num_cust_nodes": 40, "num_tot_nodes": 42, "Gamma": 2, "t_range": 0.25, "Delta": 2, "d_range": 0.25, "num_drones": 2, "drone_time_multiplier": 1, "drone_cost_multiplier": 1, "flight_limit": 500, "demand_ratio": 0.75}, "timelimit": 600, "num_cpus": 4, "alg": "CG Heuristic", "tot_cg_iterations": 173, "time": 7.4401514530181885, "obj": 59226.0, "tot_heu_time": 1.3759398460388184, "tot_mp_time": 0.1009371280670166, "tot_sp_time": 5.5507895946502686, "tot_sp1_time": 21.044813632965088, "tot_sp2_time": 0.0278012752532959, "raw_solution": [[[1.0, [0, 2, 41], [[[2, 23], 0], [[2, 31], 1], [[2, 11], 0], [[2, 3], 1], [[2, 18], 0]]], [1.0, [0, 34, 41], [[[34, 21], 0], [[34, 29], 1], [[34, 20], 1], [[34, 37], 0]]], [1.0, [0, 38, 41], [[[38, 7], 0], [[38, 15], 1], [[38, 14], 0], [[38, 24], 1], [[38, 9], 0], [[38, 8], 1]]], [1.0, [0, 1, 4, 12, 5, 22, 41], []], [1.0, [0, 31, 16, 32, 33, 13, 41], []], [1.0, [0, 28, 36, 26, 10, 35, 41], [[[28, 6], 0], [[36, 14], 0]]], [1.0, [0, 39, 27, 15, 24, 8, 41], [[[39, 4], 0]]], [1.0, [0, 11, 30, 25, 40, 19, 41], [[[25, 17], 0], [[19, 3], 0]]]], [[1.0, [2, 3]], [1.0, [2, 18]], [1.0, [2, 23]], [1.0, [25, 17]], [1.0, [28, 6]], [1.0, [34, 20]], [1.0, [34, 21]], [1.0, [34, 29]], [1.0, [34, 37]], [1.0, [36, 14]], [1.0, [38, 7]], [1.0, [38, 9]]]], "solution": [[[0, 2, 41], [[[2, 23], [2, 18]], [[2, 3]]]], [[0, 34, 41], [[[34, 21], [34, 37]], [[34, 29], [34, 20]]]], [[0, 38, 41], [[[38, 7], [38, 9]], []]], [[0, 1, 4, 12, 5, 22, 41], [[], []]], [[0, 31, 16, 32, 33, 13, 41], [[], []]], [[0, 28, 36, 26, 10, 35, 41], [[[28, 6], [36, 14]], []]], [[0, 39, 27, 15, 24, 8, 41], [[], []]], [[0, 11, 30, 25, 40, 19, 41], [[[25, 17]], []]]], "tot_num_gen_cols": 999, "tot_num_labels": 928, "tot_num_route_fixes": 43}