{"problem": {"name": "CVS-81-2", "datafile": "problems/ups_tw/CVS-81-2.vrp", "num_cust_nodes": 80, "num_tot_nodes": 82, "Gamma": 2, "t_range": 0.25, "Delta": 2, "d_range": 0.25, "num_drones": 2, "drone_time_multiplier": 1, "drone_cost_multiplier": 1, "flight_limit": 500, "demand_ratio": 0.75}, "timelimit": 600, "num_cpus": 4, "alg": "MIP", "time": 600.1777105331421, "root_LP": 52537.821020251475, "obj": 229269.0, "final_gap": 0.7708463812366629, "global_lb": 52537.82102025146, "num_bnb_nodes": 0, "num_bnb_remaining_nodes": 1, "solution": [[[0, 2, 81], [[], []]], [[0, 3, 81], [[], []]], [[0, 4, 72, 56, 81], [[[56, 8]], []]], [[0, 5, 81], [[], []]], [[0, 7, 81], [[], []]], [[0, 11, 43, 81], [[], []]], [[0, 15, 81], [[], []]], [[0, 16, 81], [[], []]], [[0, 20, 78, 81], [[], []]], [[0, 21, 81], [[], []]], [[0, 23, 81], [[], []]], [[0, 24, 81], [[], []]], [[0, 25, 69, 70, 47, 81], [[], []]], [[0, 31, 17, 62, 63, 81], [[], []]], [[0, 33, 81], [[], []]], [[0, 34, 81], [[], []]], [[0, 35, 81], [[], []]], [[0, 36, 81], [[], []]], [[0, 38, 55, 81], [[[55, 54]], [[55, 64], [55, 14]]]], [[0, 39, 81], [[], []]], [[0, 40, 13, 1, 28, 27, 81], [[], []]], [[0, 41, 81], [[], []]], [[0, 42, 81], [[], []]], [[0, 44, 81], [[], []]], [[0, 48, 71, 66, 81], [[], []]], [[0, 49, 77, 75, 26, 81], [[], []]], [[0, 50, 37, 81], [[], []]], [[0, 52, 30, 51, 81], [[], []]], [[0, 53, 6, 60, 81], [[], []]], [[0, 57, 81], [[], []]], [[0, 58, 81], [[], []]], [[0, 59, 32, 81], [[], []]], [[0, 65, 81], [[], [[65, 9]]]], [[0, 67, 10, 12, 18, 81], [[], []]], [[0, 68, 81], [[], []]], [[0, 73, 81], [[], []]], [[0, 74, 46, 22, 81], [[], []]], [[0, 76, 81], [[], []]], [[0, 79, 81], [[], []]], [[0, 80, 45, 81], [[], []]]], "termination_status": "time limit exceeded"}