{"problem": {"name": "CVS-81-10", "datafile": "problems/ups_tw/CVS-81-10.vrp", "num_cust_nodes": 80, "num_tot_nodes": 82, "Gamma": 2, "t_range": 0.25, "Delta": 2, "d_range": 0.25, "num_drones": 2, "drone_time_multiplier": 1, "drone_cost_multiplier": 1, "flight_limit": 500, "demand_ratio": 0.75}, "timelimit": 600, "num_cpus": 4, "alg": "CG Heuristic", "tot_cg_iterations": 656, "time": 610.0272986888885, "obj": 115744.0, "tot_heu_time": 303.152489900589, "tot_mp_time": 2.342327117919922, "tot_sp_time": 295.006875038147, "tot_sp1_time": 1139.0800230503082, "tot_sp2_time": 0.488283634185791, "raw_solution": [[[1.0, [0, 44, 81], [[[44, 17], 0], [[44, 75], 1], [[44, 69], 1], [[44, 12], 0]]], [1.0, [0, 51, 81], [[[51, 7], 0], [[51, 19], 1], [[51, 10], 0], [[51, 18], 1]]], [1.0, [0, 8, 50, 34, 70, 81], []], [1.0, [0, 47, 46, 32, 63, 81], []], [1.0, [0, 4, 14, 62, 81], [[[4, 61], 0], [[62, 31], 0]]], [1.0, [0, 23, 37, 12, 81], [[[23, 76], 0], [[12, 73], 0]]], [1.0, [0, 59, 57, 26, 52, 81], []], [1.0, [0, 38, 45, 18, 66, 28, 81], [[[18, 54], 0]]], [1.0, [0, 30, 74, 49, 1, 5, 60, 81], []], [1.0, [0, 55, 27, 39, 65, 48, 81], []], [1.0, [0, 41, 20, 25, 22, 3, 81], []], [1.0, [0, 72, 71, 43, 78, 81], []], [1.0, [0, 16, 36, 79, 56, 77, 81], []], [1.0, [0, 75, 68, 21, 2, 13, 81], []], [1.0, [0, 53, 40, 80, 24, 11, 81], []], [1.0, [0, 15, 9, 35, 29, 81], [[[35, 33], 0]]], [1.0, [0, 58, 6, 67, 42, 81], [[[6, 64], 0]]]], [[1.0, [4, 61]], [1.0, [6, 64]], [1.0, [12, 73]], [1.0, [18, 54]], [1.0, [23, 76]], [1.0, [35, 33]], [1.0, [44, 17]], [1.0, [44, 69]], [1.0, [51, 7]], [1.0, [51, 10]], [1.0, [51, 19]], [1.0, [62, 31]]]], "solution": [[[0, 44, 81], [[[44, 17]], [[44, 69]]]], [[0, 51, 81], [[[51, 7], [51, 10]], [[51, 19]]]], [[0, 8, 50, 34, 70, 81], [[], []]], [[0, 47, 46, 32, 63, 81], [[], []]], [[0, 4, 14, 62, 81], [[[4, 61], [62, 31]], []]], [[0, 23, 37, 12, 81], [[[23, 76], [12, 73]], []]], [[0, 59, 57, 26, 52, 81], [[], []]], [[0, 38, 45, 18, 66, 28, 81], [[[18, 54]], []]], [[0, 30, 74, 49, 1, 5, 60, 81], [[], []]], [[0, 55, 27, 39, 65, 48, 81], [[], []]], [[0, 41, 20, 25, 22, 3, 81], [[], []]], [[0, 72, 71, 43, 78, 81], [[], []]], [[0, 16, 36, 79, 56, 77, 81], [[], []]], [[0, 75, 68, 21, 2, 13, 81], [[], []]], [[0, 53, 40, 80, 24, 11, 81], [[], []]], [[0, 15, 9, 35, 29, 81], [[[35, 33]], []]], [[0, 58, 6, 67, 42, 81], [[[6, 64]], []]]], "tot_num_gen_cols": 3143, "tot_num_labels": 4345, "tot_num_route_fixes": 221}