{"problem": {"name": "CVS-51-5", "datafile": "problems/ups_tw/CVS-51-5.vrp", "num_cust_nodes": 50, "num_tot_nodes": 52, "Gamma": 2, "t_range": 0.25, "Delta": 2, "d_range": 0.25, "num_drones": 2, "drone_time_multiplier": 1, "drone_cost_multiplier": 1, "flight_limit": 500, "demand_ratio": 0.75}, "timelimit": 600, "num_cpus": 4, "alg": "CG Heuristic", "tot_cg_iterations": 556, "time": 73.27130651473999, "obj": 69719.0, "tot_heu_time": 17.002344846725464, "tot_mp_time": 1.0815997123718262, "tot_sp_time": 51.63507652282715, "tot_sp1_time": 196.71403622627258, "tot_sp2_time": 0.10160398483276367, "raw_solution": [[[1.0, [0, 7, 51], [[[7, 12], 0], [[7, 6], 1], [[7, 3], 0], [[7, 49], 1], [[7, 5], 0]]], [1.0, [0, 15, 51], [[[15, 32], 0], [[15, 40], 1]]], [1.0, [0, 18, 51], [[[18, 22], 0], [[18, 14], 1], [[18, 20], 1], [[18, 2], 0], [[18, 23], 0], [[18, 21], 1]]], [1.0, [0, 44, 33, 47, 43, 38, 51], [[[44, 13], 0]]], [1.0, [0, 10, 19, 30, 46, 51], [[[10, 36], 0]]], [1.0, [0, 29, 31, 42, 37, 51], [[[37, 24], 0], [[37, 41], 1]]], [1.0, [0, 9, 17, 45, 27, 4, 16, 51], []], [1.0, [0, 25, 48, 8, 39, 28, 21, 51], []], [1.0, [0, 50, 34, 1, 35, 11, 51], [[[11, 26], 0]]]], [[1.0, [7, 3]], [1.0, [7, 5]], [1.0, [7, 6]], [1.0, [7, 12]], [1.0, [7, 49]], [1.0, [10, 36]], [1.0, [11, 26]], [1.0, [15, 32]], [1.0, [15, 40]], [1.0, [18, 2]], [1.0, [18, 14]], [1.0, [18, 20]], [1.0, [18, 22]], [1.0, [18, 23]], [1.0, [37, 24]], [1.0, [37, 41]], [1.0, [44, 13]]]], "solution": [[[0, 7, 51], [[[7, 12], [7, 3], [7, 5]], [[7, 6], [7, 49]]]], [[0, 15, 51], [[[15, 32]], [[15, 40]]]], [[0, 18, 51], [[[18, 22], [18, 2], [18, 23]], [[18, 14], [18, 20]]]], [[0, 44, 33, 47, 43, 38, 51], [[[44, 13]], []]], [[0, 10, 19, 30, 46, 51], [[[10, 36]], []]], [[0, 29, 31, 42, 37, 51], [[[37, 24]], [[37, 41]]]], [[0, 9, 17, 45, 27, 4, 16, 51], [[], []]], [[0, 25, 48, 8, 39, 28, 21, 51], [[], []]], [[0, 50, 34, 1, 35, 11, 51], [[[11, 26]], []]]], "tot_num_gen_cols": 3241, "tot_num_labels": 3383, "tot_num_route_fixes": 140}