{"problem": {"name": "CVS-81-7", "datafile": "problems/ups_tw/CVS-81-7.vrp", "num_cust_nodes": 80, "num_tot_nodes": 82, "Gamma": 2, "t_range": 0.25, "Delta": 2, "d_range": 0.25, "num_drones": 2, "drone_time_multiplier": 1, "drone_cost_multiplier": 1, "flight_limit": 500, "demand_ratio": 0.75}, "timelimit": 600, "num_cpus": 4, "alg": "CG Heuristic", "tot_cg_iterations": 617, "time": 605.3774633407593, "obj": 106292.99999999999, "tot_heu_time": 427.53491377830505, "tot_mp_time": 3.5066115856170654, "tot_sp_time": 166.36152052879333, "tot_sp1_time": 638.0014085769653, "tot_sp2_time": 2.1654245853424072, "raw_solution": [[[1.0, [0, 40, 81], [[[40, 25], 0], [[40, 23], 1], [[40, 14], 0], [[40, 33], 1], [[40, 2], 0]]], [1.0, [0, 55, 81], [[[55, 10], 0], [[55, 21], 1], [[55, 19], 0], [[55, 31], 1], [[55, 24], 0], [[55, 7], 1]]], [1.0, [0, 80, 81], [[[80, 66], 0], [[80, 1], 1], [[80, 44], 0], [[80, 65], 1], [[80, 39], 0], [[80, 22], 1]]], [1.0, [0, 37, 79, 62, 54, 81], [[[37, 61], 0], [[79, 41], 0], [[62, 34], 0]]], [0.9999999999999991, [0, 29, 57, 11, 59, 33, 81], []], [1.0, [0, 71, 74, 48, 8, 81], [[[8, 63], 0], [[8, 60], 1]]], [1.0, [0, 47, 61, 72, 52, 13, 15, 81], [[[13, 26], 0]]], [0.9999999999999991, [0, 6, 18, 35, 5, 20, 81], []], [1.0, [0, 77, 53, 3, 69, 16, 81], [[[16, 17], 0]]], [1.0, [0, 70, 9, 38, 32, 68, 42, 81], [[[68, 22], 0]]], [1.0, [0, 12, 67, 73, 81], [[[67, 68], 0], [[67, 1], 1], [[67, 44], 1], [[73, 56], 0]]], [1.0, [0, 4, 27, 28, 51, 75, 81], [[[28, 31], 0], [[28, 64], 1]]], [1.0, [0, 43, 58, 24, 49, 30, 81], [[[30, 78], 0]]], [1.0, [0, 45, 36, 21, 76, 50, 46, 56, 81], []]], [[1.0, [8, 60]], [1.0, [8, 63]], [1.0, [13, 26]], [1.0, [16, 17]], [1.0, [28, 64]], [1.0, [30, 78]], [1.0, [40, 2]], [1.0, [40, 14]], [1.0, [40, 23]], [1.0, [40, 25]], [1.0, [55, 7]], [1.0, [55, 10]], [1.0, [55, 19]], [1.0, [55, 31]], [1.0, [62, 34]], [1.0, [67, 1]], [1.0, [68, 22]], [1.0, [79, 41]], [1.0, [80, 39]], [1.0, [80, 44]], [1.0, [80, 65]], [1.0, [80, 66]]]], "solution": [[[0, 40, 81], [[[40, 25], [40, 14], [40, 2]], [[40, 23]]]], [[0, 55, 81], [[[55, 10], [55, 19]], [[55, 31], [55, 7]]]], [[0, 80, 81], [[[80, 66], [80, 44], [80, 39]], [[80, 65]]]], [[0, 37, 79, 62, 54, 81], [[[79, 41], [62, 34]], []]], [[0, 29, 57, 11, 59, 33, 81], [[], []]], [[0, 71, 74, 48, 8, 81], [[[8, 63]], [[8, 60]]]], [[0, 47, 61, 72, 52, 13, 15, 81], [[[13, 26]], []]], [[0, 6, 18, 35, 5, 20, 81], [[], []]], [[0, 77, 53, 3, 69, 16, 81], [[[16, 17]], []]], [[0, 70, 9, 38, 32, 68, 42, 81], [[[68, 22]], []]], [[0, 12, 67, 73, 81], [[], [[67, 1]]]], [[0, 4, 27, 28, 51, 75, 81], [[], [[28, 64]]]], [[0, 43, 58, 24, 49, 30, 81], [[[30, 78]], []]], [[0, 45, 36, 21, 76, 50, 46, 56, 81], [[], []]]], "tot_num_gen_cols": 3316, "tot_num_labels": 3941, "tot_num_route_fixes": 188}