{"problem": {"name": "CVS-61-1", "datafile": "problems/ups_tw/CVS-61-1.vrp", "num_cust_nodes": 60, "num_tot_nodes": 62, "Gamma": 2, "t_range": 0.25, "Delta": 2, "d_range": 0.25, "num_drones": 2, "drone_time_multiplier": 1, "drone_cost_multiplier": 1, "flight_limit": 500, "demand_ratio": 0.75}, "timelimit": 600, "num_cpus": 4, "alg": "MIP", "time": 600.172286272049, "root_LP": 31259.250582911805, "obj": 134838.0, "final_gap": 0.7678030627970369, "global_lb": 31308.970618573076, "num_bnb_nodes": 327, "num_bnb_remaining_nodes": 264, "solution": [[[0, 2, 21, 43, 53, 61], [[], []]], [[0, 3, 61], [[], []]], [[0, 4, 61], [[], []]], [[0, 6, 42, 18, 61], [[], []]], [[0, 12, 5, 61], [[[5, 13]], []]], [[0, 26, 15, 41, 36, 61], [[], []]], [[0, 27, 51, 14, 61], [[], []]], [[0, 31, 61], [[], []]], [[0, 33, 10, 61], [[], []]], [[0, 35, 61], [[], []]], [[0, 37, 22, 61], [[[22, 58], [22, 24]], []]], [[0, 38, 29, 61], [[], []]], [[0, 39, 61], [[], []]], [[0, 44, 40, 48, 56, 1, 11, 61], [[], []]], [[0, 46, 23, 61], [[], []]], [[0, 50, 8, 7, 61], [[], [[7, 20]]]], [[0, 52, 16, 61], [[], []]], [[0, 54, 9, 30, 57, 61], [[], [[57, 34], [57, 17]]]], [[0, 55, 32, 25, 60, 61], [[], []]], [[0, 59, 49, 47, 19, 61], [[], []]]], "termination_status": "time limit exceeded"}