{"problem": {"name": "CVS-61-8", "datafile": "problems/ups_tw/CVS-61-8.vrp", "num_cust_nodes": 60, "num_tot_nodes": 62, "Gamma": 2, "t_range": 0.25, "Delta": 2, "d_range": 0.25, "num_drones": 2, "drone_time_multiplier": 1, "drone_cost_multiplier": 1, "flight_limit": 500, "demand_ratio": 0.75}, "timelimit": 600, "num_cpus": 4, "alg": "MIP", "time": 600.0745582580566, "root_LP": 27854.640266158753, "obj": 83362.0, "final_gap": 0.6300116226560888, "global_lb": 30842.971112143066, "num_bnb_nodes": 1386, "num_bnb_remaining_nodes": 114, "solution": [[[0, 1, 55, 4, 61], [[], []]], [[0, 3, 18, 61], [[], []]], [[0, 6, 28, 48, 61], [[], []]], [[0, 7, 59, 27, 24, 49, 61], [[[49, 8]], []]], [[0, 10, 26, 47, 61], [[], [[47, 34]]]], [[0, 16, 32, 61], [[[32, 33]], [[32, 13]]]], [[0, 29, 54, 61], [[], []]], [[0, 30, 52, 50, 11, 61], [[], []]], [[0, 31, 42, 19, 61], [[], []]], [[0, 35, 38, 61], [[[38, 43], [38, 9]], []]], [[0, 41, 56, 14, 44, 61], [[], [[44, 36]]]], [[0, 57, 5, 12, 53, 61], [[], []]], [[0, 60, 17, 25, 61], [[], []]]], "termination_status": "time limit exceeded"}