{"problem": {"name": "CVS-41-6", "datafile": "problems/ups_tw/CVS-41-6.vrp", "num_cust_nodes": 40, "num_tot_nodes": 42, "Gamma": 2, "t_range": 0.25, "Delta": 2, "d_range": 0.25, "num_drones": 2, "drone_time_multiplier": 1, "drone_cost_multiplier": 1, "flight_limit": 500, "demand_ratio": 0.75}, "timelimit": 600, "num_cpus": 4, "alg": "MIP", "time": 600.0493195056915, "root_LP": 33711.21927334971, "obj": 76763.0, "final_gap": 0.5488222066621902, "global_lb": 34633.76094999024, "num_bnb_nodes": 7858, "num_bnb_remaining_nodes": 6215, "solution": [[[0, 6, 20, 21, 41], [[], []]], [[0, 7, 17, 24, 5, 41], [[], []]], [[0, 10, 19, 27, 8, 30, 41], [[], []]], [[0, 16, 14, 39, 36, 41], [[], []]], [[0, 26, 28, 11, 18, 41], [[[18, 23]], []]], [[0, 29, 15, 41], [[[15, 25]], []]], [[0, 34, 35, 22, 4, 41], [[], [[4, 9]]]], [[0, 40, 41], [[[40, 12]], []]]], "termination_status": "time limit exceeded"}