{"problem": {"name": "CVS-61-5", "datafile": "problems/ups_tw/CVS-61-5.vrp", "num_cust_nodes": 60, "num_tot_nodes": 62, "Gamma": 2, "t_range": 0.25, "Delta": 2, "d_range": 0.25, "num_drones": 2, "drone_time_multiplier": 1, "drone_cost_multiplier": 1, "flight_limit": 500, "demand_ratio": 0.75}, "timelimit": 600, "num_cpus": 4, "alg": "CG Heuristic", "tot_cg_iterations": 477, "time": 71.60521006584167, "obj": 86156.99997660246, "tot_heu_time": 31.667768716812134, "tot_mp_time": 1.002314805984497, "tot_sp_time": 35.61771893501282, "tot_sp1_time": 138.297016620636, "tot_sp2_time": 0.3047769069671631, "raw_solution": [[[1.0, [0, 7, 61], [[[7, 12], 0], [[7, 3], 1], [[7, 5], 1], [[7, 6], 0], [[7, 49], 1]]], [1.0, [0, 60, 61], [[[60, 1], 0], [[60, 20], 1], [[60, 22], 0], [[60, 25], 0], [[60, 18], 0], [[60, 8], 0]]], [1.0, [0, 42, 51, 37, 61], [[[42, 56], 0], [[37, 24], 0], [[37, 26], 1]]], [1.0, [0, 54, 16, 57, 10, 61], []], [1.0, [0, 30, 19, 58, 55, 46, 61], []], [1.0, [0, 15, 45, 27, 4, 36, 40, 61], [[[36, 17], 0]]], [1.0, [0, 32, 31, 53, 41, 14, 61], []], [0.9999999699453554, [0, 23, 48, 34, 39, 28, 61], []], [1.0, [0, 43, 47, 33, 59, 61], [[[47, 9], 0], [[47, 13], 1]]], [1.0, [0, 52, 44, 38, 61], [[[44, 29], 0], [[44, 53], 1]]], [1.0, [0, 11, 2, 25, 21, 61], [[[25, 35], 0], [[21, 50], 0]]]], [[1.0, [7, 3]], [0.9999999398907108, [7, 5]], [1.0, [7, 6]], [1.0, [7, 12]], [0.9999999398907108, [7, 49]], [0.9999999699453554, [21, 50]], [1.0000000901639337, [25, 35]], [1.0, [36, 17]], [1.0, [37, 24]], [1.0, [37, 26]], [1.0, [42, 56]], [1.0, [44, 29]], [1.0, [47, 9]], [1.0000000601092893, [47, 13]], [1.0, [60, 1]], [1.0, [60, 8]], [0.9999999999999999, [60, 18]], [1.0, [60, 20]], [1.0, [60, 22]]]], "solution": [[[0, 7, 61], [[[7, 12], [7, 6]], [[7, 3], [7, 5], [7, 49]]]], [[0, 60, 61], [[[60, 1], [60, 22], [60, 18], [60, 8]], [[60, 20]]]], [[0, 42, 51, 37, 61], [[[42, 56], [37, 24]], [[37, 26]]]], [[0, 54, 16, 57, 10, 61], [[], []]], [[0, 30, 19, 58, 55, 46, 61], [[], []]], [[0, 15, 45, 27, 4, 36, 40, 61], [[[36, 17]], []]], [[0, 32, 31, 53, 41, 14, 61], [[], []]], [[0, 23, 48, 34, 39, 28, 61], [[], []]], [[0, 43, 47, 33, 59, 61], [[[47, 9]], [[47, 13]]]], [[0, 52, 44, 38, 61], [[[44, 29]], []]], [[0, 11, 2, 25, 21, 61], [[[25, 35], [21, 50]], []]]], "tot_num_gen_cols": 2173, "tot_num_labels": 2072, "tot_num_route_fixes": 161}