{"problem": {"name": "CVS-81-9", "datafile": "problems/ups_tw/CVS-81-9.vrp", "num_cust_nodes": 80, "num_tot_nodes": 82, "Gamma": 2, "t_range": 0.25, "Delta": 2, "d_range": 0.25, "num_drones": 2, "drone_time_multiplier": 1, "drone_cost_multiplier": 1, "flight_limit": 500, "demand_ratio": 0.75}, "timelimit": 600, "num_cpus": 4, "alg": "MIP", "time": 600.6448338031769, "root_LP": 30413.299111332577, "obj": 166015.0, "final_gap": 0.8156405361747932, "global_lb": 30606.436386941634, "num_bnb_nodes": 435, "num_bnb_remaining_nodes": 413, "solution": [[[0, 3, 81], [[], []]], [[0, 4, 46, 49, 81], [[], []]], [[0, 8, 64, 66, 54, 81], [[], []]], [[0, 11, 62, 71, 81], [[[71, 44]], []]], [[0, 13, 81], [[], []]], [[0, 16, 65, 12, 2, 81], [[], []]], [[0, 21, 27, 81], [[[27, 42]], [[27, 6]]]], [[0, 22, 53, 17, 81], [[], []]], [[0, 23, 1, 39, 48, 81], [[], []]], [[0, 25, 81], [[], []]], [[0, 26, 81], [[], []]], [[0, 28, 61, 19, 63, 81], [[], []]], [[0, 31, 40, 5, 81], [[], []]], [[0, 34, 81], [[], []]], [[0, 35, 41, 7, 81], [[], []]], [[0, 36, 14, 50, 81], [[], []]], [[0, 37, 30, 38, 81], [[], []]], [[0, 43, 24, 81], [[], []]], [[0, 56, 76, 29, 81], [[], []]], [[0, 57, 9, 20, 81], [[], []]], [[0, 60, 18, 81], [[], []]], [[0, 67, 81], [[], []]], [[0, 70, 69, 74, 81], [[], [[74, 59]]]], [[0, 72, 55, 81], [[], []]], [[0, 73, 81], [[], []]], [[0, 77, 10, 32, 81], [[], []]], [[0, 78, 45, 81], [[], []]], [[0, 79, 75, 33, 68, 81], [[], []]], [[0, 80, 81], [[], []]]], "termination_status": "time limit exceeded"}