{"problem": {"name": "CVS-91-3", "datafile": "problems/ups_tw/CVS-91-3.vrp", "num_cust_nodes": 90, "num_tot_nodes": 92, "Gamma": 2, "t_range": 0.25, "Delta": 2, "d_range": 0.25, "num_drones": 2, "drone_time_multiplier": 1, "drone_cost_multiplier": 1, "flight_limit": 500, "demand_ratio": 0.75}, "timelimit": 600, "num_cpus": 2, "alg": "CG Heuristic", "tot_cg_iterations": 332, "time": 611.2326574325562, "obj": 126561.0, "tot_heu_time": 179.80788660049438, "tot_mp_time": 1.7620594501495361, "tot_sp_time": 427.01160764694214, "tot_sp1_time": 848.9035861492157, "tot_sp2_time": 0.19004154205322266, "raw_solution": [[[1.0, [0, 63, 91], [[[63, 46], 0], [[63, 41], 1], [[63, 44], 1], [[63, 23], 0], [[63, 38], 1]]], [1.0, [0, 89, 91], [[[89, 11], 0], [[89, 6], 1], [[89, 27], 0], [[89, 24], 1]]], [1.0, [0, 80, 33, 59, 77, 91], []], [1.0, [0, 46, 52, 81, 50, 13, 91], []], [1.0, [0, 69, 47, 72, 19, 62, 30, 91], []], [1.0, [0, 37, 39, 54, 74, 91], []], [1.0, [0, 18, 45, 86, 43, 91], []], [1.0, [0, 48, 40, 83, 90, 91], []], [1.0, [0, 20, 3, 82, 85, 91], []], [1.0, [0, 34, 10, 12, 32, 91], [[[12, 4], 0]]], [1.0, [0, 26, 16, 1, 71, 91], [[[1, 56], 0]]], [1.0, [0, 57, 79, 25, 28, 17, 88, 51, 53, 91], []], [1.0, [0, 7, 60, 5, 66, 41, 38, 91], [[[38, 64], 0]]], [1.0, [0, 84, 29, 67, 65, 9, 49, 42, 91], []], [1.0, [0, 58, 14, 35, 55, 91], [[[58, 75], 0]]], [1.0, [0, 21, 15, 2, 36, 70, 91], []], [1.0, [0, 8, 22, 31, 91], [[[8, 68], 0]]], [1.0, [0, 87, 61, 76, 73, 78, 91], []]], [[1.0, [1, 56]], [1.0, [8, 68]], [1.0, [12, 4]], [1.0, [38, 64]], [1.0, [58, 75]], [1.0, [63, 23]], [1.0, [63, 44]], [1.0, [89, 6]], [1.0, [89, 11]], [1.0, [89, 24]], [1.0, [89, 27]]]], "solution": [[[0, 63, 91], [[[63, 23]], [[63, 44]]]], [[0, 89, 91], [[[89, 11], [89, 27]], [[89, 6], [89, 24]]]], [[0, 80, 33, 59, 77, 91], [[], []]], [[0, 46, 52, 81, 50, 13, 91], [[], []]], [[0, 69, 47, 72, 19, 62, 30, 91], [[], []]], [[0, 37, 39, 54, 74, 91], [[], []]], [[0, 18, 45, 86, 43, 91], [[], []]], [[0, 48, 40, 83, 90, 91], [[], []]], [[0, 20, 3, 82, 85, 91], [[], []]], [[0, 34, 10, 12, 32, 91], [[[12, 4]], []]], [[0, 26, 16, 1, 71, 91], [[[1, 56]], []]], [[0, 57, 79, 25, 28, 17, 88, 51, 53, 91], [[], []]], [[0, 7, 60, 5, 66, 41, 38, 91], [[[38, 64]], []]], [[0, 84, 29, 67, 65, 9, 49, 42, 91], [[], []]], [[0, 58, 14, 35, 55, 91], [[[58, 75]], []]], [[0, 21, 15, 2, 36, 70, 91], [[], []]], [[0, 8, 22, 31, 91], [[[8, 68]], []]], [[0, 87, 61, 76, 73, 78, 91], [[], []]]], "tot_num_gen_cols": 3558, "tot_num_labels": 4083, "tot_num_route_fixes": 78}