{"problem": {"name": "CVS-81-2", "datafile": "problems/ups_tw/CVS-81-2.vrp", "num_cust_nodes": 80, "num_tot_nodes": 82, "Gamma": 2, "t_range": 0.25, "Delta": 2, "d_range": 0.25, "num_drones": 2, "drone_time_multiplier": 1, "drone_cost_multiplier": 1, "flight_limit": 500, "demand_ratio": 0.75}, "timelimit": 600, "num_cpus": 4, "alg": "CG Heuristic", "tot_cg_iterations": 563, "time": 213.92994666099548, "obj": 105775.99991190477, "tot_heu_time": 154.20197892189026, "tot_mp_time": 2.0921576023101807, "tot_sp_time": 51.07583975791931, "tot_sp1_time": 174.76426005363464, "tot_sp2_time": 6.362860679626465, "raw_solution": [[[0.9999997023809526, [0, 2, 81], [[[2, 37], 0], [[2, 68], 1], [[2, 66], 0], [[2, 35], 1], [[2, 3], 0], [[2, 28], 1]]], [1.0, [0, 4, 81], [[[4, 79], 0], [[4, 21], 1], [[4, 42], 0], [[4, 61], 1], [[4, 62], 0], [[4, 73], 0]]], [0.9999997023809526, [0, 80, 45, 47, 81], [[[80, 79], 0]]], [1.0, [0, 40, 13, 1, 28, 27, 81], []], [1.0, [0, 67, 75, 78, 20, 60, 81], []], [1.0000002976190474, [0, 41, 44, 16, 39, 5, 11, 81], [[[44, 58], 0], [[11, 43], 0]]], [1.0, [0, 48, 71, 10, 12, 18, 81], [[[12, 7], 0]]], [1.0, [0, 9, 38, 53, 6, 81], [[[53, 76], 0]]], [1.0, [0, 55, 34, 54, 63, 81], [[[34, 64], 0], [[63, 66], 0]]], [1.0, [0, 52, 33, 8, 56, 81], [[[52, 29], 0], [[52, 51], 1]]], [1.0, [0, 46, 22, 57, 72, 81], [[[46, 19], 0]]], [1.0, [0, 74, 31, 59, 32, 81], [[[74, 17], 0], [[74, 29], 1]]], [1.0, [0, 25, 69, 70, 81], [[[25, 24], 0], [[25, 30], 1]]], [1.0, [0, 23, 36, 49, 77, 65, 81], [[[77, 14], 0], [[77, 26], 1]]], [1.0, [0, 37, 50, 58, 35, 81], [[[58, 15], 0], [[35, 60], 0]]]], [[0.9999997023809526, [2, 3]], [0.9999997023809526, [2, 68]], [0.9999994047619052, [4, 21]], [1.0, [4, 42]], [1.0, [4, 61]], [1.0, [4, 62]], [1.0, [4, 73]], [1.0, [4, 79]], [1.0000002976190474, [11, 43]], [1.0, [12, 7]], [1.0, [25, 24]], [1.0, [25, 30]], [1.0, [34, 64]], [1.0, [46, 19]], [1.0, [52, 51]], [1.0, [53, 76]], [1.0, [58, 15]], [1.0, [63, 66]], [1.0, [74, 17]], [1.0, [74, 29]], [1.0, [77, 14]], [1.0, [77, 26]]]], "solution": [[[0, 2, 81], [[[2, 3]], [[2, 68]]]], [[0, 4, 81], [[[4, 79], [4, 42], [4, 62], [4, 73]], [[4, 21], [4, 61]]]], [[0, 80, 45, 47, 81], [[], []]], [[0, 40, 13, 1, 28, 27, 81], [[], []]], [[0, 67, 75, 78, 20, 60, 81], [[], []]], [[0, 41, 44, 16, 39, 5, 11, 81], [[[11, 43]], []]], [[0, 48, 71, 10, 12, 18, 81], [[[12, 7]], []]], [[0, 9, 38, 53, 6, 81], [[[53, 76]], []]], [[0, 55, 34, 54, 63, 81], [[[34, 64], [63, 66]], []]], [[0, 52, 33, 8, 56, 81], [[], [[52, 51]]]], [[0, 46, 22, 57, 72, 81], [[[46, 19]], []]], [[0, 74, 31, 59, 32, 81], [[[74, 17]], [[74, 29]]]], [[0, 25, 69, 70, 81], [[[25, 24]], [[25, 30]]]], [[0, 23, 36, 49, 77, 65, 81], [[[77, 14]], [[77, 26]]]], [[0, 37, 50, 58, 35, 81], [[[58, 15]], []]]], "tot_num_gen_cols": 1850, "tot_num_labels": 1624, "tot_num_route_fixes": 227}