{"problem": {"name": "CVS-51-3", "datafile": "problems/ups_tw/CVS-51-3.vrp", "num_cust_nodes": 50, "num_tot_nodes": 52, "Gamma": 2, "t_range": 0.25, "Delta": 2, "d_range": 0.25, "num_drones": 2, "drone_time_multiplier": 1, "drone_cost_multiplier": 1, "flight_limit": 500, "demand_ratio": 0.75}, "timelimit": 600, "num_cpus": 4, "alg": "MIP", "time": 600.0946912765503, "root_LP": 31101.348779227927, "obj": 89428.0, "final_gap": 0.6402809360955521, "global_lb": 32168.956446846896, "num_bnb_nodes": 1765, "num_bnb_remaining_nodes": 515, "solution": [[[0, 14, 20, 49, 36, 2, 42, 9, 21, 51], [[], []]], [[0, 15, 3, 1, 51], [[], [[1, 26]]]], [[0, 29, 45, 28, 25, 4, 51], [[[4, 17]], []]], [[0, 31, 22, 11, 51], [[], []]], [[0, 32, 12, 51], [[], []]], [[0, 37, 39, 51], [[], []]], [[0, 38, 19, 24, 8, 51], [[[8, 6]], []]], [[0, 43, 18, 48, 16, 51], [[], []]], [[0, 44, 5, 23, 51], [[], []]], [[0, 47, 13, 50, 7, 51], [[], [[7, 46]]]]], "termination_status": "time limit exceeded"}