{"problem": {"name": "CVS-71-1", "datafile": "problems/ups_tw/CVS-71-1.vrp", "num_cust_nodes": 70, "num_tot_nodes": 72, "Gamma": 2, "t_range": 0.25, "Delta": 2, "d_range": 0.25, "num_drones": 2, "drone_time_multiplier": 1, "drone_cost_multiplier": 1, "flight_limit": 500, "demand_ratio": 0.75}, "timelimit": 600, "num_cpus": 4, "alg": "MIP", "time": 600.1363105773926, "root_LP": 37504.114340165266, "obj": 167270.0, "final_gap": 0.7742226226761506, "global_lb": 37765.78190496021, "num_bnb_nodes": 436, "num_bnb_remaining_nodes": 402, "solution": [[[0, 2, 71], [[], []]], [[0, 4, 44, 70, 24, 71], [[], []]], [[0, 6, 18, 42, 71], [[], []]], [[0, 7, 50, 17, 19, 71], [[], []]], [[0, 12, 5, 55, 71], [[], []]], [[0, 13, 64, 65, 71], [[], []]], [[0, 21, 52, 71], [[], []]], [[0, 23, 71], [[], []]], [[0, 26, 16, 8, 71], [[], []]], [[0, 28, 71], [[], []]], [[0, 32, 60, 69, 71], [[], []]], [[0, 33, 10, 71], [[], []]], [[0, 36, 15, 41, 71], [[], []]], [[0, 37, 22, 58, 71], [[], []]], [[0, 38, 27, 71], [[], []]], [[0, 43, 71], [[], []]], [[0, 45, 49, 59, 71], [[], []]], [[0, 48, 11, 1, 71], [[], [[1, 35]]]], [[0, 51, 14, 71], [[[14, 3]], []]], [[0, 53, 31, 71], [[], []]], [[0, 54, 30, 57, 71], [[], []]], [[0, 56, 67, 71], [[], []]], [[0, 61, 71], [[], []]], [[0, 62, 20, 68, 71], [[], []]], [[0, 63, 47, 34, 71], [[[34, 25]], [[34, 66]]]]], "termination_status": "time limit exceeded"}