{"problem": {"name": "CVS-81-1", "datafile": "problems/ups_tw/CVS-81-1.vrp", "num_cust_nodes": 80, "num_tot_nodes": 82, "Gamma": 2, "t_range": 0.25, "Delta": 2, "d_range": 0.25, "num_drones": 2, "drone_time_multiplier": 1, "drone_cost_multiplier": 1, "flight_limit": 500, "demand_ratio": 0.75}, "timelimit": 600, "num_cpus": 4, "alg": "CG Heuristic", "tot_cg_iterations": 919, "time": 606.5570020675659, "obj": 111410.0, "tot_heu_time": 462.22351336479187, "tot_mp_time": 6.213547706604004, "tot_sp_time": 123.92529773712158, "tot_sp1_time": 460.4794690608978, "tot_sp2_time": 5.121999740600586, "raw_solution": [[[1.0, [0, 46, 81], [[[46, 11], 0], [[46, 18], 1], [[46, 3], 0], [[46, 35], 1], [[46, 23], 0]]], [1.0, [0, 49, 81], [[[49, 13], 0], [[49, 78], 1], [[49, 61], 0], [[49, 65], 1]]], [1.0, [0, 68, 81], [[[68, 8], 0], [[68, 50], 1], [[68, 33], 0], [[68, 20], 0]]], [1.0, [0, 9, 54, 76, 30, 81], [[[54, 66], 0]]], [1.0, [0, 64, 65, 71, 72, 81], [[[65, 7], 0]]], [1.0, [0, 10, 79, 26, 73, 81], [[[26, 36], 0]]], [1.0, [0, 19, 47, 34, 63, 81], [[[34, 17], 0]]], [1.0, [0, 56, 48, 1, 67, 81], [[[56, 51], 0], [[1, 35], 0]]], [1.0, [0, 12, 59, 45, 81], [[[59, 62], 0]]], [1.0, [0, 16, 52, 41, 15, 81], [[[41, 80], 0], [[41, 36], 1]]], [1.0, [0, 69, 31, 53, 2, 43, 81], []], [1.0, [0, 40, 6, 42, 81], [[[6, 44], 0], [[42, 35], 0], [[42, 31], 1]]], [1.0, [0, 25, 77, 24, 70, 74, 21, 81], [[[24, 39], 0]]], [1.0, [0, 60, 4, 22, 37, 58, 81], [[[4, 44], 0], [[58, 57], 0]]], [1.0, [0, 14, 28, 29, 38, 81], [[[14, 75], 0]]], [1.0, [0, 55, 5, 32, 81], [[[55, 13], 0], [[32, 27], 0]]]], [[1.0, [1, 35]], [1.0, [4, 44]], [1.0, [14, 75]], [1.0, [24, 39]], [1.0, [32, 27]], [1.0, [34, 17]], [1.0, [41, 36]], [1.0, [41, 80]], [1.0, [46, 3]], [1.0, [46, 11]], [1.0, [46, 18]], [1.0, [46, 23]], [1.0, [49, 61]], [1.0, [49, 78]], [1.0, [54, 66]], [1.0, [55, 13]], [1.0, [56, 51]], [1.0, [58, 57]], [1.0, [59, 62]], [1.0, [65, 7]], [1.0, [68, 8]], [1.0, [68, 20]], [1.0, [68, 33]], [1.0, [68, 50]]]], "solution": [[[0, 46, 81], [[[46, 11], [46, 3], [46, 23]], [[46, 18]]]], [[0, 49, 81], [[[49, 61]], [[49, 78]]]], [[0, 68, 81], [[[68, 8], [68, 33], [68, 20]], [[68, 50]]]], [[0, 9, 54, 76, 30, 81], [[[54, 66]], []]], [[0, 64, 65, 71, 72, 81], [[[65, 7]], []]], [[0, 10, 79, 26, 73, 81], [[], []]], [[0, 19, 47, 34, 63, 81], [[[34, 17]], []]], [[0, 56, 48, 1, 67, 81], [[[56, 51], [1, 35]], []]], [[0, 12, 59, 45, 81], [[[59, 62]], []]], [[0, 16, 52, 41, 15, 81], [[[41, 80]], [[41, 36]]]], [[0, 69, 31, 53, 2, 43, 81], [[], []]], [[0, 40, 6, 42, 81], [[], []]], [[0, 25, 77, 24, 70, 74, 21, 81], [[[24, 39]], []]], [[0, 60, 4, 22, 37, 58, 81], [[[4, 44], [58, 57]], []]], [[0, 14, 28, 29, 38, 81], [[[14, 75]], []]], [[0, 55, 5, 32, 81], [[[55, 13], [32, 27]], []]]], "tot_num_gen_cols": 2923, "tot_num_labels": 2868, "tot_num_route_fixes": 380}