{"problem": {"name": "CVS-61-2", "datafile": "problems/ups_tw/CVS-61-2.vrp", "num_cust_nodes": 60, "num_tot_nodes": 62, "Gamma": 2, "t_range": 0.25, "Delta": 2, "d_range": 0.25, "num_drones": 2, "drone_time_multiplier": 1, "drone_cost_multiplier": 1, "flight_limit": 500, "demand_ratio": 0.75}, "timelimit": 600, "num_cpus": 4, "alg": "CG Heuristic", "tot_cg_iterations": 453, "time": 62.36717176437378, "obj": 88745.0, "tot_heu_time": 25.602927684783936, "tot_mp_time": 0.549689769744873, "tot_sp_time": 33.381484031677246, "tot_sp1_time": 128.3386092185974, "tot_sp2_time": 0.09520936012268066, "raw_solution": [[[1.0, [0, 2, 61], [[[2, 50], 0], [[2, 40], 1], [[2, 3], 1], [[2, 37], 1]]], [1.0, [0, 48, 61], [[[48, 10], 0], [[48, 7], 1], [[48, 15], 0], [[48, 60], 1]]], [1.0, [0, 37, 58, 35, 61], [[[37, 41], 0], [[37, 53], 1], [[58, 16], 0], [[58, 6], 1]]], [1.0, [0, 26, 34, 54, 14, 61], [[[26, 23], 0]]], [1.0, [0, 25, 47, 45, 61], [[[25, 24], 0], [[25, 30], 1]]], [1.0, [0, 39, 5, 43, 44, 11, 61], []], [1.0, [0, 18, 10, 12, 55, 61], []], [1.0, [0, 27, 13, 28, 1, 61], []], [1.0, [0, 21, 9, 38, 20, 49, 36, 61], []], [1.0, [0, 52, 19, 46, 31, 4, 61], [[[19, 33], 0]]], [1.0, [0, 56, 8, 22, 57, 51, 61], []], [1.0, [0, 42, 17, 29, 32, 61], [[[32, 59], 0]]]], [[1.0, [2, 3]], [1.0, [2, 40]], [1.0, [2, 50]], [1.0, [19, 33]], [1.0, [25, 24]], [1.0, [25, 30]], [1.0, [26, 23]], [1.0, [32, 59]], [1.0, [37, 41]], [1.0, [37, 53]], [1.0, [48, 7]], [1.0, [48, 15]], [1.0, [48, 60]], [1.0, [58, 6]], [1.0, [58, 16]]]], "solution": [[[0, 2, 61], [[[2, 50]], [[2, 40], [2, 3]]]], [[0, 48, 61], [[[48, 15]], [[48, 7], [48, 60]]]], [[0, 37, 58, 35, 61], [[[37, 41], [58, 16]], [[37, 53], [58, 6]]]], [[0, 26, 34, 54, 14, 61], [[[26, 23]], []]], [[0, 25, 47, 45, 61], [[[25, 24]], [[25, 30]]]], [[0, 39, 5, 43, 44, 11, 61], [[], []]], [[0, 18, 10, 12, 55, 61], [[], []]], [[0, 27, 13, 28, 1, 61], [[], []]], [[0, 21, 9, 38, 20, 49, 36, 61], [[], []]], [[0, 52, 19, 46, 31, 4, 61], [[[19, 33]], []]], [[0, 56, 8, 22, 57, 51, 61], [[], []]], [[0, 42, 17, 29, 32, 61], [[[32, 59]], []]]], "tot_num_gen_cols": 1641, "tot_num_labels": 1679, "tot_num_route_fixes": 156}