{"problem": {"name": "CVS-91-10", "datafile": "problems/ups_tw/CVS-91-10.vrp", "num_cust_nodes": 90, "num_tot_nodes": 92, "Gamma": 2, "t_range": 0.25, "Delta": 2, "d_range": 0.25, "num_drones": 2, "drone_time_multiplier": 1, "drone_cost_multiplier": 1, "flight_limit": 500, "demand_ratio": 0.75}, "timelimit": 600, "num_cpus": 4, "alg": "MIP", "time": 600.3077414035797, "root_LP": 38125.30814800122, "obj": 177217.0, "final_gap": 0.784410503153032, "global_lb": 38206.123862729044, "num_bnb_nodes": 390, "num_bnb_remaining_nodes": 313, "solution": [[[0, 4, 91], [[], [[4, 50]]]], [[0, 5, 35, 9, 91], [[], []]], [[0, 8, 91], [[], []]], [[0, 10, 19, 30, 78, 91], [[], []]], [[0, 15, 29, 53, 33, 91], [[], []]], [[0, 20, 25, 3, 91], [[], []]], [[0, 22, 27, 39, 65, 91], [[], []]], [[0, 24, 71, 91], [[[71, 40]], []]], [[0, 34, 91], [[], []]], [[0, 37, 12, 91], [[], [[12, 13], [12, 58]]]], [[0, 38, 45, 31, 91], [[], []]], [[0, 41, 89, 91], [[], [[89, 83]]]], [[0, 42, 2, 91], [[], []]], [[0, 51, 82, 28, 91], [[], []]], [[0, 52, 91], [[], []]], [[0, 63, 32, 46, 91], [[], []]], [[0, 64, 91], [[], []]], [[0, 68, 67, 6, 21, 91], [[], []]], [[0, 69, 14, 55, 91], [[], []]], [[0, 72, 59, 11, 91], [[], []]], [[0, 75, 73, 91], [[], [[73, 17]]]], [[0, 77, 56, 79, 36, 91], [[], []]], [[0, 81, 44, 91], [[], []]], [[0, 84, 23, 91], [[], []]], [[0, 85, 47, 7, 76, 91], [[], []]], [[0, 86, 57, 26, 16, 91], [[], []]], [[0, 88, 48, 91], [[[48, 61]], []]], [[0, 90, 66, 18, 91], [[[18, 54], [18, 60]], []]]], "termination_status": "time limit exceeded"}