{"problem": {"name": "CVS-81-5", "datafile": "problems/ups_tw/CVS-81-5.vrp", "num_cust_nodes": 80, "num_tot_nodes": 82, "Gamma": 2, "t_range": 0.25, "Delta": 2, "d_range": 0.25, "num_drones": 2, "drone_time_multiplier": 1, "drone_cost_multiplier": 1, "flight_limit": 500, "demand_ratio": 0.75}, "timelimit": 600, "num_cpus": 4, "alg": "CG Heuristic", "tot_cg_iterations": 517, "time": 615.4211993217468, "obj": 115146.0, "tot_heu_time": 540.4639539718628, "tot_mp_time": 2.0849575996398926, "tot_sp_time": 65.77475047111511, "tot_sp1_time": 185.89492774009705, "tot_sp2_time": 18.55824875831604, "raw_solution": [[[1.0, [0, 2, 81], [[[2, 18], 0], [[2, 23], 1], [[2, 22], 0], [[2, 20], 1], [[2, 11], 0]]], [1.0, [0, 17, 81], [[[17, 54], 0], [[17, 36], 1], [[17, 27], 0], [[17, 16], 1]]], [1.0, [0, 47, 81], [[[47, 38], 0], [[47, 33], 1], [[47, 29], 0], [[47, 13], 1], [[47, 42], 0]]], [1.0, [0, 32, 61, 9, 56, 24, 70, 81], []], [0.9999999999999998, [0, 39, 60, 25, 59, 44, 81], [[[60, 8], 0], [[59, 52], 0]]], [1.0, [0, 40, 66, 15, 81], [[[40, 43], 0]]], [1.0, [0, 31, 77, 53, 26, 37, 81], []], [1.0, [0, 6, 12, 64, 28, 81], [[[64, 1], 0]]], [1.0, [0, 50, 34, 35, 67, 7, 81], [[[67, 65], 0], [[67, 48], 1]]], [1.0, [0, 21, 14, 41, 51, 81], []], [1.0, [0, 49, 68, 80, 5, 81], [[[68, 3], 0], [[5, 75], 0]]], [1.0, [0, 30, 73, 57, 79, 81], [[[30, 54], 0], [[79, 45], 0]]], [1.0, [0, 63, 71, 78, 74, 81], [[[71, 4], 0]]], [1.0, [0, 10, 69, 55, 76, 81], [[[55, 58], 0]]], [1.0, [0, 19, 58, 62, 72, 46, 81], [[[62, 79], 0]]]], [[1.0, [2, 11]], [1.0, [2, 18]], [1.0, [2, 20]], [1.0, [2, 22]], [1.0, [2, 23]], [1.0, [5, 75]], [1.0, [17, 16]], [1.0, [17, 27]], [1.0, [17, 36]], [1.0, [30, 54]], [1.0, [40, 43]], [1.0, [47, 13]], [1.0, [47, 29]], [1.0, [47, 33]], [1.0, [47, 38]], [1.0, [47, 42]], [0.9999999999999998, [59, 52]], [1.0, [60, 8]], [1.0, [64, 1]], [1.0, [67, 48]], [1.0, [67, 65]], [1.0, [68, 3]], [1.0, [71, 4]], [1.0, [79, 45]]]], "solution": [[[0, 2, 81], [[[2, 18], [2, 22], [2, 11]], [[2, 23], [2, 20]]]], [[0, 17, 81], [[[17, 27]], [[17, 36], [17, 16]]]], [[0, 47, 81], [[[47, 38], [47, 29], [47, 42]], [[47, 33], [47, 13]]]], [[0, 32, 61, 9, 56, 24, 70, 81], [[], []]], [[0, 39, 60, 25, 59, 44, 81], [[[60, 8], [59, 52]], []]], [[0, 40, 66, 15, 81], [[[40, 43]], []]], [[0, 31, 77, 53, 26, 37, 81], [[], []]], [[0, 6, 12, 64, 28, 81], [[[64, 1]], []]], [[0, 50, 34, 35, 67, 7, 81], [[[67, 65]], [[67, 48]]]], [[0, 21, 14, 41, 51, 81], [[], []]], [[0, 49, 68, 80, 5, 81], [[[68, 3], [5, 75]], []]], [[0, 30, 73, 57, 79, 81], [[[30, 54], [79, 45]], []]], [[0, 63, 71, 78, 74, 81], [[[71, 4]], []]], [[0, 10, 69, 55, 76, 81], [[], []]], [[0, 19, 58, 62, 72, 46, 81], [[], []]]], "tot_num_gen_cols": 1977, "tot_num_labels": 1512, "tot_num_route_fixes": 225}