{"problem": {"name": "CVS-81-4", "datafile": "problems/ups_tw/CVS-81-4.vrp", "num_cust_nodes": 80, "num_tot_nodes": 82, "Gamma": 2, "t_range": 0.25, "Delta": 2, "d_range": 0.25, "num_drones": 2, "drone_time_multiplier": 1, "drone_cost_multiplier": 1, "flight_limit": 500, "demand_ratio": 0.75}, "timelimit": 600, "num_cpus": 4, "alg": "MIP", "time": 600.2084991931915, "root_LP": 31231.75940641451, "obj": 113858.0, "final_gap": 0.7120439788650519, "global_lb": 32786.09665438286, "num_bnb_nodes": 1274, "num_bnb_remaining_nodes": 1, "solution": [[[0, 21, 29, 62, 78, 81], [[], []]], [[0, 23, 55, 28, 80, 10, 81], [[], []]], [[0, 24, 46, 35, 8, 81], [[], []]], [[0, 26, 73, 51, 22, 81], [[], []]], [[0, 36, 12, 4, 33, 65, 81], [[], []]], [[0, 47, 41, 43, 63, 15, 81], [[], []]], [[0, 48, 57, 44, 76, 79, 38, 81], [[], []]], [[0, 54, 72, 16, 81], [[[16, 67]], []]], [[0, 58, 45, 71, 19, 81], [[], []]], [[0, 61, 50, 69, 30, 81], [[], []]], [[0, 64, 11, 31, 13, 81], [[[13, 40]], []]], [[0, 68, 66, 81], [[], [[66, 42]]]], [[0, 74, 6, 32, 70, 25, 81], [[], []]], [[0, 77, 53, 37, 5, 60, 34, 81], [[], [[34, 18], [34, 56]]]]], "termination_status": "time limit exceeded"}