{"problem": {"name": "CVS-71-7", "datafile": "problems/ups_tw/CVS-71-7.vrp", "num_cust_nodes": 70, "num_tot_nodes": 72, "Gamma": 2, "t_range": 0.25, "Delta": 2, "d_range": 0.25, "num_drones": 2, "drone_time_multiplier": 1, "drone_cost_multiplier": 1, "flight_limit": 500, "demand_ratio": 0.75}, "timelimit": 600, "num_cpus": 4, "alg": "MIP", "time": 600.118185043335, "root_LP": 38461.4569723311, "obj": 140152.0, "final_gap": 0.7242150032068393, "global_lb": 38651.818870555, "num_bnb_nodes": 1247, "num_bnb_remaining_nodes": 1, "solution": [[[0, 6, 29, 59, 57, 71], [[], []]], [[0, 20, 18, 5, 35, 14, 40, 71], [[], []]], [[0, 23, 52, 71], [[], [[52, 26]]]], [[0, 28, 27, 63, 56, 71], [[], []]], [[0, 31, 19, 41, 36, 71], [[], []]], [[0, 42, 68, 38, 15, 71], [[], []]], [[0, 44, 66, 1, 67, 12, 25, 71], [[], []]], [[0, 49, 45, 21, 71], [[], []]], [[0, 53, 3, 65, 71], [[], []]], [[0, 54, 8, 71], [[], []]], [[0, 55, 33, 2, 13, 71], [[[13, 34]], []]], [[0, 60, 30, 71], [[], []]], [[0, 61, 58, 24, 10, 7, 71], [[], []]], [[0, 62, 46, 51, 4, 39, 71], [[], []]], [[0, 70, 17, 9, 32, 71], [[], []]]], "termination_status": "time limit exceeded"}