{"problem": {"name": "CVS-71-3", "datafile": "problems/ups_tw/CVS-71-3.vrp", "num_cust_nodes": 70, "num_tot_nodes": 72, "Gamma": 2, "t_range": 0.25, "Delta": 2, "d_range": 0.25, "num_drones": 2, "drone_time_multiplier": 1, "drone_cost_multiplier": 1, "flight_limit": 500, "demand_ratio": 0.75}, "timelimit": 600, "num_cpus": 4, "alg": "MIP", "time": 601.9295189380646, "root_LP": 26281.955314809442, "obj": 123712.0, "final_gap": 0.7870097054868604, "global_lb": 26349.455314809442, "num_bnb_nodes": 475, "num_bnb_remaining_nodes": 450, "solution": [[[0, 17, 28, 35, 55, 71], [[], []]], [[0, 48, 26, 1, 16, 71], [[[16, 14]], []]], [[0, 52, 46, 51, 4, 71], [[], []]], [[0, 54, 37, 25, 43, 71], [[], []]], [[0, 56, 45, 18, 53, 71], [[], []]], [[0, 57, 34, 12, 32, 10, 71], [[], []]], [[0, 58, 21, 15, 3, 20, 71], [[], []]], [[0, 59, 11, 70, 49, 71], [[[49, 29]], []]], [[0, 60, 7, 47, 71], [[], []]], [[0, 61, 33, 71], [[], []]], [[0, 62, 19, 30, 41, 5, 71], [[], []]], [[0, 65, 31, 24, 22, 71], [[], [[22, 27]]]], [[0, 66, 38, 64, 44, 23, 71], [[], []]], [[0, 68, 36, 42, 71], [[], [[42, 40]]]], [[0, 69, 50, 13, 71], [[], []]]], "termination_status": "time limit exceeded"}