{"problem": {"name": "CVS-81-9", "datafile": "problems/ups_tw/CVS-81-9.vrp", "num_cust_nodes": 80, "num_tot_nodes": 82, "Gamma": 2, "t_range": 0.25, "Delta": 2, "d_range": 0.25, "num_drones": 2, "drone_time_multiplier": 1, "drone_cost_multiplier": 1, "flight_limit": 500, "demand_ratio": 0.75}, "timelimit": 600, "num_cpus": 4, "alg": "CG Heuristic", "tot_cg_iterations": 300, "time": 188.15621829032898, "obj": 102206.0, "tot_heu_time": 79.4871506690979, "tot_mp_time": 1.2973299026489258, "tot_sp_time": 103.9013192653656, "tot_sp1_time": 398.4572079181671, "tot_sp2_time": 2.1365468502044678, "raw_solution": [[[1.0, [0, 13, 51, 56, 76, 29, 81], []], [1.0, [0, 48, 39, 1, 23, 81], []], [1.0, [0, 38, 30, 74, 59, 81], [[[74, 78], 0]]], [1.0, [0, 79, 75, 68, 33, 81], []], [1.0, [0, 24, 43, 46, 4, 49, 81], []], [1.0, [0, 36, 14, 50, 57, 9, 3, 81], []], [1.0, [0, 58, 16, 65, 2, 12, 81], []], [1.0, [0, 6, 67, 40, 37, 81], [[[37, 47], 0]]], [1.0, [0, 11, 25, 62, 71, 44, 81], [[[44, 20], 0]]], [1.0, [0, 54, 66, 8, 81], [[[8, 17], 0], [[8, 45], 1]]], [1.0, [0, 35, 41, 7, 53, 22, 81], [[[35, 38], 0], [[53, 17], 0]]], [1.0, [0, 19, 61, 28, 81], [[[19, 63], 0], [[61, 15], 0]]], [1.0, [0, 52, 31, 42, 21, 27, 5, 81], [[[21, 47], 0]]], [1.0, [0, 72, 70, 69, 26, 81], [[[70, 73], 0], [[70, 18], 1], [[70, 60], 0], [[69, 34], 0]]], [1.0, [0, 77, 32, 10, 64, 81], [[[32, 55], 0], [[64, 80], 0]]]], [[1.0, [8, 45]], [1.0, [19, 63]], [1.0, [21, 47]], [1.0, [32, 55]], [1.0, [44, 20]], [1.0, [53, 17]], [1.0, [61, 15]], [1.0, [64, 80]], [1.0, [69, 34]], [1.0, [70, 18]], [1.0, [70, 60]], [1.0, [70, 73]], [1.0, [74, 78]]]], "solution": [[[0, 13, 51, 56, 76, 29, 81], [[], []]], [[0, 48, 39, 1, 23, 81], [[], []]], [[0, 38, 30, 74, 59, 81], [[[74, 78]], []]], [[0, 79, 75, 68, 33, 81], [[], []]], [[0, 24, 43, 46, 4, 49, 81], [[], []]], [[0, 36, 14, 50, 57, 9, 3, 81], [[], []]], [[0, 58, 16, 65, 2, 12, 81], [[], []]], [[0, 6, 67, 40, 37, 81], [[], []]], [[0, 11, 25, 62, 71, 44, 81], [[[44, 20]], []]], [[0, 54, 66, 8, 81], [[], [[8, 45]]]], [[0, 35, 41, 7, 53, 22, 81], [[[53, 17]], []]], [[0, 19, 61, 28, 81], [[[19, 63], [61, 15]], []]], [[0, 52, 31, 42, 21, 27, 5, 81], [[[21, 47]], []]], [[0, 72, 70, 69, 26, 81], [[[70, 73], [70, 60], [69, 34]], [[70, 18]]]], [[0, 77, 32, 10, 64, 81], [[[32, 55], [64, 80]], []]]], "tot_num_gen_cols": 2217, "tot_num_labels": 2064, "tot_num_route_fixes": 96}