{"problem": {"name": "CVS-51-8", "datafile": "problems/ups_tw/CVS-51-8.vrp", "num_cust_nodes": 50, "num_tot_nodes": 52, "Gamma": 2, "t_range": 0.25, "Delta": 2, "d_range": 0.25, "num_drones": 2, "drone_time_multiplier": 1, "drone_cost_multiplier": 1, "flight_limit": 500, "demand_ratio": 0.75}, "timelimit": 600, "num_cpus": 4, "alg": "MIP", "time": 600.0377531051636, "root_LP": 42993.68609665753, "obj": 84513.0, "final_gap": 0.45696145379325753, "global_lb": 45893.81665557038, "num_bnb_nodes": 4834, "num_bnb_remaining_nodes": 3408, "solution": [[[0, 2, 51], [[[2, 3], [2, 19]], [[2, 23], [2, 42]]]], [[0, 5, 22, 51], [[], []]], [[0, 6, 48, 14, 51], [[[14, 44]], []]], [[0, 7, 51], [[[7, 9]], [[7, 1]]]], [[0, 13, 26, 47, 10, 38, 51], [[], []]], [[0, 16, 32, 46, 51], [[], []]], [[0, 24, 49, 51], [[[49, 8]], []]], [[0, 25, 11, 51], [[], [[11, 18]]]], [[0, 27, 15, 39, 45, 51], [[], []]], [[0, 30, 51], [[[30, 50]], []]], [[0, 36, 28, 51], [[], []]], [[0, 37, 34, 51], [[], [[34, 29], [34, 21], [34, 41]]]]], "termination_status": "time limit exceeded"}