{"problem": {"name": "CVS-51-3", "datafile": "problems/ups_tw/CVS-51-3.vrp", "num_cust_nodes": 50, "num_tot_nodes": 52, "Gamma": 2, "t_range": 0.25, "Delta": 2, "d_range": 0.25, "num_drones": 2, "drone_time_multiplier": 1, "drone_cost_multiplier": 1, "flight_limit": 500, "demand_ratio": 0.75}, "timelimit": 600, "num_cpus": 4, "alg": "CG Heuristic", "tot_cg_iterations": 546, "time": 47.2762131690979, "obj": 71173.0, "tot_heu_time": 14.490453481674194, "tot_mp_time": 1.0288634300231934, "tot_sp_time": 28.49874758720398, "tot_sp1_time": 107.84891653060913, "tot_sp2_time": 0.29149937629699707, "raw_solution": [[[1.0, [0, 5, 50, 13, 46, 51], [[[5, 19], 0], [[5, 44], 1], [[5, 47], 1]]], [1.0, [0, 38, 41, 23, 7, 51], [[[38, 44], 0], [[41, 30], 0], [[41, 19], 1]]], [1.0, [0, 37, 32, 12, 39, 51], [[[32, 25], 0], [[12, 4], 0], [[12, 17], 1]]], [1.0, [0, 29, 40, 9, 49, 42, 11, 33, 51], [[[9, 36], 0]]], [1.0, [0, 26, 16, 45, 18, 43, 51], [[[26, 40], 0], [[16, 3], 0], [[43, 27], 0]]], [1.0, [0, 48, 1, 35, 51], [[[48, 28], 0], [[1, 14], 0], [[1, 40], 1], [[35, 10], 0], [[35, 34], 1]]], [1.0, [0, 31, 2, 15, 21, 20, 51], [[[20, 3], 0]]], [1.0, [0, 24, 22, 27, 8, 51], [[[8, 6], 0], [[8, 33], 1]]]], [[1.0, [1, 14]], [1.0, [5, 19]], [1.0, [5, 47]], [1.0, [8, 6]], [1.0, [9, 36]], [1.0, [12, 4]], [1.0, [12, 17]], [1.0, [16, 3]], [1.0, [32, 25]], [1.0, [35, 10]], [1.0, [35, 34]], [1.0, [38, 44]], [1.0, [41, 30]], [1.0, [48, 28]]]], "solution": [[[0, 5, 50, 13, 46, 51], [[[5, 19]], [[5, 47]]]], [[0, 38, 41, 23, 7, 51], [[[38, 44], [41, 30]], []]], [[0, 37, 32, 12, 39, 51], [[[32, 25], [12, 4]], [[12, 17]]]], [[0, 29, 40, 9, 49, 42, 11, 33, 51], [[[9, 36]], []]], [[0, 26, 16, 45, 18, 43, 51], [[[16, 3]], []]], [[0, 48, 1, 35, 51], [[[48, 28], [1, 14], [35, 10]], [[35, 34]]]], [[0, 31, 2, 15, 21, 20, 51], [[], []]], [[0, 24, 22, 27, 8, 51], [[[8, 6]], []]]], "tot_num_gen_cols": 2491, "tot_num_labels": 1998, "tot_num_route_fixes": 160}