{"problem": {"name": "CVS-71-3", "datafile": "problems/ups_tw/CVS-71-3.vrp", "num_cust_nodes": 70, "num_tot_nodes": 72, "Gamma": 2, "t_range": 0.25, "Delta": 2, "d_range": 0.25, "num_drones": 2, "drone_time_multiplier": 1, "drone_cost_multiplier": 1, "flight_limit": 500, "demand_ratio": 0.75}, "timelimit": 600, "num_cpus": 4, "alg": "CG Heuristic", "tot_cg_iterations": 445, "time": 278.90022373199463, "obj": 104565.0, "tot_heu_time": 154.94903087615967, "tot_mp_time": 1.1803243160247803, "tot_sp_time": 118.29628157615662, "tot_sp1_time": 454.1231801509857, "tot_sp2_time": 1.3656415939331055, "raw_solution": [[[1.0, [0, 7, 71], [[[7, 46], 0], [[7, 66], 1], [[7, 69], 0], [[7, 30], 1]]], [1.0, [0, 55, 71], [[[55, 39], 0], [[55, 18], 1], [[55, 43], 1], [[55, 28], 0], [[55, 45], 1]]], [1.0, [0, 6, 40, 67, 29, 42, 9, 71], []], [1.0, [0, 34, 10, 12, 32, 54, 37, 71], []], [1.0, [0, 59, 33, 27, 24, 71], []], [1.0, [0, 18, 48, 26, 16, 1, 71], []], [1.0, [0, 17, 51, 25, 57, 71], []], [1.0, [0, 8, 61, 22, 31, 71], [[[61, 11], 0]]], [1.0, [0, 14, 58, 49, 68, 70, 36, 2, 71], [[[36, 45], 0]]], [1.0, [0, 5, 41, 38, 71], [[[41, 63], 0]]], [1.0, [0, 20, 3, 15, 21, 71], [[[15, 65], 0]]], [1.0, [0, 35, 56, 53, 71], [[[56, 4], 0], [[53, 45], 0]]], [1.0, [0, 13, 52, 60, 71], [[[13, 50], 0]]], [1.0, [0, 44, 23, 47, 19, 71], [[[44, 64], 0], [[19, 62], 0]]]], [[1.0, [7, 30]], [1.0, [7, 46]], [1.0, [7, 66]], [1.0, [7, 69]], [1.0, [13, 50]], [1.0, [15, 65]], [1.0, [19, 62]], [1.0, [36, 45]], [1.0, [41, 63]], [1.0, [44, 64]], [1.0, [55, 28]], [1.0, [55, 39]], [1.0, [55, 43]], [1.0, [56, 4]], [1.0, [61, 11]]]], "solution": [[[0, 7, 71], [[[7, 46], [7, 69]], [[7, 66], [7, 30]]]], [[0, 55, 71], [[[55, 39], [55, 28]], [[55, 43]]]], [[0, 6, 40, 67, 29, 42, 9, 71], [[], []]], [[0, 34, 10, 12, 32, 54, 37, 71], [[], []]], [[0, 59, 33, 27, 24, 71], [[], []]], [[0, 18, 48, 26, 16, 1, 71], [[], []]], [[0, 17, 51, 25, 57, 71], [[], []]], [[0, 8, 61, 22, 31, 71], [[[61, 11]], []]], [[0, 14, 58, 49, 68, 70, 36, 2, 71], [[[36, 45]], []]], [[0, 5, 41, 38, 71], [[[41, 63]], []]], [[0, 20, 3, 15, 21, 71], [[[15, 65]], []]], [[0, 35, 56, 53, 71], [[[56, 4]], []]], [[0, 13, 52, 60, 71], [[[13, 50]], []]], [[0, 44, 23, 47, 19, 71], [[[44, 64], [19, 62]], []]]], "tot_num_gen_cols": 2087, "tot_num_labels": 2283, "tot_num_route_fixes": 147}