{"problem": {"name": "CVS-71-8", "datafile": "problems/ups_tw/CVS-71-8.vrp", "num_cust_nodes": 70, "num_tot_nodes": 72, "Gamma": 2, "t_range": 0.25, "Delta": 2, "d_range": 0.25, "num_drones": 2, "drone_time_multiplier": 1, "drone_cost_multiplier": 1, "flight_limit": 500, "demand_ratio": 0.75}, "timelimit": 600, "num_cpus": 4, "alg": "MIP", "time": 600.1036307811737, "root_LP": 29162.565513510006, "obj": 111206.0, "final_gap": 0.720142594466873, "global_lb": 31121.822639716855, "num_bnb_nodes": 1216, "num_bnb_remaining_nodes": 1, "solution": [[[0, 3, 2, 71], [[], []]], [[0, 11, 17, 60, 25, 30, 71], [[], []]], [[0, 31, 32, 16, 46, 71], [[], []]], [[0, 38, 71], [[[38, 9], [38, 43], [38, 35]], []]], [[0, 42, 23, 68, 71], [[], []]], [[0, 49, 8, 55, 53, 12, 71], [[], []]], [[0, 52, 50, 18, 65, 71], [[], []]], [[0, 57, 45, 15, 7, 71], [[], []]], [[0, 61, 28, 71], [[], []]], [[0, 63, 4, 1, 71], [[[1, 39]], []]], [[0, 64, 51, 14, 44, 71], [[], [[44, 36]]]], [[0, 66, 34, 56, 41, 71], [[], []]], [[0, 67, 54, 21, 71], [[], [[21, 29], [21, 58]]]], [[0, 69, 10, 47, 26, 71], [[[26, 37]], []]], [[0, 70, 62, 5, 22, 59, 27, 71], [[], []]]], "termination_status": "time limit exceeded"}