{"problem": {"name": "CVS-51-5", "datafile": "problems/ups_tw/CVS-51-5.vrp", "num_cust_nodes": 50, "num_tot_nodes": 52, "Gamma": 2, "t_range": 0.25, "Delta": 2, "d_range": 0.25, "num_drones": 2, "drone_time_multiplier": 1, "drone_cost_multiplier": 1, "flight_limit": 500, "demand_ratio": 0.75}, "timelimit": 600, "num_cpus": 4, "alg": "MIP", "time": 600.1233279705048, "root_LP": 28834.98252076761, "obj": 73099.0, "final_gap": 0.5714992648566898, "global_lb": 31322.97523824078, "num_bnb_nodes": 11972, "num_bnb_remaining_nodes": 9332, "solution": [[[0, 1, 34, 35, 39, 51], [[], [[39, 50]]]], [[0, 7, 51], [[[7, 6]], [[7, 12], [7, 5], [7, 49], [7, 3]]]], [[0, 9, 31, 29, 51], [[], [[29, 44]]]], [[0, 15, 37, 42, 51], [[], [[42, 13]]]], [[0, 23, 18, 11, 25, 51], [[], [[25, 21]]]], [[0, 27, 45, 36, 17, 24, 51], [[], []]], [[0, 28, 48, 8, 22, 51], [[], []]], [[0, 30, 19, 46, 40, 51], [[], [[40, 32]]]], [[0, 43, 38, 51], [[], []]]], "termination_status": "time limit exceeded"}