{"problem": {"name": "CVS-41-10", "datafile": "problems/ups_tw/CVS-41-10.vrp", "num_cust_nodes": 40, "num_tot_nodes": 42, "Gamma": 2, "t_range": 0.25, "Delta": 2, "d_range": 0.25, "num_drones": 2, "drone_time_multiplier": 1, "drone_cost_multiplier": 1, "flight_limit": 500, "demand_ratio": 0.75}, "timelimit": 600, "num_cpus": 4, "alg": "CG Heuristic", "tot_cg_iterations": 422, "time": 23.035718202590942, "obj": 62887.0, "tot_heu_time": 10.176912546157837, "tot_mp_time": 0.3693866729736328, "tot_sp_time": 10.683154344558716, "tot_sp1_time": 39.073933601379395, "tot_sp2_time": 0.06339192390441895, "raw_solution": [[[1.0, [0, 8, 41], [[[8, 26], 0], [[8, 16], 1], [[8, 31], 0], [[8, 14], 1]]], [1.0, [0, 28, 41], [[[28, 33], 0], [[28, 24], 1], [[28, 7], 0], [[28, 19], 0], [[28, 37], 0], [[28, 10], 1]]], [1.0, [0, 34, 39, 27, 22, 41], []], [1.0, [0, 4, 36, 20, 25, 3, 41], []], [1.0, [0, 2, 13, 21, 6, 41], [[[2, 17], 0], [[6, 7], 0]]], [1.0, [0, 18, 1, 5, 10, 30, 41], []], [1.0, [0, 7, 32, 23, 37, 12, 41], [[[32, 38], 0]]], [1.0, [0, 15, 9, 35, 29, 41], [[[15, 11], 0], [[15, 33], 1], [[35, 40], 0]]]], [[1.0, [2, 17]], [1.0, [8, 14]], [1.0, [8, 16]], [1.0, [8, 26]], [1.0, [8, 31]], [1.0, [15, 11]], [1.0, [15, 33]], [1.0, [28, 19]], [1.0, [28, 24]], [1.0, [32, 38]], [1.0, [35, 40]]]], "solution": [[[0, 8, 41], [[[8, 26], [8, 31]], [[8, 16], [8, 14]]]], [[0, 28, 41], [[[28, 19]], [[28, 24]]]], [[0, 34, 39, 27, 22, 41], [[], []]], [[0, 4, 36, 20, 25, 3, 41], [[], []]], [[0, 2, 13, 21, 6, 41], [[[2, 17]], []]], [[0, 18, 1, 5, 10, 30, 41], [[], []]], [[0, 7, 32, 23, 37, 12, 41], [[[32, 38]], []]], [[0, 15, 9, 35, 29, 41], [[[15, 11], [35, 40]], [[15, 33]]]]], "tot_num_gen_cols": 1723, "tot_num_labels": 1880, "tot_num_route_fixes": 125}