{"problem": {"name": "CVS-61-2", "datafile": "problems/ups_tw/CVS-61-2.vrp", "num_cust_nodes": 60, "num_tot_nodes": 62, "Gamma": 2, "t_range": 0.25, "Delta": 2, "d_range": 0.25, "num_drones": 2, "drone_time_multiplier": 1, "drone_cost_multiplier": 1, "flight_limit": 500, "demand_ratio": 0.75}, "timelimit": 600, "num_cpus": 4, "alg": "MIP", "time": 600.0502195358276, "root_LP": 32706.049371225854, "obj": 136531.0, "final_gap": 0.74045773276045, "global_lb": 35435.565288482925, "num_bnb_nodes": 1214, "num_bnb_remaining_nodes": 1, "solution": [[[0, 2, 3, 30, 24, 61], [[], []]], [[0, 5, 43, 11, 16, 61], [[], []]], [[0, 8, 32, 29, 22, 25, 61], [[], []]], [[0, 12, 18, 48, 61], [[], []]], [[0, 14, 54, 26, 58, 61], [[], []]], [[0, 21, 59, 46, 57, 17, 31, 4, 61], [[], []]], [[0, 23, 36, 38, 53, 9, 7, 20, 61], [[], []]], [[0, 34, 15, 61], [[], []]], [[0, 35, 50, 61], [[], [[50, 37]]]], [[0, 40, 1, 39, 61], [[[39, 44]], []]], [[0, 41, 27, 28, 13, 19, 61], [[], []]], [[0, 42, 56, 52, 6, 10, 61], [[], []]], [[0, 51, 47, 45, 33, 61], [[], []]], [[0, 55, 49, 60, 61], [[], []]]], "termination_status": "time limit exceeded"}