{"problem": {"name": "CVS-71-4", "datafile": "problems/ups_tw/CVS-71-4.vrp", "num_cust_nodes": 70, "num_tot_nodes": 72, "Gamma": 2, "t_range": 0.25, "Delta": 2, "d_range": 0.25, "num_drones": 2, "drone_time_multiplier": 1, "drone_cost_multiplier": 1, "flight_limit": 500, "demand_ratio": 0.75}, "timelimit": 600, "num_cpus": 4, "alg": "MIP", "time": 600.216073513031, "root_LP": 35126.35619484773, "obj": 118030.0, "final_gap": 0.6894953739037439, "global_lb": 36648.86101814103, "num_bnb_nodes": 1239, "num_bnb_remaining_nodes": 1, "solution": [[[0, 14, 24, 10, 66, 46, 8, 71], [[], []]], [[0, 30, 2, 13, 67, 71], [[], []]], [[0, 34, 60, 5, 71], [[], []]], [[0, 41, 36, 38, 52, 58, 4, 71], [[], []]], [[0, 42, 7, 20, 71], [[], []]], [[0, 45, 27, 19, 22, 26, 17, 33, 71], [[], []]], [[0, 54, 39, 61, 69, 71], [[], []]], [[0, 57, 48, 44, 71], [[], []]], [[0, 59, 31, 64, 11, 37, 71], [[], []]], [[0, 62, 15, 21, 29, 71], [[[29, 49]], []]], [[0, 63, 71], [[], [[63, 1], [63, 43]]]], [[0, 65, 51, 71], [[], []]], [[0, 68, 9, 55, 3, 71], [[], []]], [[0, 70, 25, 6, 32, 71], [[], []]]], "termination_status": "time limit exceeded"}