{"problem": {"name": "CVS-71-5", "datafile": "problems/ups_tw/CVS-71-5.vrp", "num_cust_nodes": 70, "num_tot_nodes": 72, "Gamma": 2, "t_range": 0.25, "Delta": 2, "d_range": 0.25, "num_drones": 2, "drone_time_multiplier": 1, "drone_cost_multiplier": 1, "flight_limit": 500, "demand_ratio": 0.75}, "timelimit": 600, "num_cpus": 4, "alg": "CG Heuristic", "tot_cg_iterations": 916, "time": 606.561185836792, "obj": 97351.0, "tot_heu_time": 397.81590366363525, "tot_mp_time": 6.24938702583313, "tot_sp_time": 185.906991481781, "tot_sp1_time": 724.5793800354004, "tot_sp2_time": 0.58077073097229, "raw_solution": [[[1.0, [0, 2, 71], [[[2, 21], 0], [[2, 1], 1], [[2, 22], 0], [[2, 20], 1], [[2, 11], 1]]], [1.0, [0, 7, 71], [[[7, 68], 0], [[7, 6], 1], [[7, 3], 1], [[7, 49], 1], [[7, 12], 0]]], [1.0, [0, 38, 71], [[[38, 21], 0], [[38, 29], 1], [[38, 33], 1], [[38, 43], 0], [[38, 31], 1]]], [1.0, [0, 35, 67, 64, 39, 25, 71], []], [1.0, [0, 62, 55, 46, 69, 71], []], [1.0, [0, 61, 24, 70, 9, 71], [[[24, 14], 0]]], [1.0, [0, 63, 36, 17, 4, 27, 71], [[[4, 45], 0]]], [1.0, [0, 15, 66, 10, 5, 49, 71], []], [1.0, [0, 40, 65, 60, 34, 50, 71], [[[65, 8], 0], [[65, 48], 1]]], [1.0, [0, 32, 13, 56, 71], [[[56, 37], 0]]], [1.0, [0, 57, 30, 19, 58, 54, 71], [[[57, 16], 0]]], [1.0, [0, 59, 53, 51, 41, 31, 42, 71], [[[59, 28], 0], [[53, 14], 0]]], [1.0, [0, 47, 44, 52, 23, 18, 71], [[[18, 26], 0]]]], [[1.0, [2, 1]], [1.0, [2, 11]], [1.0, [2, 20]], [1.0, [2, 22]], [1.0, [4, 45]], [1.0, [7, 3]], [1.0, [7, 6]], [1.0, [7, 12]], [1.0, [7, 68]], [1.0, [18, 26]], [1.0, [38, 21]], [1.0, [38, 29]], [1.0, [38, 33]], [1.0, [38, 43]], [1.0, [53, 14]], [1.0, [56, 37]], [1.0, [57, 16]], [1.0, [59, 28]], [1.0, [65, 8]], [1.0, [65, 48]]]], "solution": [[[0, 2, 71], [[[2, 22]], [[2, 1], [2, 20], [2, 11]]]], [[0, 7, 71], [[[7, 68], [7, 12]], [[7, 6], [7, 3]]]], [[0, 38, 71], [[[38, 21], [38, 43]], [[38, 29], [38, 33]]]], [[0, 35, 67, 64, 39, 25, 71], [[], []]], [[0, 62, 55, 46, 69, 71], [[], []]], [[0, 61, 24, 70, 9, 71], [[], []]], [[0, 63, 36, 17, 4, 27, 71], [[[4, 45]], []]], [[0, 15, 66, 10, 5, 49, 71], [[], []]], [[0, 40, 65, 60, 34, 50, 71], [[[65, 8]], [[65, 48]]]], [[0, 32, 13, 56, 71], [[[56, 37]], []]], [[0, 57, 30, 19, 58, 54, 71], [[[57, 16]], []]], [[0, 59, 53, 51, 41, 31, 42, 71], [[[59, 28], [53, 14]], []]], [[0, 47, 44, 52, 23, 18, 71], [[[18, 26]], []]]], "tot_num_gen_cols": 4002, "tot_num_labels": 3985, "tot_num_route_fixes": 314}