{"problem": {"name": "CVS-41-4", "datafile": "problems/ups_tw/CVS-41-4.vrp", "num_cust_nodes": 40, "num_tot_nodes": 42, "Gamma": 2, "t_range": 0.25, "Delta": 2, "d_range": 0.25, "num_drones": 2, "drone_time_multiplier": 1, "drone_cost_multiplier": 1, "flight_limit": 500, "demand_ratio": 0.75}, "timelimit": 600, "num_cpus": 4, "alg": "MIP", "time": 602.0554213523865, "root_LP": 29725.63473248258, "obj": 65840.0, "final_gap": 0.49809309511999444, "global_lb": 33045.550617299516, "num_bnb_nodes": 11751, "num_bnb_remaining_nodes": 9937, "solution": [[[0, 1, 33, 12, 41], [[], []]], [[0, 2, 41], [[[2, 40], [2, 11], [2, 31], [2, 30]], []]], [[0, 4, 26, 27, 38, 41], [[], []]], [[0, 9, 14, 24, 41], [[], []]], [[0, 10, 8, 35, 41], [[[35, 29]], []]], [[0, 15, 28, 7, 41], [[], []]], [[0, 18, 5, 34, 41], [[], []]], [[0, 22, 32, 25, 41], [[], []]], [[0, 39, 41], [[[39, 16], [39, 13]], [[39, 37]]]]], "termination_status": "time limit exceeded"}