{"problem": {"name": "CVS-41-5", "datafile": "problems/ups_tw/CVS-41-5.vrp", "num_cust_nodes": 40, "num_tot_nodes": 42, "Gamma": 2, "t_range": 0.25, "Delta": 2, "d_range": 0.25, "num_drones": 2, "drone_time_multiplier": 1, "drone_cost_multiplier": 1, "flight_limit": 500, "demand_ratio": 0.75}, "timelimit": 600, "num_cpus": 4, "alg": "MIP", "time": 601.8534247875214, "root_LP": 30821.72028175635, "obj": 67250.0, "final_gap": 0.5059685427512876, "global_lb": 33223.61549997586, "num_bnb_nodes": 23938, "num_bnb_remaining_nodes": 22522, "solution": [[[0, 3, 7, 39, 8, 22, 41], [[], []]], [[0, 6, 12, 1, 34, 41], [[[34, 35]], []]], [[0, 9, 24, 31, 23, 41], [[], []]], [[0, 15, 40, 41], [[[40, 32]], []]], [[0, 19, 30, 10, 5, 41], [[], []]], [[0, 25, 11, 18, 21, 41], [[], []]], [[0, 27, 36, 17, 41], [[], []]], [[0, 29, 37, 41], [[], [[37, 14], [37, 13]]]]], "termination_status": "time limit exceeded"}