{"problem": {"name": "CVS-61-5", "datafile": "problems/ups_tw/CVS-61-5.vrp", "num_cust_nodes": 60, "num_tot_nodes": 62, "Gamma": 2, "t_range": 0.25, "Delta": 2, "d_range": 0.25, "num_drones": 2, "drone_time_multiplier": 1, "drone_cost_multiplier": 1, "flight_limit": 500, "demand_ratio": 0.75}, "timelimit": 600, "num_cpus": 4, "alg": "MIP", "time": 600.0844900608063, "root_LP": 36657.65129331181, "obj": 123419.0, "final_gap": 0.6951100175500996, "global_lb": 37629.21674398419, "num_bnb_nodes": 1192, "num_bnb_remaining_nodes": 1, "solution": [[[0, 2, 11, 38, 61], [[], []]], [[0, 5, 61], [[], []]], [[0, 12, 7, 61], [[[7, 49]], []]], [[0, 15, 56, 24, 13, 61], [[], []]], [[0, 16, 27, 51, 23, 61], [[], []]], [[0, 19, 55, 6, 3, 61], [[], []]], [[0, 22, 48, 60, 61], [[], []]], [[0, 32, 9, 29, 31, 14, 37, 61], [[], []]], [[0, 33, 44, 59, 47, 35, 61], [[[35, 8]], []]], [[0, 39, 1, 34, 50, 28, 21, 61], [[], []]], [[0, 41, 53, 42, 52, 61], [[], []]], [[0, 45, 17, 40, 43, 25, 61], [[], []]], [[0, 54, 57, 10, 46, 61], [[], []]], [[0, 58, 18, 61], [[], []]]], "termination_status": "time limit exceeded"}