{"problem": {"name": "CVS-61-1", "datafile": "problems/ups_tw/CVS-61-1.vrp", "num_cust_nodes": 60, "num_tot_nodes": 62, "Gamma": 2, "t_range": 0.25, "Delta": 2, "d_range": 0.25, "num_drones": 2, "drone_time_multiplier": 1, "drone_cost_multiplier": 1, "flight_limit": 500, "demand_ratio": 0.75}, "timelimit": 600, "num_cpus": 4, "alg": "CG Heuristic", "tot_cg_iterations": 185, "time": 25.983969926834106, "obj": 79202.0, "tot_heu_time": 6.684986352920532, "tot_mp_time": 0.36336374282836914, "tot_sp_time": 18.050099849700928, "tot_sp1_time": 67.50058126449585, "tot_sp2_time": 0.19982075691223145, "raw_solution": [[[1.0, [0, 42, 61], [[[42, 2], 0], [[42, 18], 1], [[42, 6], 1], [[42, 11], 0], [[42, 4], 1]]], [1.0, [0, 60, 61], [[[60, 27], 0], [[60, 25], 1], [[60, 14], 0], [[60, 28], 0], [[60, 40], 0], [[60, 34], 0]]], [1.0, [0, 57, 30, 21, 61], [[[57, 17], 0], [[57, 34], 1], [[21, 2], 0]]], [1.0, [0, 55, 12, 5, 32, 61], [[[5, 13], 0]]], [1.0, [0, 29, 14, 51, 38, 61], []], [1.0, [0, 8, 50, 7, 20, 61], [[[8, 52], 0], [[20, 10], 0]]], [1.0, [0, 49, 45, 47, 19, 61], [[[49, 59], 0], [[47, 54], 0]]], [1.0, [0, 33, 16, 26, 15, 41, 61], [[[16, 52], 0], [[41, 36], 0]]], [1.0, [0, 58, 31, 53, 24, 43, 61], [[[24, 39], 0]]], [1.0, [0, 40, 48, 56, 1, 46, 23, 61], [[[46, 3], 0]]], [1.0, [0, 9, 37, 22, 44, 61], [[[44, 35], 0]]]], [[1.0, [5, 13]], [1.0, [16, 52]], [1.0, [20, 10]], [1.0, [21, 2]], [1.0, [24, 39]], [1.0, [41, 36]], [1.0, [42, 4]], [1.0, [42, 6]], [1.0, [42, 11]], [1.0, [42, 18]], [1.0, [44, 35]], [1.0, [46, 3]], [1.0, [47, 54]], [1.0, [49, 59]], [1.0, [57, 17]], [1.0, [57, 34]], [1.0, [60, 25]], [1.0, [60, 27]], [1.0, [60, 28]]]], "solution": [[[0, 42, 61], [[[42, 11]], [[42, 18], [42, 6], [42, 4]]]], [[0, 60, 61], [[[60, 27], [60, 28]], [[60, 25]]]], [[0, 57, 30, 21, 61], [[[57, 17], [21, 2]], [[57, 34]]]], [[0, 55, 12, 5, 32, 61], [[[5, 13]], []]], [[0, 29, 14, 51, 38, 61], [[], []]], [[0, 8, 50, 7, 20, 61], [[[20, 10]], []]], [[0, 49, 45, 47, 19, 61], [[[49, 59], [47, 54]], []]], [[0, 33, 16, 26, 15, 41, 61], [[[16, 52], [41, 36]], []]], [[0, 58, 31, 53, 24, 43, 61], [[[24, 39]], []]], [[0, 40, 48, 56, 1, 46, 23, 61], [[[46, 3]], []]], [[0, 9, 37, 22, 44, 61], [[[44, 35]], []]]], "tot_num_gen_cols": 1576, "tot_num_labels": 1453, "tot_num_route_fixes": 37}