{"problem": {"name": "CVS-71-8", "datafile": "problems/ups_tw/CVS-71-8.vrp", "num_cust_nodes": 70, "num_tot_nodes": 72, "Gamma": 2, "t_range": 0.25, "Delta": 2, "d_range": 0.25, "num_drones": 2, "drone_time_multiplier": 1, "drone_cost_multiplier": 1, "flight_limit": 500, "demand_ratio": 0.75}, "timelimit": 600, "num_cpus": 4, "alg": "CG Heuristic", "tot_cg_iterations": 884, "time": 604.6209754943848, "obj": 96996.0, "tot_heu_time": 293.35750007629395, "tot_mp_time": 4.828639268875122, "tot_sp_time": 291.74101638793945, "tot_sp1_time": 1114.5992367267609, "tot_sp2_time": 0.6010017395019531, "raw_solution": [[[1.0, [0, 6, 71], [[[6, 48], 0], [[6, 61], 1], [[6, 43], 1], [[6, 51], 1]]], [1.0, [0, 7, 71], [[[7, 8], 0], [[7, 24], 1], [[7, 9], 0], [[7, 35], 0], [[7, 38], 0]]], [1.0, [0, 10, 71], [[[10, 22], 0], [[10, 29], 1], [[10, 20], 0], [[10, 37], 1]]], [1.0, [0, 11, 50, 52, 30, 71], []], [1.0, [0, 57, 39, 45, 15, 27, 71], []], [1.0, [0, 69, 70, 34, 66, 26, 47, 71], []], [1.0, [0, 28, 36, 21, 54, 64, 67, 71], []], [1.0, [0, 25, 17, 60, 43, 38, 71], [[[38, 59], 0]]], [1.0, [0, 41, 56, 44, 14, 71], [[[41, 58], 0]]], [1.0, [0, 55, 4, 12, 53, 63, 49, 71], []], [1.0, [0, 3, 2, 68, 18, 65, 71], [[[3, 40], 0], [[2, 19], 0]]], [1.0, [0, 23, 22, 5, 62, 1, 71], [[[23, 31], 0]]], [1.0, [0, 42, 16, 33, 13, 71], [[[33, 46], 0], [[33, 32], 1]]]], [[1.0, [2, 19]], [1.0, [3, 40]], [1.0, [6, 48]], [1.0, [6, 51]], [1.0, [6, 61]], [1.0, [7, 8]], [1.0, [7, 9]], [1.0, [7, 24]], [1.0, [7, 35]], [1.0, [10, 20]], [1.0, [10, 29]], [1.0, [10, 37]], [1.0, [23, 31]], [1.0, [33, 32]], [1.0, [33, 46]], [1.0, [38, 59]], [1.0, [41, 58]]]], "solution": [[[0, 6, 71], [[[6, 48]], [[6, 61], [6, 51]]]], [[0, 7, 71], [[[7, 8], [7, 9], [7, 35]], [[7, 24]]]], [[0, 10, 71], [[[10, 20]], [[10, 29], [10, 37]]]], [[0, 11, 50, 52, 30, 71], [[], []]], [[0, 57, 39, 45, 15, 27, 71], [[], []]], [[0, 69, 70, 34, 66, 26, 47, 71], [[], []]], [[0, 28, 36, 21, 54, 64, 67, 71], [[], []]], [[0, 25, 17, 60, 43, 38, 71], [[[38, 59]], []]], [[0, 41, 56, 44, 14, 71], [[[41, 58]], []]], [[0, 55, 4, 12, 53, 63, 49, 71], [[], []]], [[0, 3, 2, 68, 18, 65, 71], [[[3, 40], [2, 19]], []]], [[0, 23, 22, 5, 62, 1, 71], [[[23, 31]], []]], [[0, 42, 16, 33, 13, 71], [[[33, 46]], [[33, 32]]]]], "tot_num_gen_cols": 4874, "tot_num_labels": 5232, "tot_num_route_fixes": 261}