{"problem": {"name": "CVS-61-10", "datafile": "problems/ups_tw/CVS-61-10.vrp", "num_cust_nodes": 60, "num_tot_nodes": 62, "Gamma": 2, "t_range": 0.25, "Delta": 2, "d_range": 0.25, "num_drones": 2, "drone_time_multiplier": 1, "drone_cost_multiplier": 1, "flight_limit": 500, "demand_ratio": 0.75}, "timelimit": 600, "num_cpus": 4, "alg": "MIP", "time": 600.0467064380646, "root_LP": 23795.62131884265, "obj": 106953.0, "final_gap": 0.7664304951250174, "global_lb": 24980.959254893944, "num_bnb_nodes": 1215, "num_bnb_remaining_nodes": 1, "solution": [[[0, 1, 24, 40, 53, 61], [[], []]], [[0, 3, 16, 41, 25, 61], [[], []]], [[0, 6, 2, 13, 61], [[[13, 12]], [[13, 58]]]], [[0, 7, 32, 47, 61], [[], []]], [[0, 10, 19, 49, 61], [[], []]], [[0, 14, 4, 55, 48, 34, 26, 61], [[], []]], [[0, 15, 35, 9, 61], [[], []]], [[0, 37, 18, 38, 45, 51, 61], [[[51, 28]], []]], [[0, 39, 27, 22, 61], [[[22, 20]], []]], [[0, 43, 30, 61], [[], []]], [[0, 46, 42, 61], [[[42, 23]], [[42, 21]]]], [[0, 52, 11, 59, 61], [[[59, 29]], []]], [[0, 57, 50, 8, 61], [[[8, 31]], []]]], "termination_status": "time limit exceeded"}