{"problem": {"name": "CVS-91-3", "datafile": "problems/ups_tw/CVS-91-3.vrp", "num_cust_nodes": 90, "num_tot_nodes": 92, "Gamma": 2, "t_range": 0.25, "Delta": 2, "d_range": 0.25, "num_drones": 2, "drone_time_multiplier": 1, "drone_cost_multiplier": 1, "flight_limit": 500, "demand_ratio": 0.75}, "timelimit": 600, "num_cpus": 4, "alg": "MIP", "time": 600.2209715843201, "root_LP": 26906.297926473562, "obj": 219050.0, "final_gap": 0.8771682358983172, "global_lb": 26906.297926473562, "num_bnb_nodes": 0, "num_bnb_remaining_nodes": 1, "solution": [[[0, 2, 70, 36, 68, 91], [[], []]], [[0, 6, 91], [[], []]], [[0, 7, 69, 47, 60, 91], [[], []]], [[0, 9, 49, 42, 91], [[], []]], [[0, 13, 50, 91], [[], []]], [[0, 14, 58, 48, 91], [[], []]], [[0, 15, 21, 91], [[], []]], [[0, 16, 91], [[], []]], [[0, 22, 8, 61, 91], [[], []]], [[0, 23, 44, 64, 91], [[], []]], [[0, 24, 91], [[], []]], [[0, 25, 28, 79, 91], [[], []]], [[0, 27, 89, 91], [[], []]], [[0, 29, 91], [[], []]], [[0, 30, 62, 19, 91], [[], []]], [[0, 31, 87, 80, 78, 91], [[], []]], [[0, 34, 10, 12, 32, 91], [[], []]], [[0, 35, 55, 85, 53, 91], [[], []]], [[0, 39, 37, 74, 91], [[], []]], [[0, 43, 18, 86, 45, 91], [[], []]], [[0, 46, 52, 81, 91], [[], []]], [[0, 51, 4, 91], [[], []]], [[0, 56, 91], [[], []]], [[0, 57, 91], [[], []]], [[0, 59, 33, 77, 91], [[], []]], [[0, 63, 91], [[], []]], [[0, 65, 90, 83, 40, 91], [[], []]], [[0, 66, 5, 41, 38, 91], [[], []]], [[0, 67, 91], [[], []]], [[0, 71, 1, 26, 91], [[], []]], [[0, 73, 76, 11, 91], [[], []]], [[0, 75, 91], [[], []]], [[0, 82, 20, 3, 91], [[], []]], [[0, 84, 91], [[], []]], [[0, 88, 17, 91], [[], []]]], "termination_status": "time limit exceeded"}