{"problem": {"name": "CVS-81-4", "datafile": "problems/ups_tw/CVS-81-4.vrp", "num_cust_nodes": 80, "num_tot_nodes": 82, "Gamma": 2, "t_range": 0.25, "Delta": 2, "d_range": 0.25, "num_drones": 2, "drone_time_multiplier": 1, "drone_cost_multiplier": 1, "flight_limit": 500, "demand_ratio": 0.75}, "timelimit": 600, "num_cpus": 4, "alg": "CG Heuristic", "tot_cg_iterations": 441, "time": 603.6706554889679, "obj": 102880.0, "tot_heu_time": 228.19301986694336, "tot_mp_time": 2.749997615814209, "tot_sp_time": 366.87568831443787, "tot_sp1_time": 1407.4285311698914, "tot_sp2_time": 0.4035015106201172, "raw_solution": [[[1.0, [0, 35, 81], [[[35, 42], 0], [[35, 10], 1], [[35, 46], 1], [[35, 8], 0], [[35, 21], 1], [[35, 49], 0]]], [1.0, [0, 69, 81], [[[69, 11], 0], [[69, 13], 1], [[69, 5], 0], [[69, 2], 1], [[69, 18], 1], [[69, 30], 0]]], [1.0, [0, 7, 20, 23, 80, 55, 28, 81], [[[23, 63], 0]]], [1.0, [0, 9, 14, 24, 68, 66, 81], []], [1.0, [0, 59, 11, 64, 31, 13, 2, 81], []], [1.0, [0, 48, 44, 57, 5, 60, 34, 18, 61, 81], [[[18, 56], 0]]], [1.0, [0, 75, 53, 77, 37, 81], [[[75, 40], 0], [[53, 39], 0], [[77, 18], 0]]], [1.0, [0, 47, 12, 65, 63, 41, 81], [[[12, 27], 0]]], [1.0, [0, 52, 38, 32, 70, 74, 25, 81], [[[32, 6], 0]]], [1.0, [0, 54, 72, 16, 39, 50, 76, 81], [[[16, 67], 0]]], [1.0, [0, 79, 36, 58, 73, 51, 81], []], [1.0, [0, 19, 45, 71, 26, 22, 81], [[[22, 17], 0]]], [1.0, [0, 15, 43, 1, 4, 33, 81], []], [1.0, [0, 29, 62, 78, 81], [[[62, 3], 0], [[78, 21], 0]]]], [[1.0, [12, 27]], [1.0, [16, 67]], [1.0, [18, 56]], [1.0, [22, 17]], [1.0, [32, 6]], [1.0, [35, 8]], [1.0, [35, 10]], [1.0, [35, 42]], [1.0, [35, 46]], [1.0, [35, 49]], [1.0, [62, 3]], [1.0, [69, 30]], [1.0, [75, 40]], [1.0, [78, 21]]]], "solution": [[[0, 35, 81], [[[35, 42], [35, 8], [35, 49]], [[35, 10], [35, 46]]]], [[0, 69, 81], [[[69, 30]], []]], [[0, 7, 20, 23, 80, 55, 28, 81], [[], []]], [[0, 9, 14, 24, 68, 66, 81], [[], []]], [[0, 59, 11, 64, 31, 13, 2, 81], [[], []]], [[0, 48, 44, 57, 5, 60, 34, 18, 61, 81], [[[18, 56]], []]], [[0, 75, 53, 77, 37, 81], [[[75, 40]], []]], [[0, 47, 12, 65, 63, 41, 81], [[[12, 27]], []]], [[0, 52, 38, 32, 70, 74, 25, 81], [[[32, 6]], []]], [[0, 54, 72, 16, 39, 50, 76, 81], [[[16, 67]], []]], [[0, 79, 36, 58, 73, 51, 81], [[], []]], [[0, 19, 45, 71, 26, 22, 81], [[[22, 17]], []]], [[0, 15, 43, 1, 4, 33, 81], [[], []]], [[0, 29, 62, 78, 81], [[[62, 3], [78, 21]], []]]], "tot_num_gen_cols": 4109, "tot_num_labels": 4586, "tot_num_route_fixes": 112}