{"problem": {"name": "CVS-41-8", "datafile": "problems/ups_tw/CVS-41-8.vrp", "num_cust_nodes": 40, "num_tot_nodes": 42, "Gamma": 2, "t_range": 0.25, "Delta": 2, "d_range": 0.25, "num_drones": 2, "drone_time_multiplier": 1, "drone_cost_multiplier": 1, "flight_limit": 500, "demand_ratio": 0.75}, "timelimit": 600, "num_cpus": 4, "alg": "MIP", "time": 600.022483587265, "root_LP": 24319.71602633833, "obj": 55064.0, "final_gap": 0.5212719295220289, "global_lb": 26360.682472798944, "num_bnb_nodes": 41789, "num_bnb_remaining_nodes": 39976, "solution": [[[0, 1, 22, 41], [[], [[22, 5], [22, 4], [22, 12]]]], [[0, 2, 3, 18, 41], [[[18, 11]], []]], [[0, 17, 19, 41], [[], [[19, 23], [19, 31]]]], [[0, 26, 10, 35, 41], [[], []]], [[0, 34, 29, 36, 28, 41], [[[28, 6]], []]], [[0, 38, 41], [[[38, 8]], [[38, 9]]]], [[0, 39, 7, 27, 41], [[[27, 24]], []]], [[0, 40, 33, 13, 41], [[], []]]], "termination_status": "time limit exceeded"}