{"problem": {"name": "CVS-71-10", "datafile": "problems/ups_tw/CVS-71-10.vrp", "num_cust_nodes": 70, "num_tot_nodes": 72, "Gamma": 2, "t_range": 0.25, "Delta": 2, "d_range": 0.25, "num_drones": 2, "drone_time_multiplier": 1, "drone_cost_multiplier": 1, "flight_limit": 500, "demand_ratio": 0.75}, "timelimit": 600, "num_cpus": 4, "alg": "CG Heuristic", "tot_cg_iterations": 319, "time": 624.8028290271759, "obj": 95331.0, "tot_heu_time": 515.2694416046143, "tot_mp_time": 0.8572597503662109, "tot_sp_time": 105.66277241706848, "tot_sp1_time": 409.5562720298767, "tot_sp2_time": 0.21293377876281738, "raw_solution": [[[1.0, [0, 12, 71], [[[12, 23], 0], [[12, 21], 1], [[12, 2], 0], [[12, 15], 0], [[12, 29], 0], [[12, 37], 0]]], [1.0, [0, 44, 71], [[[44, 14], 0], [[44, 17], 1], [[44, 69], 1], [[44, 4], 1]]], [1.0, [0, 4, 69, 62, 55, 61, 48, 11, 59, 71], []], [1.0, [0, 58, 13, 42, 68, 67, 21, 71], [[[68, 7], 0]]], [1.0, [0, 40, 24, 19, 28, 71], []], [1.0, [0, 8, 50, 16, 34, 57, 26, 52, 71], []], [1.0, [0, 22, 27, 39, 65, 20, 25, 3, 71], [[[39, 8], 0]]], [1.0, [0, 47, 46, 32, 63, 71], [[[47, 7], 0], [[63, 6], 0]]], [1.0, [0, 9, 35, 53, 30, 71], [[[30, 54], 0]]], [1.0, [0, 51, 45, 66, 18, 71], [[[66, 64], 0]]], [1.0, [0, 29, 33, 43, 60, 5, 71], [[[29, 15], 0]]], [1.0, [0, 38, 10, 1, 49, 71], []], [1.0, [0, 41, 36, 56, 31, 70, 71], [[[70, 55], 0]]]], [[1.0, [12, 2]], [1.0, [12, 23]], [1.0, [12, 37]], [1.0, [29, 15]], [1.0, [30, 54]], [1.0, [44, 14]], [1.0, [44, 17]], [1.0, [47, 7]], [1.0, [63, 6]], [1.0, [66, 64]]]], "solution": [[[0, 12, 71], [[[12, 23], [12, 2], [12, 37]], []]], [[0, 44, 71], [[[44, 14]], [[44, 17]]]], [[0, 4, 69, 62, 55, 61, 48, 11, 59, 71], [[], []]], [[0, 58, 13, 42, 68, 67, 21, 71], [[], []]], [[0, 40, 24, 19, 28, 71], [[], []]], [[0, 8, 50, 16, 34, 57, 26, 52, 71], [[], []]], [[0, 22, 27, 39, 65, 20, 25, 3, 71], [[], []]], [[0, 47, 46, 32, 63, 71], [[[47, 7], [63, 6]], []]], [[0, 9, 35, 53, 30, 71], [[[30, 54]], []]], [[0, 51, 45, 66, 18, 71], [[[66, 64]], []]], [[0, 29, 33, 43, 60, 5, 71], [[[29, 15]], []]], [[0, 38, 10, 1, 49, 71], [[], []]], [[0, 41, 36, 56, 31, 70, 71], [[], []]]], "tot_num_gen_cols": 2635, "tot_num_labels": 2590, "tot_num_route_fixes": 67}