{"problem": {"name": "CVS-91-1", "datafile": "problems/ups_tw/CVS-91-1.vrp", "num_cust_nodes": 90, "num_tot_nodes": 92, "Gamma": 2, "t_range": 0.25, "Delta": 2, "d_range": 0.25, "num_drones": 2, "drone_time_multiplier": 1, "drone_cost_multiplier": 1, "flight_limit": 500, "demand_ratio": 0.75}, "timelimit": 600, "num_cpus": 4, "alg": "MIP", "time": 600.1052775382996, "root_LP": 48750.04482697976, "obj": 249000.0, "final_gap": 0.8042166874418485, "global_lb": 48750.044826979654, "num_bnb_nodes": 0, "num_bnb_remaining_nodes": 1, "solution": [[[0, 2, 43, 91], [[], []]], [[0, 3, 91], [[], []]], [[0, 5, 55, 91], [[], []]], [[0, 6, 91], [[], []]], [[0, 9, 54, 91], [[], []]], [[0, 10, 79, 91], [[], []]], [[0, 11, 1, 91], [[], []]], [[0, 12, 91], [[], []]], [[0, 15, 41, 91], [[], []]], [[0, 16, 73, 91], [[], []]], [[0, 17, 91], [[], []]], [[0, 19, 91], [[], []]], [[0, 20, 68, 8, 91], [[[8, 33]], []]], [[0, 21, 91], [[], []]], [[0, 24, 74, 70, 91], [[], []]], [[0, 26, 36, 83, 91], [[], []]], [[0, 28, 29, 38, 27, 91], [[], []]], [[0, 32, 56, 23, 46, 89, 91], [[], []]], [[0, 34, 91], [[], []]], [[0, 35, 91], [[], []]], [[0, 39, 91], [[], []]], [[0, 40, 91], [[], []]], [[0, 45, 91], [[], []]], [[0, 51, 14, 75, 91], [[], []]], [[0, 52, 88, 91], [[], []]], [[0, 58, 31, 53, 91], [[], []]], [[0, 59, 49, 91], [[], []]], [[0, 63, 91], [[], []]], [[0, 65, 13, 64, 91], [[], []]], [[0, 66, 91], [[], []]], [[0, 67, 91], [[[67, 48]], []]], [[0, 69, 18, 42, 22, 37, 91], [[], []]], [[0, 72, 71, 62, 7, 50, 91], [[], []]], [[0, 76, 30, 57, 91], [[], []]], [[0, 77, 44, 91], [[], [[44, 4]]]], [[0, 78, 61, 91], [[], []]], [[0, 80, 91], [[], []]], [[0, 81, 86, 47, 91], [[], []]], [[0, 82, 60, 25, 91], [[], []]], [[0, 87, 91], [[], []]]], "termination_status": "time limit exceeded"}