{"problem": {"name": "CVS-71-7", "datafile": "problems/ups_tw/CVS-71-7.vrp", "num_cust_nodes": 70, "num_tot_nodes": 72, "Gamma": 2, "t_range": 0.25, "Delta": 2, "d_range": 0.25, "num_drones": 2, "drone_time_multiplier": 1, "drone_cost_multiplier": 1, "flight_limit": 500, "demand_ratio": 0.75}, "timelimit": 600, "num_cpus": 4, "alg": "CG Heuristic", "tot_cg_iterations": 514, "time": 168.6230878829956, "obj": 104562.0, "tot_heu_time": 108.46617674827576, "tot_mp_time": 2.1218512058258057, "tot_sp_time": 50.95859718322754, "tot_sp1_time": 172.31992721557617, "tot_sp2_time": 7.12907338142395, "raw_solution": [[[1.0, [0, 7, 71], [[[7, 31], 0], [[7, 36], 1], [[7, 24], 0], [[7, 21], 1], [[7, 30], 0]]], [1.0, [0, 13, 71], [[[13, 62], 0], [[13, 34], 1], [[13, 52], 0]]], [1.0, [0, 32, 71], [[[32, 22], 0], [[32, 17], 1], [[32, 12], 1], [[32, 16], 1], [[32, 39], 0]]], [1.0, [0, 42, 71], [[[42, 18], 0]]], [1.0, [0, 48, 8, 54, 71], [[[48, 37], 0], [[48, 40], 1], [[8, 63], 0]]], [1.0, [0, 53, 3, 69, 65, 71], [[[65, 1], 0]]], [1.0, [0, 68, 38, 9, 70, 16, 71], [[[68, 22], 0]]], [1.0, [0, 11, 59, 33, 5, 35, 71], [[[35, 23], 0]]], [1.0, [0, 61, 47, 2, 40, 25, 71], [[[25, 26], 0]]], [1.0, [0, 1, 67, 44, 66, 28, 27, 71], [[[28, 10], 0]]], [1.0, [0, 6, 29, 57, 15, 71], [[[29, 14], 0]]], [1.0, [0, 19, 43, 58, 71], [[[58, 21], 0], [[58, 64], 1], [[58, 50], 1]]], [1.0, [0, 46, 60, 4, 71], [[[46, 51], 0], [[60, 49], 0], [[4, 56], 0]]], [1.0, [0, 20, 55, 36, 45, 71], [[[45, 41], 0]]]], [[1.0, [4, 56]], [1.0, [7, 24]], [1.0, [7, 30]], [1.0, [7, 31]], [1.0, [8, 63]], [1.0, [13, 34]], [1.0, [13, 52]], [1.0, [13, 62]], [1.0, [25, 26]], [1.0, [28, 10]], [1.0, [29, 14]], [1.0, [32, 12]], [1.0, [32, 17]], [1.0, [32, 39]], [1.0, [35, 23]], [1.0, [42, 18]], [1.0, [45, 41]], [1.0, [46, 51]], [1.0, [48, 37]], [1.0, [58, 21]], [1.0, [58, 50]], [1.0, [58, 64]], [1.0, [60, 49]], [1.0, [68, 22]]]], "solution": [[[0, 7, 71], [[[7, 31], [7, 24], [7, 30]], []]], [[0, 13, 71], [[[13, 62], [13, 52]], [[13, 34]]]], [[0, 32, 71], [[[32, 39]], [[32, 17], [32, 12]]]], [[0, 42, 71], [[[42, 18]], []]], [[0, 48, 8, 54, 71], [[[48, 37], [8, 63]], []]], [[0, 53, 3, 69, 65, 71], [[], []]], [[0, 68, 38, 9, 70, 16, 71], [[[68, 22]], []]], [[0, 11, 59, 33, 5, 35, 71], [[[35, 23]], []]], [[0, 61, 47, 2, 40, 25, 71], [[[25, 26]], []]], [[0, 1, 67, 44, 66, 28, 27, 71], [[[28, 10]], []]], [[0, 6, 29, 57, 15, 71], [[[29, 14]], []]], [[0, 19, 43, 58, 71], [[[58, 21]], [[58, 64], [58, 50]]]], [[0, 46, 60, 4, 71], [[[46, 51], [60, 49], [4, 56]], []]], [[0, 20, 55, 36, 45, 71], [[[45, 41]], []]]], "tot_num_gen_cols": 1628, "tot_num_labels": 1180, "tot_num_route_fixes": 262}