{"problem": {"name": "CVS-51-10", "datafile": "problems/ups_tw/CVS-51-10.vrp", "num_cust_nodes": 50, "num_tot_nodes": 52, "Gamma": 2, "t_range": 0.25, "Delta": 2, "d_range": 0.25, "num_drones": 2, "drone_time_multiplier": 1, "drone_cost_multiplier": 1, "flight_limit": 500, "demand_ratio": 0.75}, "timelimit": 600, "num_cpus": 4, "alg": "MIP", "time": 600.039567232132, "root_LP": 31276.893569461114, "obj": 83779.0, "final_gap": 0.6015031170920789, "global_lb": 33385.670353142654, "num_bnb_nodes": 3239, "num_bnb_remaining_nodes": 1920, "solution": [[[0, 11, 9, 35, 40, 24, 29, 51], [[], []]], [[0, 14, 4, 44, 51], [[], []]], [[0, 18, 38, 37, 12, 51], [[], [[12, 15]]]], [[0, 19, 10, 51], [[[10, 43]], []]], [[0, 27, 22, 26, 48, 51], [[], []]], [[0, 28, 45, 51], [[], []]], [[0, 30, 33, 47, 51], [[], [[47, 6]]]], [[0, 31, 34, 3, 51], [[], []]], [[0, 32, 46, 13, 51], [[[13, 42], [13, 21], [13, 2]], []]], [[0, 39, 16, 41, 51], [[], [[41, 36], [41, 20]]]]], "termination_status": "time limit exceeded"}