{"problem": {"name": "CVS-81-10", "datafile": "problems/ups_tw/CVS-81-10.vrp", "num_cust_nodes": 80, "num_tot_nodes": 82, "Gamma": 2, "t_range": 0.25, "Delta": 2, "d_range": 0.25, "num_drones": 2, "drone_time_multiplier": 1, "drone_cost_multiplier": 1, "flight_limit": 500, "demand_ratio": 0.75}, "timelimit": 600, "num_cpus": 4, "alg": "MIP", "time": 600.2374839782715, "root_LP": 26147.240314783863, "obj": 140515.0, "final_gap": 0.7982075541543177, "global_lb": 28354.865528005994, "num_bnb_nodes": 1247, "num_bnb_remaining_nodes": 1, "solution": [[[0, 5, 60, 43, 81], [[], []]], [[0, 16, 41, 20, 25, 31, 81], [[], []]], [[0, 26, 34, 81], [[], []]], [[0, 27, 39, 65, 81], [[[65, 22]], []]], [[0, 29, 9, 35, 81], [[], [[35, 33]]]], [[0, 30, 1, 24, 80, 81], [[[80, 40]], []]], [[0, 37, 12, 23, 81], [[], []]], [[0, 42, 13, 19, 81], [[], [[19, 10]]]], [[0, 47, 7, 76, 63, 28, 81], [[], []]], [[0, 48, 8, 50, 77, 56, 81], [[], []]], [[0, 53, 3, 70, 57, 52, 81], [[], []]], [[0, 64, 32, 51, 81], [[[51, 66]], []]], [[0, 67, 6, 21, 68, 81], [[], []]], [[0, 69, 14, 62, 81], [[], []]], [[0, 71, 59, 11, 72, 81], [[], []]], [[0, 75, 73, 58, 81], [[], []]], [[0, 78, 38, 18, 45, 81], [[], []]], [[0, 79, 36, 4, 55, 61, 81], [[], []]]], "termination_status": "time limit exceeded"}