{"problem": {"name": "CVS-41-7", "datafile": "problems/ups_tw/CVS-41-7.vrp", "num_cust_nodes": 40, "num_tot_nodes": 42, "Gamma": 2, "t_range": 0.25, "Delta": 2, "d_range": 0.25, "num_drones": 2, "drone_time_multiplier": 1, "drone_cost_multiplier": 1, "flight_limit": 500, "demand_ratio": 0.75}, "timelimit": 600, "num_cpus": 4, "alg": "CG Heuristic", "tot_cg_iterations": 310, "time": 13.349876880645752, "obj": 65276.0, "tot_heu_time": 4.20008111000061, "tot_mp_time": 0.21412158012390137, "tot_sp_time": 7.759156703948975, "tot_sp1_time": 29.7353675365448, "tot_sp2_time": 0.04322314262390137, "raw_solution": [[[1.0, [0, 13, 41], [[[13, 34], 0], [[13, 26], 1], [[13, 25], 0], [[13, 19], 1]]], [1.0, [0, 22, 3, 39, 41], [[[22, 1], 0]]], [1.0, [0, 29, 18, 6, 11, 23, 41], [[[11, 2], 0]]], [1.0, [0, 36, 24, 7, 10, 21, 41], [[[7, 30], 0]]], [1.0, [0, 32, 38, 9, 17, 16, 41], [[[38, 12], 0]]], [1.0, [0, 20, 37, 41], [[[37, 5], 0], [[37, 8], 1], [[37, 40], 1]]], [1.0, [0, 33, 35, 14, 15, 41], [[[33, 29], 0]]], [1.0, [0, 28, 4, 27, 41], [[[28, 31], 0]]]], [[1.0, [7, 30]], [1.0, [11, 2]], [1.0, [13, 19]], [1.0, [13, 25]], [1.0, [13, 26]], [1.0, [13, 34]], [1.0, [22, 1]], [1.0, [28, 31]], [1.0, [37, 5]], [1.0, [37, 8]], [1.0, [37, 40]], [1.0, [38, 12]]]], "solution": [[[0, 13, 41], [[[13, 34], [13, 25]], [[13, 26], [13, 19]]]], [[0, 22, 3, 39, 41], [[[22, 1]], []]], [[0, 29, 18, 6, 11, 23, 41], [[[11, 2]], []]], [[0, 36, 24, 7, 10, 21, 41], [[[7, 30]], []]], [[0, 32, 38, 9, 17, 16, 41], [[[38, 12]], []]], [[0, 20, 37, 41], [[[37, 5]], [[37, 8], [37, 40]]]], [[0, 33, 35, 14, 15, 41], [[], []]], [[0, 28, 4, 27, 41], [[[28, 31]], []]]], "tot_num_gen_cols": 1294, "tot_num_labels": 1320, "tot_num_route_fixes": 101}