{"problem": {"name": "CVS-61-4", "datafile": "problems/ups_tw/CVS-61-4.vrp", "num_cust_nodes": 60, "num_tot_nodes": 62, "Gamma": 2, "t_range": 0.25, "Delta": 2, "d_range": 0.25, "num_drones": 2, "drone_time_multiplier": 1, "drone_cost_multiplier": 1, "flight_limit": 500, "demand_ratio": 0.75}, "timelimit": 600, "num_cpus": 4, "alg": "MIP", "time": 600.1312522888184, "root_LP": 28904.75168067227, "obj": 89550.0, "final_gap": 0.6624852345325835, "global_lb": 30224.44724760708, "num_bnb_nodes": 1495, "num_bnb_remaining_nodes": 256, "solution": [[[0, 7, 28, 55, 4, 61], [[], []]], [[0, 24, 10, 14, 9, 61], [[], []]], [[0, 27, 22, 19, 61], [[], []]], [[0, 31, 11, 48, 5, 61], [[], []]], [[0, 36, 25, 6, 32, 61], [[], []]], [[0, 41, 43, 1, 12, 61], [[], []]], [[0, 42, 3, 21, 61], [[], []]], [[0, 44, 57, 2, 13, 61], [[[13, 40]], []]], [[0, 49, 35, 61], [[[35, 46]], [[35, 29]]]], [[0, 50, 18, 34, 60, 61], [[], []]], [[0, 54, 39, 30, 61], [[], []]], [[0, 58, 51, 26, 61], [[], []]]], "termination_status": "time limit exceeded"}