{"problem": {"name": "CVS-91-8", "datafile": "problems/ups_tw/CVS-91-8.vrp", "num_cust_nodes": 90, "num_tot_nodes": 92, "Gamma": 2, "t_range": 0.25, "Delta": 2, "d_range": 0.25, "num_drones": 2, "drone_time_multiplier": 1, "drone_cost_multiplier": 1, "flight_limit": 500, "demand_ratio": 0.75}, "timelimit": 600, "num_cpus": 4, "alg": "CG Heuristic", "tot_cg_iterations": 794, "time": 606.243804693222, "obj": 119441.99999981199, "tot_heu_time": 431.9740746021271, "tot_mp_time": 7.912120580673218, "tot_sp_time": 154.0977463722229, "tot_sp1_time": 451.84473943710327, "tot_sp2_time": 77.98142409324646, "raw_solution": [[[1.0, [0, 27, 91], [[[27, 7], 0], [[27, 24], 1], [[27, 15], 0], [[27, 9], 1], [[27, 8], 0], [[27, 1], 1]]], [1.0, [0, 46, 91], [[[46, 31], 0], [[46, 16], 1], [[46, 33], 0], [[46, 19], 1], [[46, 2], 0]]], [1.0, [0, 60, 91], [[[60, 11], 0], [[60, 30], 1], [[60, 17], 1], [[60, 25], 0], [[60, 50], 0], [[60, 52], 1]]], [1.0, [0, 70, 91], [[[70, 37], 0], [[70, 58], 1], [[70, 34], 0], [[70, 21], 1], [[70, 20], 1], [[70, 26], 0]]], [1.0, [0, 64, 54, 91], [[[64, 75], 0], [[64, 90], 1], [[64, 77], 1], [[64, 85], 1]]], [1.0, [0, 14, 51, 56, 44, 91], [[[14, 36], 0]]], [1.0, [0, 42, 32, 13, 72, 91], [[[42, 87], 0]]], [1.0, [0, 69, 10, 47, 66, 91], [[[66, 41], 0], [[66, 67], 1]]], [1.0, [0, 83, 20, 35, 76, 91], [[[76, 43], 0], [[76, 49], 1]]], [1.0, [0, 23, 68, 65, 18, 91], [[[18, 84], 0]]], [1.0, [0, 73, 63, 88, 55, 91], [[[55, 74], 0]]], [1.0, [0, 6, 61, 28, 91], [[[6, 82], 0], [[61, 48], 0]]], [1.0, [0, 3, 89, 71, 79, 91], [[[89, 40], 0], [[89, 81], 1]]], [1.0, [0, 38, 86, 9, 91], [[[86, 49], 0], [[86, 39], 1]]], [1.0, [0, 53, 12, 5, 62, 22, 91], [[[22, 4], 0], [[22, 45], 1]]], [1.0, [0, 57, 59, 49, 91], [[[49, 8], 0], [[49, 43], 1]]], [1.0, [0, 34, 29, 41, 85, 75, 78, 80, 91], [[[75, 67], 0]]]], [[1.0, [6, 82]], [1.0, [14, 36]], [1.0, [18, 84]], [1.0, [22, 4]], [1.0, [22, 45]], [1.0, [27, 1]], [1.0, [27, 7]], [1.0, [27, 15]], [1.0, [27, 24]], [1.0, [42, 87]], [1.0, [46, 2]], [1.0, [46, 16]], [1.0, [46, 19]], [1.0, [46, 31]], [1.0, [46, 33]], [1.0, [49, 8]], [1.0, [55, 74]], [1.0, [60, 11]], [1.0, [60, 17]], [1.0, [60, 25]], [1.0, [60, 30]], [1.0, [60, 50]], [1.0, [60, 52]], [1.0, [61, 48]], [1.0, [64, 77]], [1.0, [64, 90]], [1.0, [70, 21]], [1.0, [70, 26]], [1.0, [70, 37]], [1.0, [70, 58]], [1.0, [75, 67]], [1.000000001, [76, 43]], [1.0, [86, 39]], [1.0, [89, 40]], [1.0, [89, 81]]]], "solution": [[[0, 27, 91], [[[27, 7], [27, 15]], [[27, 24], [27, 1]]]], [[0, 46, 91], [[[46, 31], [46, 33], [46, 2]], [[46, 16], [46, 19]]]], [[0, 60, 91], [[[60, 11], [60, 25], [60, 50]], [[60, 30], [60, 17], [60, 52]]]], [[0, 70, 91], [[[70, 37], [70, 26]], [[70, 58], [70, 21]]]], [[0, 64, 54, 91], [[], [[64, 90], [64, 77]]]], [[0, 14, 51, 56, 44, 91], [[[14, 36]], []]], [[0, 42, 32, 13, 72, 91], [[[42, 87]], []]], [[0, 69, 10, 47, 66, 91], [[], []]], [[0, 83, 20, 35, 76, 91], [[[76, 43]], []]], [[0, 23, 68, 65, 18, 91], [[[18, 84]], []]], [[0, 73, 63, 88, 55, 91], [[[55, 74]], []]], [[0, 6, 61, 28, 91], [[[6, 82], [61, 48]], []]], [[0, 3, 89, 71, 79, 91], [[[89, 40]], [[89, 81]]]], [[0, 38, 86, 9, 91], [[], [[86, 39]]]], [[0, 53, 12, 5, 62, 22, 91], [[[22, 4]], [[22, 45]]]], [[0, 57, 59, 49, 91], [[[49, 8]], []]], [[0, 34, 29, 41, 85, 75, 78, 80, 91], [[[75, 67]], []]]], "tot_num_gen_cols": 3188, "tot_num_labels": 3153, "tot_num_route_fixes": 290}