{"problem": {"name": "CVS-61-9", "datafile": "problems/ups_tw/CVS-61-9.vrp", "num_cust_nodes": 60, "num_tot_nodes": 62, "Gamma": 2, "t_range": 0.25, "Delta": 2, "d_range": 0.25, "num_drones": 2, "drone_time_multiplier": 1, "drone_cost_multiplier": 1, "flight_limit": 500, "demand_ratio": 0.75}, "timelimit": 600, "num_cpus": 4, "alg": "MIP", "time": 600.1433162689209, "root_LP": 24222.060233833196, "obj": 94472.0, "final_gap": 0.7279283933477368, "global_lb": 25703.148823652526, "num_bnb_nodes": 1224, "num_bnb_remaining_nodes": 8, "solution": [[[0, 15, 24, 43, 46, 61], [[], []]], [[0, 17, 7, 41, 61], [[[41, 58]], []]], [[0, 19, 28, 61], [[[28, 37]], []]], [[0, 23, 1, 39, 61], [[], []]], [[0, 26, 59, 61], [[], []]], [[0, 35, 12, 16, 4, 61], [[], []]], [[0, 40, 5, 21, 27, 42, 61], [[], []]], [[0, 44, 20, 61], [[], []]], [[0, 48, 54, 61], [[], [[54, 8]]]], [[0, 52, 33, 61], [[[33, 49]], [[33, 2]]]], [[0, 53, 30, 38, 61], [[], []]], [[0, 56, 29, 61], [[], []]], [[0, 57, 50, 36, 55, 61], [[], []]], [[0, 60, 61], [[], [[60, 13], [60, 34], [60, 18]]]]], "termination_status": "time limit exceeded"}