{"problem": {"name": "CVS-71-1", "datafile": "problems/ups_tw/CVS-71-1.vrp", "num_cust_nodes": 70, "num_tot_nodes": 72, "Gamma": 2, "t_range": 0.25, "Delta": 2, "d_range": 0.25, "num_drones": 2, "drone_time_multiplier": 1, "drone_cost_multiplier": 1, "flight_limit": 500, "demand_ratio": 0.75}, "timelimit": 600, "num_cpus": 4, "alg": "CG Heuristic", "tot_cg_iterations": 178, "time": 29.30728268623352, "obj": 101494.0, "tot_heu_time": 9.52554726600647, "tot_mp_time": 0.44635891914367676, "tot_sp_time": 18.158756256103516, "tot_sp1_time": 67.79692125320435, "tot_sp2_time": 0.9537332057952881, "raw_solution": [[[1.0, [0, 7, 71], [[[7, 50], 0], [[7, 62], 1], [[7, 68], 1]]], [1.0, [0, 60, 71], [[[60, 28], 0], [[60, 32], 1], [[60, 27], 1], [[60, 25], 0]]], [1.0, [0, 33, 10, 36, 59, 71], []], [1.0, [0, 48, 67, 56, 40, 42, 6, 71], [[[56, 3], 0]]], [1.0, [0, 13, 64, 65, 71], [[[65, 20], 0]]], [1.0, [0, 51, 38, 29, 27, 71], [[[51, 14], 0]]], [1.0, [0, 8, 52, 16, 71], [[[16, 26], 0]]], [1.0, [0, 46, 23, 1, 11, 71], [[[11, 35], 0], [[11, 18], 1]]], [1.0, [0, 12, 5, 55, 71], [[[5, 59], 0], [[55, 63], 0], [[55, 19], 1]]], [1.0, [0, 47, 34, 17, 37, 71], [[[37, 39], 0]]], [1.0, [0, 53, 21, 24, 70, 58, 69, 71], []], [1.0, [0, 45, 49, 41, 15, 71], [[[45, 61], 0]]], [1.0, [0, 54, 9, 30, 57, 71], [[[30, 19], 0], [[57, 66], 0]]], [1.0, [0, 44, 22, 2, 43, 4, 71], [[[44, 31], 0]]]], [[1.0, [7, 50]], [1.0, [7, 62]], [1.0, [7, 68]], [1.0, [11, 18]], [1.0, [11, 35]], [1.0, [16, 26]], [1.0, [30, 19]], [1.0, [37, 39]], [1.0, [44, 31]], [1.0, [45, 61]], [1.0, [51, 14]], [1.0, [55, 63]], [1.0, [56, 3]], [1.0, [57, 66]], [1.0, [60, 25]], [1.0, [60, 28]], [1.0, [60, 32]], [1.0, [65, 20]]]], "solution": [[[0, 7, 71], [[[7, 50]], [[7, 62], [7, 68]]]], [[0, 60, 71], [[[60, 28], [60, 25]], [[60, 32]]]], [[0, 33, 10, 36, 59, 71], [[], []]], [[0, 48, 67, 56, 40, 42, 6, 71], [[[56, 3]], []]], [[0, 13, 64, 65, 71], [[[65, 20]], []]], [[0, 51, 38, 29, 27, 71], [[[51, 14]], []]], [[0, 8, 52, 16, 71], [[[16, 26]], []]], [[0, 46, 23, 1, 11, 71], [[[11, 35]], [[11, 18]]]], [[0, 12, 5, 55, 71], [[[55, 63]], []]], [[0, 47, 34, 17, 37, 71], [[[37, 39]], []]], [[0, 53, 21, 24, 70, 58, 69, 71], [[], []]], [[0, 45, 49, 41, 15, 71], [[[45, 61]], []]], [[0, 54, 9, 30, 57, 71], [[[30, 19], [57, 66]], []]], [[0, 44, 22, 2, 43, 4, 71], [[[44, 31]], []]]], "tot_num_gen_cols": 1155, "tot_num_labels": 885, "tot_num_route_fixes": 53}