{"problem": {"name": "CVS-21-4", "datafile": "problems/ups_tw/CVS-21-4.vrp", "num_cust_nodes": 20, "num_tot_nodes": 22, "Gamma": 1, "t_range": 0.25, "Delta": 1, "d_range": 0.25, "num_drones": 2, "drone_time_multiplier": 1, "drone_cost_multiplier": 1, "flight_limit": 500, "demand_ratio": 0.75}, "timelimit": 3600, "num_cpus": 4, "alg": "BnP", "root_LP": 40285.66666666667, "tot_cg_iterations": 101, "global_lb": 41104.66666666667, "time": 29.425064086914062, "obj": 41109.999999999985, "tot_mp_time": 0.07209634780883789, "tot_sp_time": 28.451767683029175, "tot_sp_heu1_time": 8.404799938201904, "tot_sp_heu2_time": 12.961323976516724, "tot_sp_exact_time": 7.063855409622192, "tot_num_sp_heu1": 101, "tot_num_sp_heu2": 77, "tot_num_sp_exact": 34, "tot_sp1_time": 64.93429565429688, "tot_sp2_time": 37.88279438018799, "tot_heu_time": 0.7613599300384521, "raw_solution": [[[1.0, [0, 18, 21], [[[18, 5], 0]]], [0.999999999999999, [0, 6, 17, 19, 21], [[[19, 12], 0]]], [1.0, [0, 11, 13, 21], [[[11, 5], 0], [[13, 2], 0], [[13, 16], 1]]], [1.0, [0, 10, 7, 21], [[[10, 8], 0], [[7, 9], 0], [[7, 20], 1], [[7, 14], 1]]], [0.999999999999999, [0, 15, 21], [[[15, 1], 0], [[15, 3], 1], [[15, 20], 0], [[15, 4], 0], [[15, 12], 0]]]], [[1.0, [7, 9]], [1.0, [7, 14]], [1.0, [10, 8]], [1.0, [13, 2]], [1.0, [13, 16]], [1.0, [15, 1]], [1.0, [15, 3]], [0.999999999999999, [15, 4]], [0.999999999999999, [15, 20]], [1.0, [18, 5]], [0.999999999999999, [19, 12]]]], "solution": [[[0, 18, 21], [[[18, 5]], []]], [[0, 6, 17, 19, 21], [[[19, 12]], []]], [[0, 11, 13, 21], [[[13, 2]], [[13, 16]]]], [[0, 10, 7, 21], [[[10, 8], [7, 9]], [[7, 14]]]], [[0, 15, 21], [[[15, 1], [15, 20], [15, 4]], [[15, 3]]]]], "num_bnb_nodes": 29, "num_bnb_remaining_nodes": 0, "tot_num_gen_cols": 646, "tot_num_labels": 1218594, "termination_status": "Optimal"}