{"problem": {"name": "CVS-31-9", "datafile": "problems/ups_tw/CVS-31-9.vrp", "num_cust_nodes": 30, "num_tot_nodes": 32, "Gamma": 1, "t_range": 0.25, "Delta": 0, "d_range": 0.25, "num_drones": 2, "drone_time_multiplier": 1, "drone_cost_multiplier": 1, "flight_limit": 500, "demand_ratio": 0.75}, "timelimit": 3600, "num_cpus": 4, "alg": "BnP", "root_LP": 41476.4, "tot_cg_iterations": 479, "global_lb": 41965.0, "time": 243.4470920562744, "obj": 41966.0, "tot_mp_time": 0.7501175403594971, "tot_sp_time": 226.05809569358826, "tot_sp_heu1_time": 86.51679134368896, "tot_sp_heu2_time": 91.24009227752686, "tot_sp_exact_time": 48.189189434051514, "tot_num_sp_heu1": 479, "tot_num_sp_heu2": 462, "tot_num_sp_exact": 230, "tot_sp1_time": 720.1400129795074, "tot_sp2_time": 113.37243103981018, "tot_heu_time": 13.86852502822876, "raw_solution": [[[1.0, [0, 26, 31], [[[26, 7], 0], [[26, 18], 1], [[26, 8], 0], [[26, 13], 1], [[26, 30], 0]]], [0.9999999999999999, [0, 5, 6, 30, 31], [[[6, 21], 0], [[6, 29], 1], [[6, 19], 0], [[6, 27], 0]]], [1.0, [0, 7, 17, 31], [[[7, 22], 0], [[17, 8], 0]]], [1.0, [0, 14, 3, 20, 11, 31], [[[20, 9], 0]]], [1.0, [0, 24, 31], [[[24, 2], 0], [[24, 4], 1], [[24, 12], 1], [[24, 15], 0], [[24, 16], 1], [[24, 28], 1]]], [1.0, [0, 25, 23, 31], [[[23, 1], 0], [[23, 10], 1]]]], [[1.0, [6, 19]], [0.9999999999999999, [6, 21]], [0.9999999999999999, [6, 27]], [1.0, [6, 29]], [1.0, [7, 22]], [1.0, [20, 9]], [1.0, [23, 1]], [1.0, [23, 10]], [1.0, [24, 2]], [1.0, [24, 4]], [1.0, [24, 12]], [1.0, [24, 15]], [1.0, [24, 16]], [1.0, [24, 28]], [1.0, [26, 8]], [1.0, [26, 13]], [1.0, [26, 18]]]], "solution": [[[0, 26, 31], [[[26, 8]], [[26, 18], [26, 13]]]], [[0, 5, 6, 30, 31], [[[6, 21], [6, 19], [6, 27]], [[6, 29]]]], [[0, 7, 17, 31], [[[7, 22]], []]], [[0, 14, 3, 20, 11, 31], [[[20, 9]], []]], [[0, 24, 31], [[[24, 2], [24, 15]], [[24, 4], [24, 12], [24, 16], [24, 28]]]], [[0, 25, 23, 31], [[[23, 1]], [[23, 10]]]]], "num_bnb_nodes": 183, "num_bnb_remaining_nodes": 0, "tot_num_gen_cols": 2213, "tot_num_labels": 672078, "termination_status": "Optimal"}