{"problem": {"name": "CVS-21-2", "datafile": "problems/ups_tw/CVS-21-2.vrp", "num_cust_nodes": 20, "num_tot_nodes": 22, "Gamma": 2, "t_range": 0.25, "Delta": 2, "d_range": 0.25, "num_drones": 2, "drone_time_multiplier": 1, "drone_cost_multiplier": 1, "flight_limit": 500, "demand_ratio": 0.75}, "timelimit": 3600, "num_cpus": 4, "alg": "BnP", "root_LP": 34259.5, "tot_cg_iterations": 6928, "global_lb": 35797.0, "time": 2597.494902610779, "obj": 35798.0, "tot_mp_time": 28.83930230140686, "tot_sp_time": 2019.2867901325226, "tot_sp_heu1_time": 429.83540534973145, "tot_sp_heu2_time": 803.4759318828583, "tot_sp_exact_time": 784.6685013771057, "tot_num_sp_heu1": 6928, "tot_num_sp_heu2": 6774, "tot_num_sp_exact": 4655, "tot_sp1_time": 5216.261645793915, "tot_sp2_time": 2107.7894098758698, "tot_heu_time": 441.25133204460144, "raw_solution": [[[1.0, [0, 16, 5, 11, 21], [[[11, 9], 0]]], [1.0, [0, 2, 8, 4, 21], [[[2, 3], 0], [[8, 17], 0], [[8, 19], 1]]], [1.0, [0, 12, 10, 7, 15, 18, 21], [[[15, 20], 0]]], [1.0, [0, 6, 9, 13, 1, 21], [[[9, 14], 0]]]], [[1.0, [2, 3]], [1.0, [8, 17]], [1.0, [8, 19]], [1.0, [9, 14]], [1.0, [15, 20]]]], "solution": [[[0, 16, 5, 11, 21], [[], []]], [[0, 2, 8, 4, 21], [[[2, 3], [8, 17]], [[8, 19]]]], [[0, 12, 10, 7, 15, 18, 21], [[[15, 20]], []]], [[0, 6, 9, 13, 1, 21], [[[9, 14]], []]]], "num_bnb_nodes": 3755, "num_bnb_remaining_nodes": 0, "tot_num_gen_cols": 10565, "tot_num_labels": 131140272, "termination_status": "Optimal"}