{"problem": {"name": "CVS-31-7", "datafile": "problems/ups_tw/CVS-31-7.vrp", "num_cust_nodes": 30, "num_tot_nodes": 32, "Gamma": 0, "t_range": 0.25, "Delta": 1, "d_range": 0.25, "num_drones": 2, "drone_time_multiplier": 1, "drone_cost_multiplier": 1, "flight_limit": 500, "demand_ratio": 0.75}, "timelimit": 3600, "num_cpus": 4, "alg": "BnP", "root_LP": 47082.071428571435, "tot_cg_iterations": 977, "global_lb": 47583.70098039217, "time": 3601.117439031601, "obj": 48115.0, "tot_mp_time": 1.9113669395446777, "tot_sp_time": 3533.189933538437, "tot_sp_heu1_time": 251.90476751327515, "tot_sp_heu2_time": 1684.839697599411, "tot_sp_exact_time": 1596.0438721179962, "tot_num_sp_heu1": 977, "tot_num_sp_heu2": 950, "tot_num_sp_exact": 645, "tot_sp1_time": 9551.44060587883, "tot_sp2_time": 3961.6572127342224, "tot_heu_time": 57.379984617233276, "raw_solution": [[[1.0, [0, 16, 31], [[[16, 17], 0], [[16, 9], 1], [[16, 3], 1], [[16, 22], 0]]], [1.0, [0, 24, 31], [[[24, 19], 0], [[24, 21], 1], [[24, 30], 1], [[24, 7], 0]]], [1.0, [0, 6, 18, 2, 31], [[[2, 23], 0]]], [1.0, [0, 4, 28, 10, 31], [[[28, 27], 0], [[10, 7], 0]]], [1.0, [0, 12, 20, 31], [[[12, 1], 0], [[12, 22], 1]]], [1.0, [0, 13, 25, 8, 31], [[[13, 26], 0], [[25, 11], 0]]], [1.0, [0, 15, 31], [[[15, 5], 0], [[15, 14], 1], [[15, 29], 0]]]], [[1.0, [2, 23]], [1.0, [10, 7]], [1.0, [12, 1]], [1.0, [12, 22]], [1.0, [13, 26]], [1.0, [15, 5]], [1.0, [15, 14]], [1.0, [15, 29]], [1.0, [16, 3]], [1.0, [16, 9]], [1.0, [16, 17]], [1.0, [24, 19]], [1.0, [24, 21]], [1.0, [24, 30]], [1.0, [25, 11]], [1.0, [28, 27]]]], "solution": [[[0, 16, 31], [[[16, 17]], [[16, 9], [16, 3]]]], [[0, 24, 31], [[[24, 19]], [[24, 21], [24, 30]]]], [[0, 6, 18, 2, 31], [[[2, 23]], []]], [[0, 4, 28, 10, 31], [[[28, 27], [10, 7]], []]], [[0, 12, 20, 31], [[[12, 1]], [[12, 22]]]], [[0, 13, 25, 8, 31], [[[13, 26], [25, 11]], []]], [[0, 15, 31], [[[15, 5], [15, 29]], [[15, 14]]]]], "num_bnb_nodes": 1105, "num_bnb_remaining_nodes": 538, "tot_num_gen_cols": 2166, "tot_num_labels": 251867865, "termination_status": "Time limit"}