{"problem": {"name": "CVS-31-6", "datafile": "problems/ups_tw/CVS-31-6.vrp", "num_cust_nodes": 30, "num_tot_nodes": 32, "Gamma": 0, "t_range": 0.25, "Delta": 0, "d_range": 0.25, "num_drones": 2, "drone_time_multiplier": 1, "drone_cost_multiplier": 1, "flight_limit": 500, "demand_ratio": 0.75}, "timelimit": 3600, "num_cpus": 4, "alg": "BnP", "root_LP": 48769.25, "tot_cg_iterations": 230, "global_lb": 49203.52564102564, "time": 3601.363694667816, "obj": 49800.0, "tot_mp_time": 0.6262521743774414, "tot_sp_time": 3595.686551809311, "tot_sp_heu1_time": 56.40440797805786, "tot_sp_heu2_time": 1629.83811044693, "tot_sp_exact_time": 1909.3321895599365, "tot_num_sp_heu1": 230, "tot_num_sp_heu2": 209, "tot_num_sp_exact": 108, "tot_sp1_time": 6103.544688940048, "tot_sp2_time": 7787.821944952011, "tot_heu_time": 4.165766954421997, "raw_solution": [[[1.0, [0, 10, 31], [[[10, 13], 0], [[10, 19], 1], [[10, 12], 0]]], [1.0, [0, 16, 31], [[[16, 3], 0], [[16, 13], 1]]], [1.0, [0, 23, 31], [[[23, 7], 0], [[23, 18], 1], [[23, 30], 0], [[23, 22], 1]]], [1.0, [0, 4, 8, 27, 31], [[[4, 9], 0], [[4, 21], 1]]], [1.0, [0, 5, 2, 31], [[[5, 14], 0], [[2, 3], 0]]], [1.0, [0, 26, 25, 31], [[[26, 29], 0], [[25, 6], 0], [[25, 17], 1], [[25, 15], 1], [[25, 20], 1]]], [1.0, [0, 11, 28, 31], [[[11, 1], 0], [[11, 7], 1], [[11, 24], 0]]]], [[1.0, [4, 9]], [1.0, [4, 21]], [1.0, [5, 14]], [1.0, [10, 12]], [1.0, [10, 19]], [1.0, [11, 1]], [1.0, [11, 24]], [1.0, [16, 3]], [1.0, [16, 13]], [1.0, [23, 7]], [1.0, [23, 18]], [1.0, [23, 22]], [1.0, [23, 30]], [1.0, [25, 6]], [1.0, [25, 15]], [1.0, [25, 17]], [1.0, [25, 20]], [1.0, [26, 29]]]], "solution": [[[0, 10, 31], [[[10, 12]], [[10, 19]]]], [[0, 16, 31], [[[16, 3]], [[16, 13]]]], [[0, 23, 31], [[[23, 7], [23, 30]], [[23, 18], [23, 22]]]], [[0, 4, 8, 27, 31], [[[4, 9]], [[4, 21]]]], [[0, 5, 2, 31], [[[5, 14]], []]], [[0, 26, 25, 31], [[[26, 29], [25, 6]], [[25, 17], [25, 15], [25, 20]]]], [[0, 11, 28, 31], [[[11, 1], [11, 24]], []]]], "num_bnb_nodes": 57, "num_bnb_remaining_nodes": 28, "tot_num_gen_cols": 2485, "tot_num_labels": 116236426, "termination_status": "Time limit"}