{"problem": {"name": "CVS-31-10", "datafile": "problems/ups_tw/CVS-31-10.vrp", "num_cust_nodes": 30, "num_tot_nodes": 32, "Gamma": 2, "t_range": 0.25, "Delta": 0, "d_range": 0.25, "num_drones": 2, "drone_time_multiplier": 1, "drone_cost_multiplier": 1, "flight_limit": 500, "demand_ratio": 0.75}, "timelimit": 3600, "num_cpus": 4, "alg": "BnP", "root_LP": 42397.968253968254, "tot_cg_iterations": 15, "global_lb": 42397.968253968254, "time": 3639.4044902324677, "obj": 66208.0, "tot_mp_time": 0.023242473602294922, "tot_sp_time": 3639.20681476593, "tot_sp_heu1_time": 5.3336100578308105, "tot_sp_heu2_time": 3622.238344192505, "tot_sp_exact_time": 11.631170511245728, "tot_num_sp_heu1": 15, "tot_num_sp_heu2": 1, "tot_num_sp_exact": 1, "tot_sp1_time": 14544.419443845749, "tot_sp2_time": 8.311434745788574, "tot_heu_time": 0.11878180503845215, "raw_solution": [[[1.0, [0, 3, 31], [[[3, 25], 0], [[3, 20], 1], [[3, 26], 0], [[3, 16], 1], [[3, 22], 0], [[3, 27], 1]]], [1.0, [0, 4, 31], [[[4, 17], 0]]], [1.0, [0, 6, 31], [[[6, 7], 0]]], [1.0, [0, 8, 31], [[[8, 26], 0], [[8, 16], 1], [[8, 22], 0], [[8, 27], 1], [[8, 3], 0]]], [1.0, [0, 9, 31], [[[9, 24], 0], [[9, 15], 1], [[9, 29], 1], [[9, 11], 0]]], [1.0, [0, 10, 31], [[[10, 24], 0], [[10, 5], 1], [[10, 30], 0], [[10, 18], 1], [[10, 28], 0]]], [1.0, [0, 12, 31], [[[12, 21], 0], [[12, 2], 1], [[12, 15], 1], [[12, 29], 0], [[12, 23], 1]]], [1.0, [0, 13, 31], [[[13, 17], 0], [[13, 21], 1], [[13, 23], 1], [[13, 12], 0]]], [1.0, [0, 14, 31], [[[14, 17], 0]]], [1.0, [0, 18, 31], [[[18, 5], 0], [[18, 1], 1], [[18, 7], 1], [[18, 30], 0], [[18, 28], 0]]], [1.0, [0, 19, 31], [[[19, 24], 0], [[19, 5], 1], [[19, 30], 1], [[19, 18], 0], [[19, 28], 1]]]], [[1.0, [3, 16]], [1.0, [3, 20]], [1.0, [3, 22]], [1.0, [3, 25]], [1.0, [3, 26]], [1.0, [3, 27]], [1.0, [6, 7]], [1.0, [9, 11]], [1.0, [9, 15]], [1.0, [9, 29]], [1.0, [10, 24]], [1.0, [10, 28]], [1.0, [12, 2]], [1.0, [12, 23]], [1.0, [13, 21]], [1.0, [14, 17]], [1.0, [18, 1]], [1.0, [19, 5]], [1.0, [19, 30]]]], "solution": [[[0, 3, 31], [[[3, 25], [3, 26], [3, 22]], [[3, 20], [3, 16], [3, 27]]]], [[0, 4, 31], [[], []]], [[0, 6, 31], [[[6, 7]], []]], [[0, 8, 31], [[], []]], [[0, 9, 31], [[[9, 11]], [[9, 15], [9, 29]]]], [[0, 10, 31], [[[10, 24], [10, 28]], []]], [[0, 12, 31], [[], [[12, 2], [12, 23]]]], [[0, 13, 31], [[], [[13, 21]]]], [[0, 14, 31], [[[14, 17]], []]], [[0, 18, 31], [[], [[18, 1]]]], [[0, 19, 31], [[], [[19, 5], [19, 30]]]]], "num_bnb_nodes": 1, "num_bnb_remaining_nodes": 0, "tot_num_gen_cols": 324, "tot_num_labels": 4986103, "termination_status": "Time limit"}