{"problem": {"name": "CVS-31-4", "datafile": "problems/ups_tw/CVS-31-4.vrp", "num_cust_nodes": 30, "num_tot_nodes": 32, "Gamma": 1, "t_range": 0.25, "Delta": 1, "d_range": 0.25, "num_drones": 2, "drone_time_multiplier": 1, "drone_cost_multiplier": 1, "flight_limit": 500, "demand_ratio": 0.75}, "timelimit": 3600, "num_cpus": 4, "alg": "BnP", "root_LP": 48070.52459016394, "tot_cg_iterations": 105, "global_lb": 48070.52459016394, "time": 3605.6120669841766, "obj": 49679.0, "tot_mp_time": 0.32609105110168457, "tot_sp_time": 3605.0174617767334, "tot_sp_heu1_time": 32.47021436691284, "tot_sp_heu2_time": 3569.0307219028473, "tot_sp_exact_time": 3.4717326164245605, "tot_num_sp_heu1": 105, "tot_num_sp_heu2": 83, "tot_num_sp_exact": 1, "tot_sp1_time": 13978.104933023453, "tot_sp2_time": 282.2159583568573, "tot_heu_time": 0.0968942642211914, "raw_solution": [[[1.0, [0, 3, 31], [[[3, 29], 0], [[3, 21], 1], [[3, 26], 1], [[3, 15], 0], [[3, 19], 0]]], [1.0, [0, 5, 31], [[[5, 11], 0], [[5, 18], 1], [[5, 30], 1], [[5, 2], 0]]], [0.9999999999999999, [0, 22, 26, 17, 6, 25, 31], []], [0.9999999999999998, [0, 1, 15, 31], [[[1, 4], 0], [[1, 12], 1], [[1, 19], 0], [[1, 27], 1], [[15, 20], 0]]], [1.0, [0, 7, 23, 28, 31], [[[7, 14], 0], [[28, 9], 0]]], [1.0, [0, 13, 8, 31], [[[13, 16], 0], [[8, 10], 0], [[8, 29], 1], [[8, 24], 1]]]], [[1.0, [1, 4]], [1.0, [1, 12]], [1.0, [1, 19]], [1.0, [1, 27]], [1.0, [3, 21]], [1.0, [5, 2]], [1.0, [5, 11]], [1.0, [5, 18]], [1.0, [5, 30]], [1.0, [7, 14]], [1.0, [8, 10]], [1.0, [8, 24]], [1.0, [8, 29]], [1.0, [13, 16]], [0.9999999999999998, [15, 20]], [1.0, [28, 9]]]], "solution": [[[0, 3, 31], [[], [[3, 21]]]], [[0, 5, 31], [[[5, 11], [5, 2]], [[5, 18], [5, 30]]]], [[0, 22, 26, 17, 6, 25, 31], [[], []]], [[0, 1, 15, 31], [[[1, 4], [1, 19], [15, 20]], [[1, 12], [1, 27]]]], [[0, 7, 23, 28, 31], [[[7, 14], [28, 9]], []]], [[0, 13, 8, 31], [[[13, 16], [8, 10]], [[8, 29], [8, 24]]]]], "num_bnb_nodes": 1, "num_bnb_remaining_nodes": 0, "tot_num_gen_cols": 729, "tot_num_labels": 45117405, "termination_status": "Time limit"}