{"problem": {"name": "CVS-21-1", "datafile": "problems/ups_tw/CVS-21-1.vrp", "num_cust_nodes": 20, "num_tot_nodes": 22, "Gamma": 0, "t_range": 0.25, "Delta": 0, "d_range": 0.25, "num_drones": 2, "drone_time_multiplier": 1, "drone_cost_multiplier": 1, "flight_limit": 500, "demand_ratio": 0.75}, "timelimit": 3600, "num_cpus": 4, "alg": "BnP", "root_LP": 35067.0, "tot_cg_iterations": 76, "global_lb": 36320.0, "time": 14.114779710769653, "obj": 36320.0, "tot_mp_time": 0.04588198661804199, "tot_sp_time": 13.53597617149353, "tot_sp_heu1_time": 5.4481847286224365, "tot_sp_heu2_time": 5.245329141616821, "tot_sp_exact_time": 2.8295578956604004, "tot_num_sp_heu1": 76, "tot_num_sp_heu2": 67, "tot_num_sp_exact": 35, "tot_sp1_time": 43.62689685821533, "tot_sp2_time": 4.5613017082214355, "tot_heu_time": 0.3965764045715332, "raw_solution": [[[1.0, [0, 20, 7, 8, 13, 21], []], [1.0, [0, 9, 17, 2, 21], [[[9, 19], 0], [[2, 4], 0]]], [1.0, [0, 12, 11, 21], [[[11, 1], 0], [[11, 6], 1], [[11, 18], 0]]], [1.0, [0, 10, 5, 14, 21], [[[10, 15], 0], [[10, 16], 1], [[14, 3], 0]]]], [[1.0, [2, 4]], [1.0, [9, 19]], [1.0, [10, 15]], [1.0, [10, 16]], [1.0, [11, 1]], [1.0, [11, 6]], [1.0, [11, 18]], [1.0, [14, 3]]]], "solution": [[[0, 20, 7, 8, 13, 21], [[], []]], [[0, 9, 17, 2, 21], [[[9, 19], [2, 4]], []]], [[0, 12, 11, 21], [[[11, 1], [11, 18]], [[11, 6]]]], [[0, 10, 5, 14, 21], [[[10, 15], [14, 3]], [[10, 16]]]]], "num_bnb_nodes": 39, "num_bnb_remaining_nodes": 0, "tot_num_gen_cols": 345, "tot_num_labels": 26121, "termination_status": "Optimal"}