{"problem": {"name": "CVS-21-9", "datafile": "problems/ups_tw/CVS-21-9.vrp", "num_cust_nodes": 20, "num_tot_nodes": 22, "Gamma": 0, "t_range": 0.25, "Delta": 2, "d_range": 0.25, "num_drones": 2, "drone_time_multiplier": 1, "drone_cost_multiplier": 1, "flight_limit": 500, "demand_ratio": 0.75}, "timelimit": 3600, "num_cpus": 4, "alg": "BnP", "root_LP": 28556.38888888889, "tot_cg_iterations": 57, "global_lb": 28556.38888888889, "time": 3603.0749373435974, "obj": 30373.0, "tot_mp_time": 0.0666666030883789, "tot_sp_time": 3602.9291229248047, "tot_sp_heu1_time": 5.452080965042114, "tot_sp_heu2_time": 3595.8305099010468, "tot_sp_exact_time": 1.6247985363006592, "tot_num_sp_heu1": 57, "tot_num_sp_heu2": 42, "tot_num_sp_exact": 1, "tot_sp1_time": 14281.051266908646, "tot_sp2_time": 64.89499568939209, "tot_heu_time": 0.03217577934265137, "raw_solution": [[[1.0, [0, 1, 21], [[[1, 10], 0], [[1, 14], 1]]], [1.0, [0, 7, 12, 15, 21], [[[12, 2], 0], [[15, 4], 0]]], [1.0, [0, 8, 5, 6, 19, 21], [[[8, 13], 0], [[5, 18], 0], [[19, 16], 0]]], [1.0, [0, 14, 9, 3, 17, 21], [[[9, 20], 0], [[9, 11], 1]]]], [[1.0, [1, 10]], [1.0, [5, 18]], [1.0, [8, 13]], [1.0, [9, 11]], [1.0, [9, 20]], [1.0, [12, 2]], [1.0, [15, 4]], [1.0, [19, 16]]]], "solution": [[[0, 1, 21], [[[1, 10]], []]], [[0, 7, 12, 15, 21], [[[12, 2], [15, 4]], []]], [[0, 8, 5, 6, 19, 21], [[[8, 13], [5, 18], [19, 16]], []]], [[0, 14, 9, 3, 17, 21], [[[9, 20]], [[9, 11]]]]], "num_bnb_nodes": 1, "num_bnb_remaining_nodes": 0, "tot_num_gen_cols": 369, "tot_num_labels": 23045832, "termination_status": "Time limit"}