{"problem": {"name": "CVS-31-1", "datafile": "problems/ups_tw/CVS-31-1.vrp", "num_cust_nodes": 30, "num_tot_nodes": 32, "Gamma": 1, "t_range": 0.25, "Delta": 1, "d_range": 0.25, "num_drones": 2, "drone_time_multiplier": 1, "drone_cost_multiplier": 1, "flight_limit": 500, "demand_ratio": 0.75}, "timelimit": 3600, "num_cpus": 4, "alg": "BnP", "root_LP": 41601.833333333336, "tot_cg_iterations": 81, "global_lb": 41870.5, "time": 42.84262704849243, "obj": 41873.99999999999, "tot_mp_time": 0.08073067665100098, "tot_sp_time": 41.46901798248291, "tot_sp_heu1_time": 16.5874080657959, "tot_sp_heu2_time": 16.900737285614014, "tot_sp_exact_time": 7.961962461471558, "tot_num_sp_heu1": 81, "tot_num_sp_heu2": 70, "tot_num_sp_exact": 30, "tot_sp1_time": 131.61650037765503, "tot_sp2_time": 23.252583980560303, "tot_heu_time": 1.11909818649292, "raw_solution": [[[1.0, [0, 5, 8, 31], [[[5, 13], 0], [[8, 16], 0], [[8, 26], 1], [[8, 20], 1]]], [1.0, [0, 19, 15, 10, 9, 31], [[[10, 7], 0], [[9, 30], 0]]], [1.0, [0, 29, 27, 12, 31], [[[27, 3], 0], [[27, 14], 1], [[27, 28], 1]]], [1.0, [0, 22, 21, 24, 31], [[[21, 4], 0], [[21, 18], 1]]], [1.0, [0, 6, 25, 31], [[[6, 2], 0], [[6, 11], 1], [[6, 23], 1], [[6, 1], 0], [[25, 17], 0]]]], [[1.0, [5, 13]], [1.0, [6, 1]], [1.0, [6, 2]], [1.0, [6, 11]], [1.0, [6, 23]], [1.0, [8, 16]], [1.0, [8, 20]], [1.0, [8, 26]], [1.0, [9, 30]], [1.0, [10, 7]], [1.0, [21, 4]], [1.0, [21, 18]], [1.0, [25, 17]], [1.0, [27, 3]], [1.0, [27, 14]], [1.0, [27, 28]]]], "solution": [[[0, 5, 8, 31], [[[5, 13], [8, 16]], [[8, 26], [8, 20]]]], [[0, 19, 15, 10, 9, 31], [[[10, 7], [9, 30]], []]], [[0, 29, 27, 12, 31], [[[27, 3]], [[27, 14], [27, 28]]]], [[0, 22, 21, 24, 31], [[[21, 4]], [[21, 18]]]], [[0, 6, 25, 31], [[[6, 2], [6, 1], [25, 17]], [[6, 11], [6, 23]]]]], "num_bnb_nodes": 23, "num_bnb_remaining_nodes": 0, "tot_num_gen_cols": 868, "tot_num_labels": 509059, "termination_status": "Optimal"}