{"problem": {"name": "CVS-21-4", "datafile": "problems/ups_tw/CVS-21-4.vrp", "num_cust_nodes": 20, "num_tot_nodes": 22, "Gamma": 0, "t_range": 0.25, "Delta": 1, "d_range": 0.25, "num_drones": 2, "drone_time_multiplier": 1, "drone_cost_multiplier": 1, "flight_limit": 500, "demand_ratio": 0.75}, "timelimit": 3600, "num_cpus": 4, "alg": "BnP", "root_LP": 40285.66666666667, "tot_cg_iterations": 166, "global_lb": 41106.142857142855, "time": 59.221771001815796, "obj": 41110.0, "tot_mp_time": 0.13457894325256348, "tot_sp_time": 57.49282217025757, "tot_sp_heu1_time": 14.437363147735596, "tot_sp_heu2_time": 26.90345335006714, "tot_sp_exact_time": 16.109331130981445, "tot_num_sp_heu1": 166, "tot_num_sp_heu2": 139, "tot_num_sp_exact": 71, "tot_sp1_time": 126.71577954292297, "tot_sp2_time": 80.59947204589844, "tot_heu_time": 1.3127062320709229, "raw_solution": [[[1.0, [0, 18, 21], [[[18, 5], 0]]], [1.0, [0, 6, 17, 19, 21], [[[19, 12], 0]]], [1.0, [0, 11, 13, 21], [[[11, 5], 0], [[13, 2], 0], [[13, 16], 1]]], [1.0, [0, 10, 7, 21], [[[10, 8], 0], [[7, 9], 0], [[7, 20], 1], [[7, 14], 1]]], [1.0, [0, 15, 21], [[[15, 1], 0], [[15, 3], 1], [[15, 20], 0], [[15, 4], 0], [[15, 12], 0]]]], [[1.0, [7, 9]], [1.0, [7, 14]], [1.0, [10, 8]], [1.0, [13, 2]], [1.0, [13, 16]], [1.0, [15, 1]], [1.0, [15, 3]], [1.0, [15, 4]], [1.0, [15, 20]], [1.0, [18, 5]], [1.0, [19, 12]]]], "solution": [[[0, 18, 21], [[[18, 5]], []]], [[0, 6, 17, 19, 21], [[[19, 12]], []]], [[0, 11, 13, 21], [[[13, 2]], [[13, 16]]]], [[0, 10, 7, 21], [[[10, 8], [7, 9]], [[7, 14]]]], [[0, 15, 21], [[[15, 1], [15, 20], [15, 4]], [[15, 3]]]]], "num_bnb_nodes": 59, "num_bnb_remaining_nodes": 0, "tot_num_gen_cols": 712, "tot_num_labels": 2797557, "termination_status": "Optimal"}