{"problem": {"name": "CVS-21-10", "datafile": "problems/ups_tw/CVS-21-10.vrp", "num_cust_nodes": 20, "num_tot_nodes": 22, "Gamma": 0, "t_range": 0.25, "Delta": 0, "d_range": 0.25, "num_drones": 2, "drone_time_multiplier": 1, "drone_cost_multiplier": 1, "flight_limit": 500, "demand_ratio": 0.75}, "timelimit": 3600, "num_cpus": 4, "alg": "BnP", "root_LP": 34763.78571428572, "tot_cg_iterations": 160, "global_lb": 35776.0, "time": 40.824225425720215, "obj": 35776.0, "tot_mp_time": 0.09612321853637695, "tot_sp_time": 39.11940145492554, "tot_sp_heu1_time": 12.478803157806396, "tot_sp_heu2_time": 16.81375813484192, "tot_sp_exact_time": 9.79848599433899, "tot_num_sp_heu1": 160, "tot_num_sp_heu2": 148, "tot_num_sp_exact": 80, "tot_sp1_time": 101.52931380271912, "tot_sp2_time": 41.86691761016846, "tot_heu_time": 1.345733642578125, "raw_solution": [[[1.0, [0, 4, 21], [[[4, 17], 0], [[4, 14], 1], [[4, 8], 1]]], [1.0, [0, 12, 21], [[[12, 15], 0], [[12, 13], 1], [[12, 2], 1]]], [1.0, [0, 3, 20, 21], [[[20, 16], 0]]], [1.0, [0, 18, 1, 15, 21], [[[15, 9], 0], [[15, 11], 1]]], [1.0, [0, 7, 19, 10, 21], [[[7, 6], 0], [[19, 5], 0]]]], [[1.0, [4, 8]], [1.0, [4, 14]], [1.0, [4, 17]], [1.0, [7, 6]], [1.0, [12, 2]], [1.0, [12, 13]], [1.0, [15, 9]], [1.0, [15, 11]], [1.0, [19, 5]], [1.0, [20, 16]]]], "solution": [[[0, 4, 21], [[[4, 17]], [[4, 14], [4, 8]]]], [[0, 12, 21], [[], [[12, 13], [12, 2]]]], [[0, 3, 20, 21], [[[20, 16]], []]], [[0, 18, 1, 15, 21], [[[15, 9]], [[15, 11]]]], [[0, 7, 19, 10, 21], [[[7, 6], [19, 5]], []]]], "num_bnb_nodes": 75, "num_bnb_remaining_nodes": 0, "tot_num_gen_cols": 638, "tot_num_labels": 1196600, "termination_status": "Optimal"}