{"problem": {"name": "CVS-31-5", "datafile": "problems/ups_tw/CVS-31-5.vrp", "num_cust_nodes": 30, "num_tot_nodes": 32, "Gamma": 0, "t_range": 0.25, "Delta": 0, "d_range": 0.25, "num_drones": 2, "drone_time_multiplier": 1, "drone_cost_multiplier": 1, "flight_limit": 500, "demand_ratio": 0.75}, "timelimit": 3600, "num_cpus": 4, "alg": "BnP", "root_LP": 46210.71052631579, "tot_cg_iterations": 33, "global_lb": 46210.71052631579, "time": 3634.518495321274, "obj": 48537.0, "tot_mp_time": 0.07501935958862305, "tot_sp_time": 3634.25984954834, "tot_sp_heu1_time": 12.700379610061646, "tot_sp_heu2_time": 3607.7197301387787, "tot_sp_exact_time": 13.829902172088623, "tot_num_sp_heu1": 33, "tot_num_sp_heu2": 10, "tot_num_sp_exact": 1, "tot_sp1_time": 14475.454990386963, "tot_sp2_time": 30.287411212921143, "tot_heu_time": 0.07214236259460449, "raw_solution": [[[1.0, [0, 23, 31], [[[23, 22], 0], [[23, 14], 1], [[23, 20], 1], [[23, 11], 0], [[23, 18], 0], [[23, 21], 1]]], [1.0, [0, 10, 19, 30, 5, 31], [[[19, 16], 0]]], [1.0, [0, 29, 9, 24, 13, 31], [[[24, 14], 0], [[24, 26], 1]]], [1.0, [0, 15, 17, 27, 4, 16, 31], []], [1.0, [0, 7, 3, 6, 31], [[[7, 12], 0]]], [1.0, [0, 1, 2, 25, 31], [[[1, 8], 0], [[2, 20], 0], [[25, 28], 0]]]], [[1.0, [1, 8]], [1.0, [2, 20]], [1.0, [7, 12]], [1.0, [23, 11]], [1.0, [23, 18]], [1.0, [23, 21]], [1.0, [23, 22]], [1.0, [24, 14]], [1.0, [24, 26]], [1.0, [25, 28]]]], "solution": [[[0, 23, 31], [[[23, 22], [23, 11], [23, 18]], [[23, 21]]]], [[0, 10, 19, 30, 5, 31], [[], []]], [[0, 29, 9, 24, 13, 31], [[[24, 14]], [[24, 26]]]], [[0, 15, 17, 27, 4, 16, 31], [[], []]], [[0, 7, 3, 6, 31], [[[7, 12]], []]], [[0, 1, 2, 25, 31], [[[1, 8], [2, 20], [25, 28]], []]]], "num_bnb_nodes": 1, "num_bnb_remaining_nodes": 0, "tot_num_gen_cols": 694, "tot_num_labels": 7287182, "termination_status": "Time limit"}