{"problem": {"name": "CVS-31-3", "datafile": "problems/ups_tw/CVS-31-3.vrp", "num_cust_nodes": 30, "num_tot_nodes": 32, "Gamma": 1, "t_range": 0.25, "Delta": 0, "d_range": 0.25, "num_drones": 2, "drone_time_multiplier": 1, "drone_cost_multiplier": 1, "flight_limit": 500, "demand_ratio": 0.75}, "timelimit": 3600, "num_cpus": 4, "alg": "BnP", "root_LP": 48789.17741935485, "tot_cg_iterations": 25, "global_lb": 48789.17741935485, "time": 3622.842629671097, "obj": 52652.0, "tot_mp_time": 0.04162406921386719, "tot_sp_time": 3622.5731081962585, "tot_sp_heu1_time": 8.63985824584961, "tot_sp_heu2_time": 3603.006859779358, "tot_sp_exact_time": 10.91960883140564, "tot_num_sp_heu1": 25, "tot_num_sp_heu2": 5, "tot_num_sp_exact": 1, "tot_sp1_time": 14341.966847658157, "tot_sp2_time": 109.4419572353363, "tot_heu_time": 0.15623950958251953, "raw_solution": [[[1.0, [0, 16, 31], [[[16, 9], 0], [[16, 4], 1], [[16, 3], 1], [[16, 15], 0], [[16, 14], 1], [[16, 1], 0]]], [1.0, [0, 18, 31], [[[18, 11], 0], [[18, 6], 1], [[18, 9], 1], [[18, 8], 0], [[18, 2], 1]]], [1.0, [0, 23, 31], [[[23, 13], 0], [[23, 30], 1]]], [1.0, [0, 1, 26, 29, 15, 21, 20, 31], []], [1.0, [0, 7, 5, 19, 30, 31], []], [1.0, [0, 27, 8, 22, 24, 31], [[[8, 9], 0]]], [1.0, [0, 10, 12, 25, 28, 17, 4, 31], []]], [[1.0, [16, 3]], [1.0, [16, 14]], [1.0, [18, 2]], [1.0, [18, 6]], [1.0, [18, 9]], [1.0, [18, 11]], [1.0, [23, 13]]]], "solution": [[[0, 16, 31], [[], [[16, 3], [16, 14]]]], [[0, 18, 31], [[[18, 11]], [[18, 6], [18, 9], [18, 2]]]], [[0, 23, 31], [[[23, 13]], []]], [[0, 1, 26, 29, 15, 21, 20, 31], [[], []]], [[0, 7, 5, 19, 30, 31], [[], []]], [[0, 27, 8, 22, 24, 31], [[], []]], [[0, 10, 12, 25, 28, 17, 4, 31], [[], []]]], "num_bnb_nodes": 1, "num_bnb_remaining_nodes": 0, "tot_num_gen_cols": 591, "tot_num_labels": 7597408, "termination_status": "Time limit"}