{"problem": {"name": "CVS-31-5", "datafile": "problems/ups_tw/CVS-31-5.vrp", "num_cust_nodes": 30, "num_tot_nodes": 32, "Gamma": 2, "t_range": 0.25, "Delta": 0, "d_range": 0.25, "num_drones": 2, "drone_time_multiplier": 1, "drone_cost_multiplier": 1, "flight_limit": 500, "demand_ratio": 0.75}, "timelimit": 3600, "num_cpus": 4, "alg": "BnP", "root_LP": 46146.96153846153, "tot_cg_iterations": 44, "global_lb": 46146.96153846153, "time": 3637.7285742759705, "obj": 48521.0, "tot_mp_time": 0.12161445617675781, "tot_sp_time": 3637.3879499435425, "tot_sp_heu1_time": 17.79937243461609, "tot_sp_heu2_time": 3605.8099558353424, "tot_sp_exact_time": 13.7653648853302, "tot_num_sp_heu1": 44, "tot_num_sp_heu2": 9, "tot_num_sp_exact": 1, "tot_sp1_time": 14480.124809265137, "tot_sp2_time": 39.23443245887756, "tot_heu_time": 0.0732729434967041, "raw_solution": [[[1.0, [0, 23, 31], [[[23, 22], 0], [[23, 14], 1], [[23, 20], 1], [[23, 11], 0], [[23, 18], 0], [[23, 21], 1]]], [1.0, [0, 10, 19, 30, 5, 31], [[[19, 16], 0]]], [1.0, [0, 15, 17, 27, 4, 16, 31], [[[17, 10], 0]]], [1.0, [0, 7, 6, 3, 31], [[[7, 12], 0]]], [1.0, [0, 9, 24, 13, 29, 14, 31], [[[14, 26], 0]]], [1.0, [0, 1, 2, 25, 31], [[[1, 8], 0], [[2, 20], 0], [[25, 28], 0]]]], [[1.0, [1, 8]], [1.0, [2, 20]], [1.0, [7, 12]], [1.0, [14, 26]], [1.0, [23, 11]], [1.0, [23, 18]], [1.0, [23, 21]], [1.0, [23, 22]], [1.0, [25, 28]]]], "solution": [[[0, 23, 31], [[[23, 22], [23, 11], [23, 18]], [[23, 21]]]], [[0, 10, 19, 30, 5, 31], [[], []]], [[0, 15, 17, 27, 4, 16, 31], [[], []]], [[0, 7, 6, 3, 31], [[[7, 12]], []]], [[0, 9, 24, 13, 29, 14, 31], [[[14, 26]], []]], [[0, 1, 2, 25, 31], [[[1, 8], [2, 20], [25, 28]], []]]], "num_bnb_nodes": 1, "num_bnb_remaining_nodes": 0, "tot_num_gen_cols": 678, "tot_num_labels": 7601042, "termination_status": "Time limit"}