{"problem": {"name": "CVS-31-4", "datafile": "problems/ups_tw/CVS-31-4.vrp", "num_cust_nodes": 30, "num_tot_nodes": 32, "Gamma": 0, "t_range": 0.25, "Delta": 0, "d_range": 0.25, "num_drones": 2, "drone_time_multiplier": 1, "drone_cost_multiplier": 1, "flight_limit": 500, "demand_ratio": 0.75}, "timelimit": 3600, "num_cpus": 4, "alg": "BnP", "root_LP": 49229.5036231884, "tot_cg_iterations": 69, "global_lb": 49229.5036231884, "time": 3607.7775411605835, "obj": 51775.0, "tot_mp_time": 0.17962217330932617, "tot_sp_time": 3607.3606984615326, "tot_sp_heu1_time": 20.82248616218567, "tot_sp_heu2_time": 3582.3969027996063, "tot_sp_exact_time": 4.111202955245972, "tot_num_sp_heu1": 69, "tot_num_sp_heu2": 52, "tot_num_sp_exact": 1, "tot_sp1_time": 14025.283406496048, "tot_sp2_time": 286.7431926727295, "tot_heu_time": 0.12201571464538574, "raw_solution": [[[1.0, [0, 3, 31], [[[3, 29], 0], [[3, 21], 1], [[3, 26], 1], [[3, 15], 0], [[3, 19], 0]]], [1.0, [0, 8, 31], [[[8, 29], 0], [[8, 21], 1], [[8, 10], 0], [[8, 24], 1]]], [1.0, [0, 9, 14, 7, 23, 28, 31], []], [1.0, [0, 16, 5, 11, 13, 2, 31], [[[5, 18], 0], [[2, 30], 0]]], [1.0, [0, 22, 26, 17, 6, 25, 31], []], [1.0, [0, 1, 15, 31], [[[1, 4], 0], [[1, 12], 1], [[1, 19], 0], [[1, 27], 1], [[15, 20], 0]]]], [[1.0, [1, 4]], [1.0, [1, 12]], [1.0, [1, 19]], [1.0, [1, 27]], [1.0, [2, 30]], [1.0, [3, 21]], [1.0, [5, 18]], [1.0, [8, 10]], [1.0, [8, 24]], [1.0, [8, 29]], [1.0, [15, 20]]]], "solution": [[[0, 3, 31], [[], [[3, 21]]]], [[0, 8, 31], [[[8, 29], [8, 10]], [[8, 24]]]], [[0, 9, 14, 7, 23, 28, 31], [[], []]], [[0, 16, 5, 11, 13, 2, 31], [[[5, 18], [2, 30]], []]], [[0, 22, 26, 17, 6, 25, 31], [[], []]], [[0, 1, 15, 31], [[[1, 4], [1, 19], [15, 20]], [[1, 12], [1, 27]]]]], "num_bnb_nodes": 1, "num_bnb_remaining_nodes": 0, "tot_num_gen_cols": 535, "tot_num_labels": 39673001, "termination_status": "Time limit"}