{"problem": {"name": "CVS-21-2", "datafile": "problems/ups_tw/CVS-21-2.vrp", "num_cust_nodes": 20, "num_tot_nodes": 22, "Gamma": 1, "t_range": 0.25, "Delta": 1, "d_range": 0.25, "num_drones": 2, "drone_time_multiplier": 1, "drone_cost_multiplier": 1, "flight_limit": 500, "demand_ratio": 0.75}, "timelimit": 3600, "num_cpus": 4, "alg": "BnP", "root_LP": 34162.75, "tot_cg_iterations": 751, "global_lb": 34791.00000000001, "time": 376.37720131874084, "obj": 34795.0, "tot_mp_time": 0.9053945541381836, "tot_sp_time": 355.6142611503601, "tot_sp_heu1_time": 71.54804348945618, "tot_sp_heu2_time": 162.7042670249939, "tot_sp_exact_time": 121.15893316268921, "tot_num_sp_heu1": 751, "tot_num_sp_heu2": 714, "tot_num_sp_exact": 400, "tot_sp1_time": 902.5044414997101, "tot_sp2_time": 402.10044836997986, "tot_heu_time": 16.122809171676636, "raw_solution": [[[1.0, [0, 2, 8, 4, 21], [[[2, 3], 0], [[8, 17], 0], [[8, 19], 1]]], [1.0, [0, 6, 9, 21], [[[9, 14], 0], [[9, 5], 1], [[9, 20], 1]]], [1.0, [0, 11, 16, 13, 1, 21], []], [1.0, [0, 12, 10, 15, 7, 18, 21], []]], [[1.0, [2, 3]], [1.0, [8, 17]], [1.0, [8, 19]], [1.0, [9, 5]], [1.0, [9, 14]], [1.0, [9, 20]]]], "solution": [[[0, 2, 8, 4, 21], [[[2, 3], [8, 17]], [[8, 19]]]], [[0, 6, 9, 21], [[[9, 14]], [[9, 5], [9, 20]]]], [[0, 11, 16, 13, 1, 21], [[], []]], [[0, 12, 10, 15, 7, 18, 21], [[], []]]], "num_bnb_nodes": 273, "num_bnb_remaining_nodes": 0, "tot_num_gen_cols": 2994, "tot_num_labels": 15744047, "termination_status": "Optimal"}