{"problem": {"name": "CVS-31-10", "datafile": "problems/ups_tw/CVS-31-10.vrp", "num_cust_nodes": 30, "num_tot_nodes": 32, "Gamma": 0, "t_range": 0.25, "Delta": 0, "d_range": 0.25, "num_drones": 2, "drone_time_multiplier": 1, "drone_cost_multiplier": 1, "flight_limit": 500, "demand_ratio": 0.75}, "timelimit": 3600, "num_cpus": 4, "alg": "BnP", "root_LP": 44059.275, "tot_cg_iterations": 18, "global_lb": 44059.275, "time": 3633.0596799850464, "obj": 48239.0, "tot_mp_time": 0.024764537811279297, "tot_sp_time": 3632.8321464061737, "tot_sp_heu1_time": 5.707361936569214, "tot_sp_heu2_time": 3614.350296974182, "tot_sp_exact_time": 12.770472049713135, "tot_num_sp_heu1": 18, "tot_num_sp_heu2": 2, "tot_num_sp_exact": 1, "tot_sp1_time": 14465.723657608032, "tot_sp2_time": 7.574606657028198, "tot_heu_time": 0.1455974578857422, "raw_solution": [[[1.0, [0, 9, 31], [[[9, 24], 0], [[9, 15], 1], [[9, 29], 1], [[9, 11], 0]]], [1.0, [0, 18, 31], [[[18, 5], 0], [[18, 1], 1], [[18, 7], 1], [[18, 30], 0], [[18, 28], 0]]], [1.0, [0, 3, 11, 19, 10, 5, 31], [[[3, 27], 0]]], [1.0, [0, 4, 14, 12, 23, 31], [[[23, 21], 0]]], [1.0, [0, 17, 6, 2, 13, 31], []], [1.0, [0, 8, 16, 26, 20, 25, 27, 22, 31], []]], [[1.0, [9, 15]], [1.0, [9, 24]], [1.0, [9, 29]], [1.0, [18, 1]], [1.0, [18, 7]], [1.0, [18, 28]], [1.0, [18, 30]], [1.0, [23, 21]]]], "solution": [[[0, 9, 31], [[[9, 24]], [[9, 15], [9, 29]]]], [[0, 18, 31], [[[18, 30], [18, 28]], [[18, 1], [18, 7]]]], [[0, 3, 11, 19, 10, 5, 31], [[], []]], [[0, 4, 14, 12, 23, 31], [[[23, 21]], []]], [[0, 17, 6, 2, 13, 31], [[], []]], [[0, 8, 16, 26, 20, 25, 27, 22, 31], [[], []]]], "num_bnb_nodes": 1, "num_bnb_remaining_nodes": 0, "tot_num_gen_cols": 392, "tot_num_labels": 5133189, "termination_status": "Time limit"}