{"problem": {"name": "CVS-31-4", "datafile": "problems/ups_tw/CVS-31-4.vrp", "num_cust_nodes": 30, "num_tot_nodes": 32, "Gamma": 0, "t_range": 0.25, "Delta": 1, "d_range": 0.25, "num_drones": 2, "drone_time_multiplier": 1, "drone_cost_multiplier": 1, "flight_limit": 500, "demand_ratio": 0.75}, "timelimit": 3600, "num_cpus": 4, "alg": "BnP", "root_LP": 47775.368, "tot_cg_iterations": 71, "global_lb": 47775.368, "time": 3607.844821691513, "obj": 50887.0, "tot_mp_time": 0.20154500007629395, "tot_sp_time": 3607.389078617096, "tot_sp_heu1_time": 22.48411750793457, "tot_sp_heu2_time": 3580.7397627830505, "tot_sp_exact_time": 4.131986379623413, "tot_num_sp_heu1": 71, "tot_num_sp_heu2": 60, "tot_num_sp_exact": 1, "tot_sp1_time": 14056.16358423233, "tot_sp2_time": 227.67278170585632, "tot_heu_time": 0.13322901725769043, "raw_solution": [[[1.0, [0, 1, 31], [[[1, 12], 0], [[1, 22], 1], [[1, 4], 1], [[1, 15], 1], [[1, 19], 1], [[1, 20], 0]]], [1.0, [0, 29, 31], [[[29, 21], 0], [[29, 10], 1], [[29, 24], 1]]], [1.0, [0, 15, 28, 23, 20, 3, 31], []], [1.0, [0, 16, 5, 30, 13, 2, 31], [[[5, 18], 0], [[30, 11], 0]]], [1.0, [0, 6, 25, 26, 17, 31], [[[17, 27], 0]]], [1.0, [0, 7, 8, 31], [[[7, 9], 0], [[7, 14], 1], [[7, 15], 1], [[8, 10], 0]]]], [[1.0, [1, 4]], [1.0, [1, 12]], [1.0, [1, 19]], [1.0, [1, 22]], [1.0, [5, 18]], [1.0, [7, 9]], [1.0, [7, 14]], [1.0, [8, 10]], [1.0, [17, 27]], [1.0, [29, 21]], [1.0, [29, 24]], [1.0, [30, 11]]]], "solution": [[[0, 1, 31], [[[1, 12]], [[1, 22], [1, 4], [1, 19]]]], [[0, 29, 31], [[[29, 21]], [[29, 24]]]], [[0, 15, 28, 23, 20, 3, 31], [[], []]], [[0, 16, 5, 30, 13, 2, 31], [[[5, 18], [30, 11]], []]], [[0, 6, 25, 26, 17, 31], [[[17, 27]], []]], [[0, 7, 8, 31], [[[7, 9], [8, 10]], [[7, 14]]]]], "num_bnb_nodes": 1, "num_bnb_remaining_nodes": 0, "tot_num_gen_cols": 672, "tot_num_labels": 40020628, "termination_status": "Time limit"}