{"problem": {"name": "CVS-21-7", "datafile": "problems/ups_tw/CVS-21-7.vrp", "num_cust_nodes": 20, "num_tot_nodes": 22, "Gamma": 2, "t_range": 0.25, "Delta": 0, "d_range": 0.25, "num_drones": 2, "drone_time_multiplier": 1, "drone_cost_multiplier": 1, "flight_limit": 500, "demand_ratio": 0.75}, "timelimit": 3600, "num_cpus": 4, "alg": "BnP", "root_LP": 39141.5, "tot_cg_iterations": 23, "global_lb": 39141.5, "time": 2.7120282649993896, "obj": 39272.0, "tot_mp_time": 0.0158689022064209, "tot_sp_time": 2.6502184867858887, "tot_sp_heu1_time": 1.481781005859375, "tot_sp_heu2_time": 0.8482666015625, "tot_sp_exact_time": 0.3171703815460205, "tot_num_sp_heu1": 23, "tot_num_sp_heu2": 12, "tot_num_sp_exact": 4, "tot_sp1_time": 9.247650146484375, "tot_sp2_time": 0.5323390960693359, "tot_heu_time": 0.025035619735717773, "raw_solution": [[[1.0, [0, 1, 17, 9, 3, 21], [[[9, 16], 0]]], [1.0, [0, 6, 5, 15, 21], [[[6, 18], 0], [[5, 11], 0], [[15, 14], 0]]], [1.0, [0, 20, 8, 12, 21], [[[8, 2], 0]]], [1.0, [0, 19, 7, 10, 4, 21], [[[19, 13], 0]]]], [[1.0, [5, 11]], [1.0, [6, 18]], [1.0, [8, 2]], [1.0, [9, 16]], [1.0, [15, 14]], [1.0, [19, 13]]]], "solution": [[[0, 1, 17, 9, 3, 21], [[[9, 16]], []]], [[0, 6, 5, 15, 21], [[[6, 18], [5, 11], [15, 14]], []]], [[0, 20, 8, 12, 21], [[[8, 2]], []]], [[0, 19, 7, 10, 4, 21], [[[19, 13]], []]]], "num_bnb_nodes": 3, "num_bnb_remaining_nodes": 0, "tot_num_gen_cols": 302, "tot_num_labels": 7857, "termination_status": "Optimal"}