{"problem": {"name": "CVS-21-6", "datafile": "problems/ups_tw/CVS-21-6.vrp", "num_cust_nodes": 20, "num_tot_nodes": 22, "Gamma": 2, "t_range": 0.25, "Delta": 1, "d_range": 0.25, "num_drones": 2, "drone_time_multiplier": 1, "drone_cost_multiplier": 1, "flight_limit": 500, "demand_ratio": 0.75}, "timelimit": 3600, "num_cpus": 4, "alg": "BnP", "root_LP": 35025.5, "tot_cg_iterations": 19, "global_lb": 35025.5, "time": 3.8809845447540283, "obj": 35832.0, "tot_mp_time": 0.023581504821777344, "tot_sp_time": 3.805877923965454, "tot_sp_heu1_time": 1.792628526687622, "tot_sp_heu2_time": 1.339629888534546, "tot_sp_exact_time": 0.6704609394073486, "tot_num_sp_heu1": 19, "tot_num_sp_heu2": 13, "tot_num_sp_exact": 5, "tot_sp1_time": 12.920280933380127, "tot_sp2_time": 0.9327912330627441, "tot_heu_time": 0.026935338973999023, "raw_solution": [[[1.0, [0, 7, 21], [[[7, 14], 0], [[7, 5], 1], [[7, 11], 1]]], [1.0, [0, 16, 21], [[[16, 2], 0], [[16, 3], 1]]], [1.0, [0, 15, 4, 21], [[[15, 6], 0], [[15, 20], 1], [[4, 1], 0], [[4, 9], 1]]], [1.0, [0, 13, 19, 21], [[[19, 10], 0], [[19, 12], 1]]], [1.0, [0, 18, 17, 21], [[[18, 8], 0], [[18, 11], 1]]]], [[1.0, [4, 1]], [1.0, [4, 9]], [1.0, [7, 5]], [1.0, [7, 14]], [1.0, [15, 6]], [1.0, [15, 20]], [1.0, [16, 2]], [1.0, [16, 3]], [1.0, [18, 8]], [1.0, [18, 11]], [1.0, [19, 10]], [1.0, [19, 12]]]], "solution": [[[0, 7, 21], [[[7, 14]], [[7, 5]]]], [[0, 16, 21], [[[16, 2]], [[16, 3]]]], [[0, 15, 4, 21], [[[15, 6], [4, 1]], [[15, 20], [4, 9]]]], [[0, 13, 19, 21], [[[19, 10]], [[19, 12]]]], [[0, 18, 17, 21], [[[18, 8]], [[18, 11]]]]], "num_bnb_nodes": 3, "num_bnb_remaining_nodes": 0, "tot_num_gen_cols": 309, "tot_num_labels": 21880, "termination_status": "Optimal"}