{"problem": {"name": "CVS-21-2", "datafile": "problems/ups_tw/CVS-21-2.vrp", "num_cust_nodes": 20, "num_tot_nodes": 22, "Gamma": 0, "t_range": 0.25, "Delta": 2, "d_range": 0.25, "num_drones": 2, "drone_time_multiplier": 1, "drone_cost_multiplier": 1, "flight_limit": 500, "demand_ratio": 0.75}, "timelimit": 3600, "num_cpus": 4, "alg": "BnP", "root_LP": 34144.20833333333, "tot_cg_iterations": 560, "global_lb": 34791.28571428572, "time": 406.0692632198334, "obj": 34794.99999999999, "tot_mp_time": 0.6095190048217773, "tot_sp_time": 395.4809184074402, "tot_sp_heu1_time": 41.5135018825531, "tot_sp_heu2_time": 206.82442665100098, "tot_sp_exact_time": 146.97327613830566, "tot_num_sp_heu1": 560, "tot_num_sp_heu2": 520, "tot_num_sp_exact": 269, "tot_sp1_time": 1219.2429962158203, "tot_sp2_time": 242.01575112342834, "tot_heu_time": 8.266705513000488, "raw_solution": [[[1.0, [0, 11, 16, 13, 1, 21], []], [1.0, [0, 8, 4, 21], [[[8, 17], 0], [[8, 19], 1]]], [1.0, [0, 2, 12, 10, 15, 7, 18, 21], [[[2, 3], 0]]], [1.0, [0, 6, 9, 21], [[[9, 14], 0], [[9, 5], 1], [[9, 20], 1]]]], [[1.0, [2, 3]], [1.0, [8, 17]], [1.0, [8, 19]], [1.0, [9, 5]], [1.0, [9, 14]], [1.0, [9, 20]]]], "solution": [[[0, 11, 16, 13, 1, 21], [[], []]], [[0, 8, 4, 21], [[[8, 17]], [[8, 19]]]], [[0, 2, 12, 10, 15, 7, 18, 21], [[[2, 3]], []]], [[0, 6, 9, 21], [[[9, 14]], [[9, 5], [9, 20]]]]], "num_bnb_nodes": 185, "num_bnb_remaining_nodes": 0, "tot_num_gen_cols": 3083, "tot_num_labels": 29827063, "termination_status": "Optimal"}