{"problem": {"name": "CVS-31-8", "datafile": "problems/ups_tw/CVS-31-8.vrp", "num_cust_nodes": 30, "num_tot_nodes": 32, "Gamma": 1, "t_range": 0.25, "Delta": 0, "d_range": 0.25, "num_drones": 2, "drone_time_multiplier": 1, "drone_cost_multiplier": 1, "flight_limit": 500, "demand_ratio": 0.75}, "timelimit": 3600, "num_cpus": 4, "alg": "BnP", "root_LP": 41151.45833333334, "tot_cg_iterations": 265, "global_lb": 41611.66666666666, "time": 331.9867386817932, "obj": 41614.0, "tot_mp_time": 0.39970850944519043, "tot_sp_time": 325.7499442100525, "tot_sp_heu1_time": 76.04080820083618, "tot_sp_heu2_time": 154.76843404769897, "tot_sp_exact_time": 94.83675003051758, "tot_num_sp_heu1": 265, "tot_num_sp_heu2": 249, "tot_num_sp_exact": 121, "tot_sp1_time": 853.2441294193268, "tot_sp2_time": 375.7547688484192, "tot_heu_time": 4.890578985214233, "raw_solution": [[[1.0, [0, 28, 31], [[[28, 6], 0], [[28, 14], 1]]], [1.0, [0, 9, 8, 24, 31], [[[9, 7], 0]]], [1.0, [0, 13, 16, 19, 18, 31], [[[19, 23], 0], [[18, 11], 0]]], [1.0, [0, 3, 25, 31], [[[3, 2], 0], [[25, 17], 0], [[25, 30], 1]]], [1.0, [0, 1, 4, 31], [[[1, 15], 0], [[1, 27], 1], [[4, 22], 0]]], [1.0, [0, 10, 31], [[[10, 5], 0], [[10, 12], 1], [[10, 20], 1], [[10, 21], 0], [[10, 26], 0], [[10, 29], 0]]]], [[1.0, [1, 15]], [1.0, [1, 27]], [1.0, [3, 2]], [1.0, [4, 22]], [1.0, [9, 7]], [1.0, [10, 5]], [1.0, [10, 12]], [1.0, [10, 20]], [1.0, [10, 21]], [1.0, [10, 26]], [1.0, [10, 29]], [1.0, [18, 11]], [1.0, [19, 23]], [1.0, [25, 17]], [1.0, [25, 30]], [1.0, [28, 6]], [1.0, [28, 14]]]], "solution": [[[0, 28, 31], [[[28, 6]], [[28, 14]]]], [[0, 9, 8, 24, 31], [[[9, 7]], []]], [[0, 13, 16, 19, 18, 31], [[[19, 23], [18, 11]], []]], [[0, 3, 25, 31], [[[3, 2], [25, 17]], [[25, 30]]]], [[0, 1, 4, 31], [[[1, 15], [4, 22]], [[1, 27]]]], [[0, 10, 31], [[[10, 5], [10, 21], [10, 26], [10, 29]], [[10, 12], [10, 20]]]]], "num_bnb_nodes": 107, "num_bnb_remaining_nodes": 0, "tot_num_gen_cols": 1172, "tot_num_labels": 12330174, "termination_status": "Optimal"}