{"problem": {"name": "CVS-31-2", "datafile": "problems/ups_tw/CVS-31-2.vrp", "num_cust_nodes": 30, "num_tot_nodes": 32, "Gamma": 1, "t_range": 0.25, "Delta": 0, "d_range": 0.25, "num_drones": 2, "drone_time_multiplier": 1, "drone_cost_multiplier": 1, "flight_limit": 500, "demand_ratio": 0.75}, "timelimit": 3600, "num_cpus": 4, "alg": "BnP", "root_LP": 45652.291666666664, "tot_cg_iterations": 17, "global_lb": 45652.291666666664, "time": 3616.1788799762726, "obj": 46547.0, "tot_mp_time": 0.026164770126342773, "tot_sp_time": 3616.0379297733307, "tot_sp_heu1_time": 4.474255323410034, "tot_sp_heu2_time": 3604.7612311840057, "tot_sp_exact_time": 6.797654151916504, "tot_num_sp_heu1": 17, "tot_num_sp_heu2": 3, "tot_num_sp_exact": 1, "tot_sp1_time": 14402.698168039322, "tot_sp2_time": 39.04961895942688, "tot_heu_time": 0.04948925971984863, "raw_solution": [[[1.0, [0, 23, 31], [[[23, 14], 0], [[23, 26], 1], [[23, 9], 1]]], [1.0, [0, 3, 24, 11, 5, 16, 31], [[[24, 25], 0], [[24, 30], 1]]], [1.0, [0, 6, 20, 12, 10, 15, 7, 18, 31], []], [1.0, [0, 13, 28, 1, 27, 2, 31], []], [1.0, [0, 21, 8, 19, 22, 29, 17, 4, 31], []]], [[1.0, [23, 9]], [1.0, [23, 14]], [1.0, [23, 26]], [1.0, [24, 25]], [1.0, [24, 30]]]], "solution": [[[0, 23, 31], [[[23, 14]], [[23, 26], [23, 9]]]], [[0, 3, 24, 11, 5, 16, 31], [[[24, 25]], [[24, 30]]]], [[0, 6, 20, 12, 10, 15, 7, 18, 31], [[], []]], [[0, 13, 28, 1, 27, 2, 31], [[], []]], [[0, 21, 8, 19, 22, 29, 17, 4, 31], [[], []]]], "num_bnb_nodes": 1, "num_bnb_remaining_nodes": 0, "tot_num_gen_cols": 398, "tot_num_labels": 7178670, "termination_status": "Time limit"}