{"problem": {"name": "CVS-21-10", "datafile": "problems/ups_tw/CVS-21-10.vrp", "num_cust_nodes": 20, "num_tot_nodes": 22, "Gamma": 0, "t_range": 0.25, "Delta": 2, "d_range": 0.25, "num_drones": 2, "drone_time_multiplier": 1, "drone_cost_multiplier": 1, "flight_limit": 500, "demand_ratio": 0.75}, "timelimit": 3600, "num_cpus": 4, "alg": "BnP", "root_LP": 34763.78571428572, "tot_cg_iterations": 145, "global_lb": 35770.8, "time": 37.936246156692505, "obj": 35776.0, "tot_mp_time": 0.08144617080688477, "tot_sp_time": 36.460834980010986, "tot_sp_heu1_time": 12.257482767105103, "tot_sp_heu2_time": 15.120134830474854, "tot_sp_exact_time": 9.056451320648193, "tot_num_sp_heu1": 145, "tot_num_sp_heu2": 125, "tot_num_sp_exact": 66, "tot_sp1_time": 94.82935738563538, "tot_sp2_time": 39.67955780029297, "tot_heu_time": 1.1554081439971924, "raw_solution": [[[1.0, [0, 4, 21], [[[4, 17], 0], [[4, 14], 1], [[4, 8], 1]]], [1.0, [0, 12, 21], [[[12, 15], 0], [[12, 13], 1], [[12, 2], 1]]], [1.0, [0, 7, 19, 10, 21], [[[7, 6], 0], [[19, 5], 0]]], [1.0, [0, 3, 20, 21], [[[20, 16], 0]]], [1.0, [0, 18, 1, 15, 21], [[[15, 9], 0], [[15, 11], 1]]]], [[1.0, [4, 8]], [1.0, [4, 14]], [1.0, [4, 17]], [1.0, [7, 6]], [1.0, [12, 2]], [1.0, [12, 13]], [1.0, [15, 9]], [1.0, [15, 11]], [1.0, [19, 5]], [1.0, [20, 16]]]], "solution": [[[0, 4, 21], [[[4, 17]], [[4, 14], [4, 8]]]], [[0, 12, 21], [[], [[12, 13], [12, 2]]]], [[0, 7, 19, 10, 21], [[[7, 6], [19, 5]], []]], [[0, 3, 20, 21], [[[20, 16]], []]], [[0, 18, 1, 15, 21], [[[15, 9]], [[15, 11]]]]], "num_bnb_nodes": 57, "num_bnb_remaining_nodes": 0, "tot_num_gen_cols": 705, "tot_num_labels": 1058980, "termination_status": "Optimal"}