{"problem": {"name": "CVS-31-2", "datafile": "problems/ups_tw/CVS-31-2.vrp", "num_cust_nodes": 30, "num_tot_nodes": 32, "Gamma": 0, "t_range": 0.25, "Delta": 0, "d_range": 0.25, "num_drones": 2, "drone_time_multiplier": 1, "drone_cost_multiplier": 1, "flight_limit": 500, "demand_ratio": 0.75}, "timelimit": 3600, "num_cpus": 4, "alg": "BnP", "root_LP": 45465.00680272109, "tot_cg_iterations": 15, "global_lb": 45465.00680272109, "time": 3621.098719596863, "obj": 47012.0, "tot_mp_time": 0.01812887191772461, "tot_sp_time": 3620.9583916664124, "tot_sp_heu1_time": 3.96352219581604, "tot_sp_heu2_time": 3608.9093017578125, "tot_sp_exact_time": 8.081839561462402, "tot_num_sp_heu1": 15, "tot_num_sp_heu2": 2, "tot_num_sp_exact": 1, "tot_sp1_time": 14451.16440486908, "tot_sp2_time": 14.91720199584961, "tot_heu_time": 0.07421731948852539, "raw_solution": [[[1.0, [0, 20, 31], [[[20, 15], 0], [[20, 14], 1], [[20, 26], 1], [[20, 9], 0], [[20, 10], 1]]], [1.0, [0, 2, 11, 5, 16, 31], [[[2, 3], 0]]], [1.0, [0, 1, 28, 13, 27, 24, 30, 21, 31], []], [1.0, [0, 9, 6, 23, 7, 12, 10, 18, 31], []], [1.0, [0, 25, 8, 19, 22, 29, 17, 4, 31], [[[8, 30], 0]]]], [[1.0, [2, 3]], [1.0, [20, 14]], [1.0, [20, 15]], [1.0, [20, 26]]]], "solution": [[[0, 20, 31], [[[20, 15]], [[20, 14], [20, 26]]]], [[0, 2, 11, 5, 16, 31], [[[2, 3]], []]], [[0, 1, 28, 13, 27, 24, 30, 21, 31], [[], []]], [[0, 9, 6, 23, 7, 12, 10, 18, 31], [[], []]], [[0, 25, 8, 19, 22, 29, 17, 4, 31], [[], []]]], "num_bnb_nodes": 1, "num_bnb_remaining_nodes": 0, "tot_num_gen_cols": 377, "tot_num_labels": 5724106, "termination_status": "Time limit"}