{"problem": {"name": "CVS-31-7", "datafile": "problems/ups_tw/CVS-31-7.vrp", "num_cust_nodes": 30, "num_tot_nodes": 32, "Gamma": 2, "t_range": 0.25, "Delta": 2, "d_range": 0.25, "num_drones": 2, "drone_time_multiplier": 1, "drone_cost_multiplier": 1, "flight_limit": 500, "demand_ratio": 0.75}, "timelimit": 3600, "num_cpus": 4, "alg": "BnP", "root_LP": 47229.892857142855, "tot_cg_iterations": 1530, "global_lb": 47834.166666666664, "time": 3600.813861131668, "obj": 48115.0, "tot_mp_time": 2.887803792953491, "tot_sp_time": 3484.955091238022, "tot_sp_heu1_time": 436.8196439743042, "tot_sp_heu2_time": 1388.1467518806458, "tot_sp_exact_time": 1659.1565616130829, "tot_num_sp_heu1": 1530, "tot_num_sp_heu2": 1511, "tot_num_sp_exact": 1103, "tot_sp1_time": 7999.10394859314, "tot_sp2_time": 5221.043434619904, "tot_heu_time": 97.66152167320251, "raw_solution": [[[1.0, [0, 16, 31], [[[16, 17], 0], [[16, 9], 1], [[16, 3], 0], [[16, 22], 0]]], [1.0, [0, 24, 31], [[[24, 19], 0], [[24, 21], 1], [[24, 30], 1], [[24, 7], 0]]], [1.0, [0, 6, 18, 2, 31], [[[2, 23], 0]]], [1.0, [0, 4, 28, 10, 31], [[[28, 27], 0], [[10, 7], 0]]], [1.0, [0, 13, 25, 8, 31], [[[13, 26], 0], [[25, 11], 0]]], [1.0, [0, 15, 31], [[[15, 5], 0], [[15, 14], 1], [[15, 29], 0]]], [1.0, [0, 12, 20, 31], [[[12, 1], 0], [[12, 22], 1]]]], [[1.0, [2, 23]], [1.0, [10, 7]], [1.0, [12, 1]], [1.0, [12, 22]], [1.0, [13, 26]], [1.0, [15, 5]], [1.0, [15, 14]], [1.0, [15, 29]], [1.0, [16, 3]], [1.0, [16, 9]], [1.0, [16, 17]], [1.0, [24, 19]], [1.0, [24, 21]], [1.0, [24, 30]], [1.0, [25, 11]], [1.0, [28, 27]]]], "solution": [[[0, 16, 31], [[[16, 17], [16, 3]], [[16, 9]]]], [[0, 24, 31], [[[24, 19]], [[24, 21], [24, 30]]]], [[0, 6, 18, 2, 31], [[[2, 23]], []]], [[0, 4, 28, 10, 31], [[[28, 27], [10, 7]], []]], [[0, 13, 25, 8, 31], [[[13, 26], [25, 11]], []]], [[0, 15, 31], [[[15, 5], [15, 29]], [[15, 14]]]], [[0, 12, 20, 31], [[[12, 1]], [[12, 22]]]]], "num_bnb_nodes": 1795, "num_bnb_remaining_nodes": 806, "tot_num_gen_cols": 2490, "tot_num_labels": 203428823, "termination_status": "Time limit"}