{"problem": {"name": "CVS-21-3", "datafile": "problems/ups_tw/CVS-21-3.vrp", "num_cust_nodes": 20, "num_tot_nodes": 22, "Gamma": 1, "t_range": 0.25, "Delta": 2, "d_range": 0.25, "num_drones": 2, "drone_time_multiplier": 1, "drone_cost_multiplier": 1, "flight_limit": 500, "demand_ratio": 0.75}, "timelimit": 3600, "num_cpus": 4, "alg": "BnP", "root_LP": 36493.0, "tot_cg_iterations": 2889, "global_lb": 38121.290322580644, "time": 710.8628988265991, "obj": 38123.0, "tot_mp_time": 9.759189128875732, "tot_sp_time": 469.9392468929291, "tot_sp_heu1_time": 169.02927684783936, "tot_sp_heu2_time": 180.26238894462585, "tot_sp_exact_time": 120.20865535736084, "tot_num_sp_heu1": 2889, "tot_num_sp_heu2": 2815, "tot_num_sp_exact": 1813, "tot_sp1_time": 1306.6041095256805, "tot_sp2_time": 347.2265009880066, "tot_heu_time": 191.2876603603363, "raw_solution": [[[1.0, [0, 10, 12, 21], [[[12, 4], 0], [[12, 17], 1]]], [1.0, [0, 6, 8, 21], [[[6, 2], 0], [[6, 11], 1]]], [1.0, [0, 14, 21], [[[14, 1], 0], [[14, 2], 1], [[14, 16], 1], [[14, 15], 1]]], [1.0, [0, 5, 13, 21], [[[5, 7], 0], [[5, 19], 1]]], [1.0, [0, 20, 18, 21], [[[20, 3], 0], [[18, 9], 0], [[18, 11], 1]]]], [[1.0, [5, 7]], [1.0, [5, 19]], [1.0, [6, 2]], [1.0, [6, 11]], [1.0, [12, 4]], [1.0, [12, 17]], [1.0, [14, 1]], [1.0, [14, 15]], [1.0, [14, 16]], [1.0, [18, 9]], [1.0, [20, 3]]]], "solution": [[[0, 10, 12, 21], [[[12, 4]], [[12, 17]]]], [[0, 6, 8, 21], [[[6, 2]], [[6, 11]]]], [[0, 14, 21], [[[14, 1]], [[14, 16], [14, 15]]]], [[0, 5, 13, 21], [[[5, 7]], [[5, 19]]]], [[0, 20, 18, 21], [[[20, 3], [18, 9]], []]]], "num_bnb_nodes": 1593, "num_bnb_remaining_nodes": 0, "tot_num_gen_cols": 4778, "tot_num_labels": 2146250, "termination_status": "Optimal"}