{"problem": {"name": "CVS-21-4", "datafile": "problems/ups_tw/CVS-21-4.vrp", "num_cust_nodes": 20, "num_tot_nodes": 22, "Gamma": 2, "t_range": 0.25, "Delta": 2, "d_range": 0.25, "num_drones": 2, "drone_time_multiplier": 1, "drone_cost_multiplier": 1, "flight_limit": 500, "demand_ratio": 0.75}, "timelimit": 3600, "num_cpus": 4, "alg": "BnP", "root_LP": 40291.0, "tot_cg_iterations": 101, "global_lb": 41071.80000000001, "time": 27.970837831497192, "obj": 41110.0, "tot_mp_time": 0.05889272689819336, "tot_sp_time": 27.242077350616455, "tot_sp_heu1_time": 8.369988441467285, "tot_sp_heu2_time": 11.443897247314453, "tot_sp_exact_time": 7.409293174743652, "tot_num_sp_heu1": 101, "tot_num_sp_heu2": 80, "tot_num_sp_exact": 44, "tot_sp1_time": 62.82187104225159, "tot_sp2_time": 36.536099910736084, "tot_heu_time": 0.5268514156341553, "raw_solution": [[[1.0, [0, 18, 21], [[[18, 5], 0]]], [1.0, [0, 6, 17, 19, 21], [[[19, 12], 0]]], [1.0, [0, 11, 13, 21], [[[11, 5], 0], [[13, 2], 0], [[13, 16], 1]]], [1.0, [0, 15, 21], [[[15, 1], 0], [[15, 3], 1], [[15, 20], 0], [[15, 4], 0], [[15, 12], 0]]], [1.0, [0, 10, 7, 21], [[[10, 8], 0], [[7, 9], 0], [[7, 14], 1]]]], [[1.0, [7, 9]], [1.0, [7, 14]], [1.0, [10, 8]], [1.0, [13, 2]], [1.0, [13, 16]], [1.0, [15, 1]], [1.0, [15, 3]], [1.0, [15, 4]], [1.0, [15, 20]], [1.0, [18, 5]], [1.0, [19, 12]]]], "solution": [[[0, 18, 21], [[[18, 5]], []]], [[0, 6, 17, 19, 21], [[[19, 12]], []]], [[0, 11, 13, 21], [[[13, 2]], [[13, 16]]]], [[0, 15, 21], [[[15, 1], [15, 20], [15, 4]], [[15, 3]]]], [[0, 10, 7, 21], [[[10, 8], [7, 9]], [[7, 14]]]]], "num_bnb_nodes": 31, "num_bnb_remaining_nodes": 0, "tot_num_gen_cols": 601, "tot_num_labels": 894383, "termination_status": "Optimal"}