{"problem": {"name": "CVS-31-10", "datafile": "problems/ups_tw/CVS-31-10.vrp", "num_cust_nodes": 30, "num_tot_nodes": 32, "Gamma": 2, "t_range": 0.25, "Delta": 1, "d_range": 0.25, "num_drones": 2, "drone_time_multiplier": 1, "drone_cost_multiplier": 1, "flight_limit": 500, "demand_ratio": 0.75}, "timelimit": 3600, "num_cpus": 4, "alg": "BnP", "root_LP": 42411.479999999996, "tot_cg_iterations": 18, "global_lb": 42411.479999999996, "time": 3641.3899779319763, "obj": 46980.0, "tot_mp_time": 0.03761935234069824, "tot_sp_time": 3641.1744616031647, "tot_sp_heu1_time": 7.437760829925537, "tot_sp_heu2_time": 3620.909534931183, "tot_sp_exact_time": 12.8227219581604, "tot_num_sp_heu1": 18, "tot_num_sp_heu2": 1, "tot_num_sp_exact": 1, "tot_sp1_time": 14549.523430585861, "tot_sp2_time": 8.556093692779541, "tot_heu_time": 0.12005162239074707, "raw_solution": [[[1.0, [0, 28, 31], [[[28, 24], 0], [[28, 7], 1], [[28, 18], 1], [[28, 23], 0]]], [1.0, [0, 3, 5, 10, 19, 11, 31], [[[3, 27], 0]]], [1.0, [0, 2, 13, 21, 6, 31], [[[13, 12], 0]]], [1.0, [0, 23, 30, 1, 9, 15, 29, 31], []], [1.0, [0, 4, 14, 31], [[[14, 17], 0]]], [1.0, [0, 8, 16, 26, 20, 25, 27, 22, 31], []]], [[1.0, [13, 12]], [1.0, [14, 17]], [1.0, [28, 7]], [1.0, [28, 18]], [1.0, [28, 24]]]], "solution": [[[0, 28, 31], [[[28, 24]], [[28, 7], [28, 18]]]], [[0, 3, 5, 10, 19, 11, 31], [[], []]], [[0, 2, 13, 21, 6, 31], [[[13, 12]], []]], [[0, 23, 30, 1, 9, 15, 29, 31], [[], []]], [[0, 4, 14, 31], [[[14, 17]], []]], [[0, 8, 16, 26, 20, 25, 27, 22, 31], [[], []]]], "num_bnb_nodes": 1, "num_bnb_remaining_nodes": 0, "tot_num_gen_cols": 321, "tot_num_labels": 4953112, "termination_status": "Time limit"}