{"problem": {"name": "CVS-31-7", "datafile": "problems/ups_tw/CVS-31-7.vrp", "num_cust_nodes": 30, "num_tot_nodes": 32, "Gamma": 1, "t_range": 0.25, "Delta": 0, "d_range": 0.25, "num_drones": 2, "drone_time_multiplier": 1, "drone_cost_multiplier": 1, "flight_limit": 500, "demand_ratio": 0.75}, "timelimit": 3600, "num_cpus": 4, "alg": "BnP", "root_LP": 47082.071428571435, "tot_cg_iterations": 1370, "global_lb": 47642.17241379311, "time": 3600.986078262329, "obj": 48115.0, "tot_mp_time": 2.4719605445861816, "tot_sp_time": 3499.4079310894012, "tot_sp_heu1_time": 366.6536452770233, "tot_sp_heu2_time": 1549.9431309700012, "tot_sp_exact_time": 1582.277422428131, "tot_num_sp_heu1": 1370, "tot_num_sp_heu2": 1352, "tot_num_sp_exact": 933, "tot_sp1_time": 8348.422489881516, "tot_sp2_time": 5078.3086133003235, "tot_heu_time": 85.41408133506775, "raw_solution": [[[1.0, [0, 16, 31], [[[16, 17], 0], [[16, 9], 1], [[16, 3], 1], [[16, 22], 0]]], [1.0, [0, 24, 31], [[[24, 19], 0], [[24, 21], 1], [[24, 30], 1], [[24, 7], 0]]], [1.0, [0, 4, 28, 10, 31], [[[28, 27], 0], [[10, 7], 0]]], [1.0, [0, 6, 18, 2, 31], [[[2, 23], 0]]], [1.0, [0, 12, 20, 31], [[[12, 1], 0], [[12, 22], 1]]], [1.0, [0, 13, 25, 8, 31], [[[13, 26], 0], [[25, 11], 0]]], [1.0, [0, 15, 31], [[[15, 5], 0], [[15, 14], 1], [[15, 29], 0]]]], [[1.0, [2, 23]], [1.0, [10, 7]], [1.0, [12, 1]], [1.0, [12, 22]], [1.0, [13, 26]], [1.0, [15, 5]], [1.0, [15, 14]], [1.0, [15, 29]], [1.0, [16, 3]], [1.0, [16, 9]], [1.0, [16, 17]], [1.0, [24, 19]], [1.0, [24, 21]], [1.0, [24, 30]], [1.0, [25, 11]], [1.0, [28, 27]]]], "solution": [[[0, 16, 31], [[[16, 17]], [[16, 9], [16, 3]]]], [[0, 24, 31], [[[24, 19]], [[24, 21], [24, 30]]]], [[0, 4, 28, 10, 31], [[[28, 27], [10, 7]], []]], [[0, 6, 18, 2, 31], [[[2, 23]], []]], [[0, 12, 20, 31], [[[12, 1]], [[12, 22]]]], [[0, 13, 25, 8, 31], [[[13, 26], [25, 11]], []]], [[0, 15, 31], [[[15, 5], [15, 29]], [[15, 14]]]]], "num_bnb_nodes": 1605, "num_bnb_remaining_nodes": 773, "tot_num_gen_cols": 2484, "tot_num_labels": 247673086, "termination_status": "Time limit"}