{"problem": {"name": "CVS-21-8", "datafile": "problems/ups_tw/CVS-21-8.vrp", "num_cust_nodes": 20, "num_tot_nodes": 22, "Gamma": 0, "t_range": 0.25, "Delta": 2, "d_range": 0.25, "num_drones": 2, "drone_time_multiplier": 1, "drone_cost_multiplier": 1, "flight_limit": 500, "demand_ratio": 0.75}, "timelimit": 3600, "num_cpus": 4, "alg": "BnP", "root_LP": 29442.0, "tot_cg_iterations": 15, "global_lb": 29442.0, "time": 20.588836908340454, "obj": 29442.0, "tot_mp_time": 0.017754077911376953, "tot_sp_time": 20.546464443206787, "tot_sp_heu1_time": 1.3316543102264404, "tot_sp_heu2_time": 12.341395378112793, "tot_sp_exact_time": 6.869673013687134, "tot_num_sp_heu1": 15, "tot_num_sp_heu2": 8, "tot_num_sp_exact": 2, "tot_sp1_time": 73.96534895896912, "tot_sp2_time": 4.256237268447876, "tot_heu_time": 0.008658647537231445, "raw_solution": [[[1.0, [0, 9, 21], [[[9, 8], 0], [[9, 1], 1], [[9, 7], 0], [[9, 15], 0]]], [1.0, [0, 10, 21], [[[10, 5], 0], [[10, 20], 1], [[10, 4], 1], [[10, 12], 0]]], [1.0, [0, 3, 19, 17, 21], [[[3, 18], 0], [[19, 2], 0], [[17, 11], 0]]], [1.0, [0, 16, 13, 14, 21], [[[14, 6], 0]]]], [[1.0, [3, 18]], [1.0, [9, 1]], [1.0, [9, 7]], [1.0, [9, 8]], [1.0, [9, 15]], [1.0, [10, 4]], [1.0, [10, 5]], [1.0, [10, 12]], [1.0, [10, 20]], [1.0, [14, 6]], [1.0, [17, 11]], [1.0, [19, 2]]]], "solution": [[[0, 9, 21], [[[9, 8], [9, 7], [9, 15]], [[9, 1]]]], [[0, 10, 21], [[[10, 5], [10, 12]], [[10, 20], [10, 4]]]], [[0, 3, 19, 17, 21], [[[3, 18], [19, 2], [17, 11]], []]], [[0, 16, 13, 14, 21], [[[14, 6]], []]]], "num_bnb_nodes": 1, "num_bnb_remaining_nodes": 0, "tot_num_gen_cols": 270, "tot_num_labels": 668046, "termination_status": "Optimal"}