{"problem": {"name": "CVS-21-2", "datafile": "problems/ups_tw/CVS-21-2.vrp", "num_cust_nodes": 20, "num_tot_nodes": 22, "Gamma": 0, "t_range": 0.25, "Delta": 0, "d_range": 0.25, "num_drones": 2, "drone_time_multiplier": 1, "drone_cost_multiplier": 1, "flight_limit": 500, "demand_ratio": 0.75}, "timelimit": 3600, "num_cpus": 4, "alg": "BnP", "root_LP": 34087.5, "tot_cg_iterations": 636, "global_lb": 34792.5, "time": 544.7958977222443, "obj": 34795.0, "tot_mp_time": 0.7918620109558105, "tot_sp_time": 529.5137510299683, "tot_sp_heu1_time": 55.89491128921509, "tot_sp_heu2_time": 268.67205238342285, "tot_sp_exact_time": 204.73815274238586, "tot_num_sp_heu1": 636, "tot_num_sp_heu2": 595, "tot_num_sp_exact": 311, "tot_sp1_time": 1506.2046918869019, "tot_sp2_time": 436.69970655441284, "tot_heu_time": 12.313284873962402, "raw_solution": [[[1.0, [0, 11, 16, 13, 1, 21], []], [1.0, [0, 8, 4, 21], [[[8, 17], 0], [[8, 19], 1]]], [1.0, [0, 6, 9, 21], [[[6, 12], 0], [[9, 14], 0], [[9, 5], 1], [[9, 20], 1]]], [1.0, [0, 2, 12, 10, 15, 7, 18, 21], [[[2, 3], 0]]]], [[1.0, [2, 3]], [1.0, [8, 17]], [1.0, [8, 19]], [1.0, [9, 5]], [1.0, [9, 14]], [1.0, [9, 20]]]], "solution": [[[0, 11, 16, 13, 1, 21], [[], []]], [[0, 8, 4, 21], [[[8, 17]], [[8, 19]]]], [[0, 6, 9, 21], [[[9, 14]], [[9, 5], [9, 20]]]], [[0, 2, 12, 10, 15, 7, 18, 21], [[[2, 3]], []]]], "num_bnb_nodes": 205, "num_bnb_remaining_nodes": 0, "tot_num_gen_cols": 2917, "tot_num_labels": 35554954, "termination_status": "Optimal"}