{"problem": {"name": "CVS-31-10", "datafile": "problems/ups_tw/CVS-31-10.vrp", "num_cust_nodes": 30, "num_tot_nodes": 32, "Gamma": 2, "t_range": 0.25, "Delta": 2, "d_range": 0.25, "num_drones": 2, "drone_time_multiplier": 1, "drone_cost_multiplier": 1, "flight_limit": 500, "demand_ratio": 0.75}, "timelimit": 3600, "num_cpus": 4, "alg": "BnP", "root_LP": 42371.88095238095, "tot_cg_iterations": 16, "global_lb": 42371.88095238095, "time": 3634.086857318878, "obj": 47572.0, "tot_mp_time": 0.024627208709716797, "tot_sp_time": 3633.837262868881, "tot_sp_heu1_time": 4.337610960006714, "tot_sp_heu2_time": 3615.2537813186646, "tot_sp_exact_time": 14.242358446121216, "tot_num_sp_heu1": 16, "tot_num_sp_heu2": 1, "tot_num_sp_exact": 1, "tot_sp1_time": 14524.151673793793, "tot_sp2_time": 7.468399286270142, "tot_heu_time": 0.14504671096801758, "raw_solution": [[[1.0, [0, 3, 31], [[[3, 25], 0], [[3, 20], 1], [[3, 26], 0], [[3, 16], 1], [[3, 22], 0], [[3, 27], 1]]], [1.0, [0, 9, 31], [[[9, 24], 0], [[9, 15], 1], [[9, 29], 1], [[9, 11], 0]]], [1.0, [0, 28, 31], [[[28, 24], 0], [[28, 7], 1], [[28, 18], 1], [[28, 23], 0]]], [1.0, [0, 2, 13, 21, 6, 31], [[[13, 12], 0]]], [1.0, [0, 5, 1, 30, 19, 10, 31], []], [1.0, [0, 4, 14, 31], [[[14, 17], 0]]], [1.0, [0, 8, 16, 26, 20, 25, 27, 22, 31], []]], [[1.0, [9, 11]], [1.0, [9, 15]], [1.0, [9, 29]], [1.0, [13, 12]], [1.0, [14, 17]], [1.0, [28, 7]], [1.0, [28, 18]], [1.0, [28, 23]], [1.0, [28, 24]]]], "solution": [[[0, 3, 31], [[], []]], [[0, 9, 31], [[[9, 11]], [[9, 15], [9, 29]]]], [[0, 28, 31], [[[28, 24], [28, 23]], [[28, 7], [28, 18]]]], [[0, 2, 13, 21, 6, 31], [[[13, 12]], []]], [[0, 5, 1, 30, 19, 10, 31], [[], []]], [[0, 4, 14, 31], [[[14, 17]], []]], [[0, 8, 16, 26, 20, 25, 27, 22, 31], [[], []]]], "num_bnb_nodes": 1, "num_bnb_remaining_nodes": 0, "tot_num_gen_cols": 337, "tot_num_labels": 4216420, "termination_status": "Time limit"}