{"problem": {"name": "CVS-31-1", "datafile": "problems/ups_tw/CVS-31-1.vrp", "num_cust_nodes": 30, "num_tot_nodes": 32, "Gamma": 2, "t_range": 0.25, "Delta": 2, "d_range": 0.25, "num_drones": 2, "drone_time_multiplier": 1, "drone_cost_multiplier": 1, "flight_limit": 500, "demand_ratio": 0.75}, "timelimit": 3600, "num_cpus": 4, "alg": "BnP", "root_LP": 41601.83333333333, "tot_cg_iterations": 71, "global_lb": 41874.0, "time": 43.56537890434265, "obj": 41874.0, "tot_mp_time": 0.11051774024963379, "tot_sp_time": 41.76344180107117, "tot_sp_heu1_time": 17.339818954467773, "tot_sp_heu2_time": 15.959482431411743, "tot_sp_exact_time": 8.437966108322144, "tot_num_sp_heu1": 71, "tot_num_sp_heu2": 62, "tot_num_sp_exact": 29, "tot_sp1_time": 131.94228434562683, "tot_sp2_time": 22.952096462249756, "tot_heu_time": 1.4220900535583496, "raw_solution": [[[1.0000000000000002, [0, 5, 8, 31], [[[5, 13], 0], [[8, 16], 0], [[8, 26], 1], [[8, 20], 1]]], [1.0, [0, 29, 27, 12, 31], [[[27, 3], 0], [[27, 14], 1], [[27, 28], 1]]], [1.0, [0, 6, 25, 31], [[[6, 11], 0], [[6, 23], 1], [[6, 2], 0], [[6, 1], 1], [[25, 17], 0]]], [1.0, [0, 22, 21, 24, 31], [[[21, 4], 0], [[21, 18], 1]]], [1.0000000000000002, [0, 19, 15, 10, 9, 31], [[[10, 7], 0], [[9, 30], 0]]]], [[1.0, [5, 13]], [1.0, [6, 1]], [1.0, [6, 2]], [1.0, [6, 11]], [1.0, [6, 23]], [1.0000000000000002, [8, 16]], [1.0, [8, 20]], [1.0, [8, 26]], [1.0, [9, 30]], [1.0, [10, 7]], [1.0, [21, 4]], [1.0, [21, 18]], [1.0, [25, 17]], [1.0, [27, 3]], [1.0, [27, 14]], [1.0, [27, 28]]]], "solution": [[[0, 5, 8, 31], [[[5, 13], [8, 16]], [[8, 26], [8, 20]]]], [[0, 29, 27, 12, 31], [[[27, 3]], [[27, 14], [27, 28]]]], [[0, 6, 25, 31], [[[6, 11], [6, 2], [25, 17]], [[6, 23], [6, 1]]]], [[0, 22, 21, 24, 31], [[[21, 4]], [[21, 18]]]], [[0, 19, 15, 10, 9, 31], [[[10, 7], [9, 30]], []]]], "num_bnb_nodes": 25, "num_bnb_remaining_nodes": 0, "tot_num_gen_cols": 846, "tot_num_labels": 330212, "termination_status": "Optimal"}