{"problem": {"name": "CVS-31-8", "datafile": "problems/ups_tw/CVS-31-8.vrp", "num_cust_nodes": 30, "num_tot_nodes": 32, "Gamma": 2, "t_range": 0.25, "Delta": 2, "d_range": 0.25, "num_drones": 2, "drone_time_multiplier": 1, "drone_cost_multiplier": 1, "flight_limit": 500, "demand_ratio": 0.75}, "timelimit": 3600, "num_cpus": 4, "alg": "BnP", "root_LP": 41151.45833333334, "tot_cg_iterations": 233, "global_lb": 41612.5, "time": 276.1692397594452, "obj": 41614.0, "tot_mp_time": 0.32884740829467773, "tot_sp_time": 270.98062920570374, "tot_sp_heu1_time": 70.1551239490509, "tot_sp_heu2_time": 121.53553700447083, "tot_sp_exact_time": 79.1913378238678, "tot_num_sp_heu1": 233, "tot_num_sp_heu2": 225, "tot_num_sp_exact": 112, "tot_sp1_time": 747.668553352356, "tot_sp2_time": 270.2890410423279, "tot_heu_time": 4.132933139801025, "raw_solution": [[[1.0, [0, 28, 31], [[[28, 6], 0], [[28, 14], 1]]], [1.0, [0, 1, 4, 31], [[[1, 15], 0], [[1, 27], 1], [[4, 22], 0]]], [1.0, [0, 9, 8, 24, 31], [[[9, 7], 0]]], [1.0, [0, 10, 31], [[[10, 5], 0], [[10, 12], 1], [[10, 20], 1], [[10, 21], 0], [[10, 26], 0], [[10, 29], 0]]], [1.0, [0, 13, 16, 19, 18, 31], [[[19, 23], 0], [[18, 11], 0]]], [1.0, [0, 3, 25, 31], [[[3, 2], 0], [[25, 17], 0], [[25, 30], 1]]]], [[1.0, [1, 15]], [1.0, [1, 27]], [1.0, [3, 2]], [1.0, [4, 22]], [1.0, [9, 7]], [1.0, [10, 5]], [1.0, [10, 12]], [1.0, [10, 20]], [1.0, [10, 21]], [1.0, [10, 26]], [1.0, [10, 29]], [1.0, [18, 11]], [1.0, [19, 23]], [1.0, [25, 17]], [1.0, [25, 30]], [1.0, [28, 6]], [1.0, [28, 14]]]], "solution": [[[0, 28, 31], [[[28, 6]], [[28, 14]]]], [[0, 1, 4, 31], [[[1, 15], [4, 22]], [[1, 27]]]], [[0, 9, 8, 24, 31], [[[9, 7]], []]], [[0, 10, 31], [[[10, 5], [10, 21], [10, 26], [10, 29]], [[10, 12], [10, 20]]]], [[0, 13, 16, 19, 18, 31], [[[19, 23], [18, 11]], []]], [[0, 3, 25, 31], [[[3, 2], [25, 17]], [[25, 30]]]]], "num_bnb_nodes": 99, "num_bnb_remaining_nodes": 0, "tot_num_gen_cols": 1144, "tot_num_labels": 10242202, "termination_status": "Optimal"}