{"problem": {"name": "CVS-31-1", "datafile": "problems/ups_tw/CVS-31-1.vrp", "num_cust_nodes": 30, "num_tot_nodes": 32, "Gamma": 2, "t_range": 0.25, "Delta": 1, "d_range": 0.25, "num_drones": 2, "drone_time_multiplier": 1, "drone_cost_multiplier": 1, "flight_limit": 500, "demand_ratio": 0.75}, "timelimit": 3600, "num_cpus": 4, "alg": "BnP", "root_LP": 41601.83333333333, "tot_cg_iterations": 75, "global_lb": 41870.5, "time": 42.43530201911926, "obj": 41873.99999999999, "tot_mp_time": 0.07799530029296875, "tot_sp_time": 41.151392698287964, "tot_sp_heu1_time": 16.086279153823853, "tot_sp_heu2_time": 16.932172775268555, "tot_sp_exact_time": 8.11652684211731, "tot_num_sp_heu1": 75, "tot_num_sp_heu2": 66, "tot_num_sp_exact": 27, "tot_sp1_time": 123.69389820098877, "tot_sp2_time": 29.006591320037842, "tot_heu_time": 1.0029258728027344, "raw_solution": [[[1.0, [0, 5, 8, 31], [[[5, 13], 0], [[8, 16], 0], [[8, 26], 1], [[8, 20], 1]]], [1.0, [0, 19, 15, 10, 9, 31], [[[10, 7], 0], [[9, 30], 0]]], [1.0, [0, 29, 27, 12, 31], [[[27, 3], 0], [[27, 14], 1], [[27, 28], 1]]], [1.0, [0, 22, 21, 24, 31], [[[21, 4], 0], [[21, 18], 1]]], [1.0, [0, 6, 25, 31], [[[6, 2], 0], [[6, 11], 1], [[6, 23], 1], [[6, 1], 0], [[25, 17], 0]]]], [[1.0, [5, 13]], [1.0, [6, 1]], [1.0, [6, 2]], [1.0, [6, 11]], [1.0, [6, 23]], [1.0, [8, 16]], [1.0, [8, 20]], [1.0, [8, 26]], [1.0, [9, 30]], [1.0, [10, 7]], [1.0, [21, 4]], [1.0, [21, 18]], [1.0, [25, 17]], [1.0, [27, 3]], [1.0, [27, 14]], [1.0, [27, 28]]]], "solution": [[[0, 5, 8, 31], [[[5, 13], [8, 16]], [[8, 26], [8, 20]]]], [[0, 19, 15, 10, 9, 31], [[[10, 7], [9, 30]], []]], [[0, 29, 27, 12, 31], [[[27, 3]], [[27, 14], [27, 28]]]], [[0, 22, 21, 24, 31], [[[21, 4]], [[21, 18]]]], [[0, 6, 25, 31], [[[6, 2], [6, 1], [25, 17]], [[6, 11], [6, 23]]]]], "num_bnb_nodes": 23, "num_bnb_remaining_nodes": 0, "tot_num_gen_cols": 811, "tot_num_labels": 489827, "termination_status": "Optimal"}