{"problem": {"name": "CVS-21-2", "datafile": "problems/ups_tw/CVS-21-2.vrp", "num_cust_nodes": 20, "num_tot_nodes": 22, "Gamma": 2, "t_range": 0.25, "Delta": 1, "d_range": 0.25, "num_drones": 2, "drone_time_multiplier": 1, "drone_cost_multiplier": 1, "flight_limit": 500, "demand_ratio": 0.75}, "timelimit": 3600, "num_cpus": 4, "alg": "BnP", "root_LP": 34259.5, "tot_cg_iterations": 3972, "global_lb": 35795.42857142857, "time": 1932.2211668491364, "obj": 35798.0, "tot_mp_time": 15.440038919448853, "tot_sp_time": 1620.359164237976, "tot_sp_heu1_time": 353.968101978302, "tot_sp_heu2_time": 644.2233924865723, "tot_sp_exact_time": 620.9843018054962, "tot_num_sp_heu1": 3972, "tot_num_sp_heu2": 3848, "tot_num_sp_exact": 2496, "tot_sp1_time": 3644.5193214416504, "tot_sp2_time": 2252.114780664444, "tot_heu_time": 246.92684864997864, "raw_solution": [[[1.0, [0, 16, 5, 11, 21], [[[11, 9], 0]]], [1.0, [0, 2, 8, 4, 21], [[[2, 3], 0], [[8, 17], 0], [[8, 19], 1]]], [1.0, [0, 6, 9, 13, 1, 21], [[[9, 14], 0]]], [1.0, [0, 12, 10, 7, 15, 18, 21], [[[15, 20], 0]]]], [[1.0, [2, 3]], [1.0, [8, 17]], [1.0, [8, 19]], [1.0, [9, 14]], [1.0, [15, 20]]]], "solution": [[[0, 16, 5, 11, 21], [[], []]], [[0, 2, 8, 4, 21], [[[2, 3], [8, 17]], [[8, 19]]]], [[0, 6, 9, 13, 1, 21], [[[9, 14]], []]], [[0, 12, 10, 7, 15, 18, 21], [[[15, 20]], []]]], "num_bnb_nodes": 1939, "num_bnb_remaining_nodes": 0, "tot_num_gen_cols": 7937, "tot_num_labels": 71653910, "termination_status": "Optimal"}