{"problem": {"name": "CVS-31-4", "datafile": "problems/ups_tw/CVS-31-4.vrp", "num_cust_nodes": 30, "num_tot_nodes": 32, "Gamma": 2, "t_range": 0.25, "Delta": 1, "d_range": 0.25, "num_drones": 2, "drone_time_multiplier": 1, "drone_cost_multiplier": 1, "flight_limit": 500, "demand_ratio": 0.75}, "timelimit": 3600, "num_cpus": 4, "alg": "BnP", "root_LP": 47962.0, "tot_cg_iterations": 94, "global_lb": 47962.0, "time": 3605.1389560699463, "obj": 49554.0, "tot_mp_time": 0.27613210678100586, "tot_sp_time": 3604.608154296875, "tot_sp_heu1_time": 30.643982648849487, "tot_sp_heu2_time": 3569.9126348495483, "tot_sp_exact_time": 4.008391380310059, "tot_num_sp_heu1": 94, "tot_num_sp_heu2": 71, "tot_num_sp_exact": 1, "tot_sp1_time": 13920.594804763794, "tot_sp2_time": 371.15544724464417, "tot_heu_time": 0.07331371307373047, "raw_solution": [[[1.0, [0, 8, 31], [[[8, 29], 0], [[8, 21], 1], [[8, 10], 0], [[8, 24], 1]]], [1.0, [0, 22, 26, 17, 6, 25, 31], []], [1.0, [0, 16, 15, 3, 21, 31], [[[16, 13], 0]]], [1.0, [0, 5, 2, 31], [[[5, 18], 0], [[2, 11], 0], [[2, 13], 1], [[2, 30], 1]]], [1.0, [0, 7, 23, 28, 31], [[[7, 14], 0], [[28, 9], 0]]], [1.0, [0, 1, 31], [[[1, 4], 0], [[1, 12], 1], [[1, 15], 0], [[1, 19], 0], [[1, 20], 1], [[1, 27], 0]]]], [[1.0, [1, 4]], [1.0, [1, 12]], [1.0, [1, 19]], [1.0, [1, 20]], [1.0, [1, 27]], [1.0, [2, 11]], [1.0, [2, 13]], [1.0, [2, 30]], [1.0, [5, 18]], [1.0, [7, 14]], [1.0, [8, 10]], [1.0, [8, 24]], [1.0, [8, 29]], [1.0, [28, 9]]]], "solution": [[[0, 8, 31], [[[8, 29], [8, 10]], [[8, 24]]]], [[0, 22, 26, 17, 6, 25, 31], [[], []]], [[0, 16, 15, 3, 21, 31], [[], []]], [[0, 5, 2, 31], [[[5, 18], [2, 11]], [[2, 13], [2, 30]]]], [[0, 7, 23, 28, 31], [[[7, 14], [28, 9]], []]], [[0, 1, 31], [[[1, 4], [1, 19], [1, 27]], [[1, 12], [1, 20]]]]], "num_bnb_nodes": 1, "num_bnb_remaining_nodes": 0, "tot_num_gen_cols": 817, "tot_num_labels": 40945483, "termination_status": "Time limit"}