{"problem": {"name": "CVS-21-10", "datafile": "problems/ups_tw/CVS-21-10.vrp", "num_cust_nodes": 20, "num_tot_nodes": 22, "Gamma": 1, "t_range": 0.25, "Delta": 2, "d_range": 0.25, "num_drones": 2, "drone_time_multiplier": 1, "drone_cost_multiplier": 1, "flight_limit": 500, "demand_ratio": 0.75}, "timelimit": 3600, "num_cpus": 4, "alg": "BnP", "root_LP": 34773.333333333336, "tot_cg_iterations": 229, "global_lb": 35764.25, "time": 63.519535303115845, "obj": 35776.0, "tot_mp_time": 0.15395379066467285, "tot_sp_time": 59.80780220031738, "tot_sp_heu1_time": 20.107064962387085, "tot_sp_heu2_time": 24.09572696685791, "tot_sp_exact_time": 15.56068468093872, "tot_num_sp_heu1": 229, "tot_num_sp_heu2": 212, "tot_num_sp_exact": 120, "tot_sp1_time": 145.81645131111145, "tot_sp2_time": 69.27779388427734, "tot_heu_time": 2.8989357948303223, "raw_solution": [[[1.0, [0, 4, 21], [[[4, 17], 0], [[4, 14], 1], [[4, 8], 1]]], [1.0, [0, 12, 21], [[[12, 15], 0], [[12, 13], 1], [[12, 2], 1]]], [1.0, [0, 3, 20, 21], [[[20, 16], 0]]], [1.0, [0, 18, 1, 15, 21], [[[15, 9], 0], [[15, 11], 1]]], [1.0, [0, 7, 19, 10, 21], [[[7, 6], 0], [[19, 5], 0]]]], [[1.0, [4, 8]], [1.0, [4, 14]], [1.0, [4, 17]], [1.0, [7, 6]], [1.0, [12, 2]], [1.0, [12, 13]], [1.0, [15, 9]], [1.0, [15, 11]], [1.0, [19, 5]], [1.0, [20, 16]]]], "solution": [[[0, 4, 21], [[[4, 17]], [[4, 14], [4, 8]]]], [[0, 12, 21], [[], [[12, 13], [12, 2]]]], [[0, 3, 20, 21], [[[20, 16]], []]], [[0, 18, 1, 15, 21], [[[15, 9]], [[15, 11]]]], [[0, 7, 19, 10, 21], [[[7, 6], [19, 5]], []]]], "num_bnb_nodes": 107, "num_bnb_remaining_nodes": 0, "tot_num_gen_cols": 707, "tot_num_labels": 1039743, "termination_status": "Optimal"}