{"problem": {"name": "CVS-21-7", "datafile": "problems/ups_tw/CVS-21-7.vrp", "num_cust_nodes": 20, "num_tot_nodes": 22, "Gamma": 0, "t_range": 0.25, "Delta": 1, "d_range": 0.25, "num_drones": 2, "drone_time_multiplier": 1, "drone_cost_multiplier": 1, "flight_limit": 500, "demand_ratio": 0.75}, "timelimit": 3600, "num_cpus": 4, "alg": "BnP", "root_LP": 36977.0, "tot_cg_iterations": 23, "global_lb": 36977.0, "time": 2.601335287094116, "obj": 36977.0, "tot_mp_time": 0.038924217224121094, "tot_sp_time": 2.533176898956299, "tot_sp_heu1_time": 1.6365325450897217, "tot_sp_heu2_time": 0.5796704292297363, "tot_sp_exact_time": 0.31359434127807617, "tot_num_sp_heu1": 23, "tot_num_sp_heu2": 8, "tot_num_sp_exact": 4, "tot_sp1_time": 9.00203275680542, "tot_sp2_time": 0.22693848609924316, "tot_heu_time": 0.007752180099487305, "raw_solution": [[[1.0, [0, 1, 17, 9, 3, 12, 21], [[[9, 16], 0]]], [1.0, [0, 6, 5, 15, 21], [[[6, 18], 0], [[5, 11], 0], [[15, 14], 0]]], [1.0, [0, 20, 8, 21], [[[20, 6], 0], [[8, 2], 0]]], [1.0, [0, 19, 7, 10, 4, 21], [[[19, 13], 0]]]], [[1.0, [5, 11]], [1.0, [6, 18]], [1.0, [8, 2]], [1.0, [9, 16]], [1.0, [15, 14]], [1.0, [19, 13]]]], "solution": [[[0, 1, 17, 9, 3, 12, 21], [[[9, 16]], []]], [[0, 6, 5, 15, 21], [[[6, 18], [5, 11], [15, 14]], []]], [[0, 20, 8, 21], [[[8, 2]], []]], [[0, 19, 7, 10, 4, 21], [[[19, 13]], []]]], "num_bnb_nodes": 1, "num_bnb_remaining_nodes": 0, "tot_num_gen_cols": 283, "tot_num_labels": 2431, "termination_status": "Optimal"}