{"problem": {"name": "CVS-21-3", "datafile": "problems/ups_tw/CVS-21-3.vrp", "num_cust_nodes": 20, "num_tot_nodes": 22, "Gamma": 2, "t_range": 0.25, "Delta": 1, "d_range": 0.25, "num_drones": 2, "drone_time_multiplier": 1, "drone_cost_multiplier": 1, "flight_limit": 500, "demand_ratio": 0.75}, "timelimit": 3600, "num_cpus": 4, "alg": "BnP", "root_LP": 36493.0, "tot_cg_iterations": 2856, "global_lb": 38121.875, "time": 659.4699130058289, "obj": 38122.99999999999, "tot_mp_time": 7.71068811416626, "tot_sp_time": 464.61486411094666, "tot_sp_heu1_time": 166.13084650039673, "tot_sp_heu2_time": 178.94332313537598, "tot_sp_exact_time": 119.07174015045166, "tot_num_sp_heu1": 2856, "tot_num_sp_heu2": 2795, "tot_num_sp_exact": 1817, "tot_sp1_time": 1339.3826990127563, "tot_sp2_time": 313.71187925338745, "tot_heu_time": 158.70737147331238, "raw_solution": [[[1.0, [0, 5, 13, 21], [[[5, 7], 0], [[5, 19], 1]]], [1.0, [0, 10, 12, 21], [[[12, 4], 0], [[12, 17], 1]]], [1.0, [0, 6, 8, 21], [[[6, 2], 0], [[6, 11], 1]]], [1.0, [0, 20, 18, 21], [[[20, 3], 0], [[18, 9], 0], [[18, 15], 1]]], [1.0, [0, 14, 21], [[[14, 1], 0], [[14, 4], 1], [[14, 16], 1], [[14, 15], 1]]]], [[1.0, [5, 7]], [1.0, [5, 19]], [1.0, [6, 2]], [1.0, [6, 11]], [1.0, [12, 4]], [1.0, [12, 17]], [1.0, [14, 1]], [1.0, [14, 15]], [1.0, [14, 16]], [1.0, [18, 9]], [1.0, [20, 3]]]], "solution": [[[0, 5, 13, 21], [[[5, 7]], [[5, 19]]]], [[0, 10, 12, 21], [[[12, 4]], [[12, 17]]]], [[0, 6, 8, 21], [[[6, 2]], [[6, 11]]]], [[0, 20, 18, 21], [[[20, 3], [18, 9]], []]], [[0, 14, 21], [[[14, 1]], [[14, 16], [14, 15]]]]], "num_bnb_nodes": 1577, "num_bnb_remaining_nodes": 0, "tot_num_gen_cols": 4548, "tot_num_labels": 1977810, "termination_status": "Optimal"}