{"problem": {"name": "CVS-31-6", "datafile": "problems/ups_tw/CVS-31-6.vrp", "num_cust_nodes": 30, "num_tot_nodes": 32, "Gamma": 2, "t_range": 0.25, "Delta": 0, "d_range": 0.25, "num_drones": 2, "drone_time_multiplier": 1, "drone_cost_multiplier": 1, "flight_limit": 500, "demand_ratio": 0.75}, "timelimit": 3600, "num_cpus": 4, "alg": "BnP", "root_LP": 48883.693181818184, "tot_cg_iterations": 308, "global_lb": 49268.75, "time": 3600.494518518448, "obj": 50014.0, "tot_mp_time": 1.4985454082489014, "tot_sp_time": 3591.557811975479, "tot_sp_heu1_time": 76.38878345489502, "tot_sp_heu2_time": 1218.2388582229614, "tot_sp_exact_time": 2296.773357629776, "tot_num_sp_heu1": 307, "tot_num_sp_heu2": 289, "tot_num_sp_exact": 155, "tot_sp1_time": 4520.3023381233215, "tot_sp2_time": 9422.016290187836, "tot_heu_time": 6.024447441101074, "raw_solution": [[[1.0, [0, 23, 31], [[[23, 7], 0], [[23, 18], 1], [[23, 30], 0], [[23, 22], 1]]], [1.0, [0, 5, 2, 16, 31], [[[5, 14], 0]]], [1.0, [0, 13, 12, 31], [[[13, 3], 0], [[13, 10], 1], [[12, 19], 0]]], [1.0, [0, 11, 28, 31], [[[11, 24], 0], [[28, 26], 0]]], [1.0, [0, 25, 31], [[[25, 1], 0], [[25, 15], 1], [[25, 21], 1], [[25, 29], 1], [[25, 17], 1], [[25, 6], 0], [[25, 20], 1]]], [1.0, [0, 4, 8, 27, 31], [[[4, 9], 0], [[4, 15], 1]]]], [[1.0, [4, 9]], [1.0, [5, 14]], [1.0, [11, 24]], [1.0, [12, 19]], [1.0, [13, 3]], [1.0, [13, 10]], [1.0, [23, 7]], [1.0, [23, 18]], [1.0, [23, 22]], [1.0, [23, 30]], [1.0, [25, 1]], [1.0, [25, 6]], [1.0, [25, 15]], [1.0, [25, 17]], [1.0, [25, 20]], [1.0, [25, 21]], [1.0, [25, 29]], [1.0, [28, 26]]]], "solution": [[[0, 23, 31], [[[23, 7], [23, 30]], [[23, 18], [23, 22]]]], [[0, 5, 2, 16, 31], [[[5, 14]], []]], [[0, 13, 12, 31], [[[13, 3], [12, 19]], [[13, 10]]]], [[0, 11, 28, 31], [[[11, 24], [28, 26]], []]], [[0, 25, 31], [[[25, 1], [25, 6]], [[25, 15], [25, 21], [25, 29], [25, 17], [25, 20]]]], [[0, 4, 8, 27, 31], [[[4, 9]], []]]], "num_bnb_nodes": 75, "num_bnb_remaining_nodes": 37, "tot_num_gen_cols": 3095, "tot_num_labels": 99551843, "termination_status": "Time limit"}