{"problem": {"name": "CVS-31-6", "datafile": "problems/ups_tw/CVS-31-6.vrp", "num_cust_nodes": 30, "num_tot_nodes": 32, "Gamma": 2, "t_range": 0.25, "Delta": 2, "d_range": 0.25, "num_drones": 2, "drone_time_multiplier": 1, "drone_cost_multiplier": 1, "flight_limit": 500, "demand_ratio": 0.75}, "timelimit": 3600, "num_cpus": 4, "alg": "BnP", "root_LP": 48889.67499999999, "tot_cg_iterations": 282, "global_lb": 49310.72549019609, "time": 3601.294607400894, "obj": 50027.0, "tot_mp_time": 0.9490165710449219, "tot_sp_time": 3593.47935628891, "tot_sp_heu1_time": 79.62412738800049, "tot_sp_heu2_time": 1145.0497782230377, "tot_sp_exact_time": 2368.64213013649, "tot_num_sp_heu1": 282, "tot_num_sp_heu2": 267, "tot_num_sp_exact": 141, "tot_sp1_time": 6091.534472703934, "tot_sp2_time": 7790.374034404755, "tot_heu_time": 5.646337032318115, "raw_solution": [[[1.0, [0, 10, 31], [[[10, 13], 0], [[10, 19], 1], [[10, 12], 0]]], [1.0, [0, 16, 31], [[[16, 3], 0], [[16, 13], 1]]], [1.0, [0, 23, 31], [[[23, 7], 0], [[23, 18], 1], [[23, 30], 0], [[23, 22], 1]]], [1.0, [0, 5, 2, 31], [[[5, 14], 0], [[2, 3], 0]]], [1.0, [0, 25, 31], [[[25, 1], 0], [[25, 15], 1], [[25, 21], 1], [[25, 29], 1], [[25, 17], 1], [[25, 6], 0], [[25, 20], 1]]], [1.0, [0, 4, 8, 27, 31], [[[4, 9], 0], [[4, 15], 1]]], [1.0, [0, 11, 28, 31], [[[11, 24], 0], [[28, 26], 0]]]], [[1.0, [4, 9]], [1.0, [5, 14]], [1.0, [10, 12]], [1.0, [10, 19]], [1.0, [11, 24]], [1.0, [16, 3]], [1.0, [16, 13]], [1.0, [23, 7]], [1.0, [23, 18]], [1.0, [23, 22]], [1.0, [23, 30]], [1.0, [25, 1]], [1.0, [25, 6]], [1.0, [25, 15]], [1.0, [25, 17]], [1.0, [25, 20]], [1.0, [25, 21]], [1.0, [25, 29]], [1.0, [28, 26]]]], "solution": [[[0, 10, 31], [[[10, 12]], [[10, 19]]]], [[0, 16, 31], [[[16, 3]], [[16, 13]]]], [[0, 23, 31], [[[23, 7], [23, 30]], [[23, 18], [23, 22]]]], [[0, 5, 2, 31], [[[5, 14]], []]], [[0, 25, 31], [[[25, 1], [25, 6]], [[25, 15], [25, 21], [25, 29], [25, 17], [25, 20]]]], [[0, 4, 8, 27, 31], [[[4, 9]], []]], [[0, 11, 28, 31], [[[11, 24], [28, 26]], []]]], "num_bnb_nodes": 75, "num_bnb_remaining_nodes": 37, "tot_num_gen_cols": 2679, "tot_num_labels": 87828645, "termination_status": "Time limit"}