{"problem": {"name": "CVS-31-6", "datafile": "problems/ups_tw/CVS-31-6.vrp", "num_cust_nodes": 30, "num_tot_nodes": 32, "Gamma": 0, "t_range": 0.25, "Delta": 1, "d_range": 0.25, "num_drones": 2, "drone_time_multiplier": 1, "drone_cost_multiplier": 1, "flight_limit": 500, "demand_ratio": 0.75}, "timelimit": 3600, "num_cpus": 4, "alg": "BnP", "root_LP": 48769.25, "tot_cg_iterations": 224, "global_lb": 49223.71590909092, "time": 3601.421891927719, "obj": 49952.0, "tot_mp_time": 1.0124082565307617, "tot_sp_time": 3596.234526157379, "tot_sp_heu1_time": 56.280338764190674, "tot_sp_heu2_time": 1658.1316194534302, "tot_sp_exact_time": 1881.7139263153076, "tot_num_sp_heu1": 224, "tot_num_sp_heu2": 206, "tot_num_sp_exact": 100, "tot_sp1_time": 5746.445686817169, "tot_sp2_time": 8162.795713186264, "tot_heu_time": 3.3572099208831787, "raw_solution": [[[1.0, [0, 23, 31], [[[23, 7], 0], [[23, 18], 1], [[23, 30], 0], [[23, 22], 1]]], [1.0, [0, 5, 2, 16, 31], [[[5, 14], 0]]], [1.0, [0, 4, 8, 27, 31], [[[4, 9], 0], [[4, 21], 1]]], [1.0, [0, 25, 31], [[[25, 1], 0], [[25, 15], 1], [[25, 21], 1], [[25, 29], 1], [[25, 17], 1], [[25, 6], 0], [[25, 20], 1]]], [1.0, [0, 13, 12, 31], [[[13, 3], 0], [[13, 10], 1], [[12, 19], 0]]], [1.0, [0, 11, 28, 31], [[[11, 24], 0], [[28, 26], 0]]]], [[1.0, [4, 9]], [1.0, [4, 21]], [1.0, [5, 14]], [1.0, [11, 24]], [1.0, [12, 19]], [1.0, [13, 3]], [1.0, [13, 10]], [1.0, [23, 7]], [1.0, [23, 18]], [1.0, [23, 22]], [1.0, [23, 30]], [1.0, [25, 1]], [1.0, [25, 6]], [1.0, [25, 15]], [1.0, [25, 17]], [1.0, [25, 20]], [1.0, [25, 29]], [1.0, [28, 26]]]], "solution": [[[0, 23, 31], [[[23, 7], [23, 30]], [[23, 18], [23, 22]]]], [[0, 5, 2, 16, 31], [[[5, 14]], []]], [[0, 4, 8, 27, 31], [[[4, 9]], [[4, 21]]]], [[0, 25, 31], [[[25, 1], [25, 6]], [[25, 15], [25, 29], [25, 17], [25, 20]]]], [[0, 13, 12, 31], [[[13, 3], [12, 19]], [[13, 10]]]], [[0, 11, 28, 31], [[[11, 24], [28, 26]], []]]], "num_bnb_nodes": 51, "num_bnb_remaining_nodes": 25, "tot_num_gen_cols": 2520, "tot_num_labels": 109527623, "termination_status": "Time limit"}