{"problem": {"name": "CVS-31-6", "datafile": "problems/ups_tw/CVS-31-6.vrp", "num_cust_nodes": 30, "num_tot_nodes": 32, "Gamma": 1, "t_range": 0.25, "Delta": 0, "d_range": 0.25, "num_drones": 2, "drone_time_multiplier": 1, "drone_cost_multiplier": 1, "flight_limit": 500, "demand_ratio": 0.75}, "timelimit": 3600, "num_cpus": 4, "alg": "BnP", "root_LP": 48769.25, "tot_cg_iterations": 262, "global_lb": 49191.1, "time": 3601.0563085079193, "obj": 49787.0, "tot_mp_time": 1.1900255680084229, "tot_sp_time": 3595.6710953712463, "tot_sp_heu1_time": 65.20076203346252, "tot_sp_heu2_time": 1375.652503490448, "tot_sp_exact_time": 2154.6842648983, "tot_num_sp_heu1": 262, "tot_num_sp_heu2": 246, "tot_num_sp_exact": 136, "tot_sp1_time": 4865.75799536705, "tot_sp2_time": 9149.832843542099, "tot_heu_time": 3.12884521484375, "raw_solution": [[[1.0, [0, 23, 31], [[[23, 7], 0], [[23, 18], 1], [[23, 30], 0], [[23, 22], 1]]], [1.0, [0, 5, 2, 16, 31], [[[5, 14], 0]]], [1.0, [0, 4, 8, 27, 31], [[[4, 9], 0], [[4, 21], 1]]], [1.0, [0, 26, 25, 31], [[[26, 29], 0], [[25, 6], 0], [[25, 17], 1], [[25, 15], 1], [[25, 20], 1]]], [1.0, [0, 11, 28, 31], [[[11, 1], 0], [[11, 7], 1], [[11, 24], 0]]], [1.0, [0, 13, 12, 31], [[[13, 3], 0], [[13, 10], 1], [[12, 19], 0]]]], [[1.0, [4, 9]], [1.0, [4, 21]], [1.0, [5, 14]], [1.0, [11, 1]], [1.0, [11, 24]], [1.0, [12, 19]], [1.0, [13, 3]], [1.0, [13, 10]], [1.0, [23, 7]], [1.0, [23, 18]], [1.0, [23, 22]], [1.0, [23, 30]], [1.0, [25, 6]], [1.0, [25, 15]], [1.0, [25, 17]], [1.0, [25, 20]], [1.0, [26, 29]]]], "solution": [[[0, 23, 31], [[[23, 7], [23, 30]], [[23, 18], [23, 22]]]], [[0, 5, 2, 16, 31], [[[5, 14]], []]], [[0, 4, 8, 27, 31], [[[4, 9]], [[4, 21]]]], [[0, 26, 25, 31], [[[26, 29], [25, 6]], [[25, 17], [25, 15], [25, 20]]]], [[0, 11, 28, 31], [[[11, 1], [11, 24]], []]], [[0, 13, 12, 31], [[[13, 3], [12, 19]], [[13, 10]]]]], "num_bnb_nodes": 47, "num_bnb_remaining_nodes": 21, "tot_num_gen_cols": 3068, "tot_num_labels": 105405453, "termination_status": "Time limit"}