{"problem": {"name": "CVS-31-4", "datafile": "problems/ups_tw/CVS-31-4.vrp", "num_cust_nodes": 30, "num_tot_nodes": 32, "Gamma": 1, "t_range": 0.25, "Delta": 0, "d_range": 0.25, "num_drones": 2, "drone_time_multiplier": 1, "drone_cost_multiplier": 1, "flight_limit": 500, "demand_ratio": 0.75}, "timelimit": 3600, "num_cpus": 4, "alg": "BnP", "root_LP": 47934.91428571428, "tot_cg_iterations": 72, "global_lb": 47934.91428571428, "time": 3604.978410959244, "obj": 49356.0, "tot_mp_time": 0.2218794822692871, "tot_sp_time": 3604.555412054062, "tot_sp_heu1_time": 21.50092840194702, "tot_sp_heu2_time": 3579.5963547229767, "tot_sp_exact_time": 3.4278151988983154, "tot_num_sp_heu1": 72, "tot_num_sp_heu2": 54, "tot_num_sp_exact": 1, "tot_sp1_time": 14122.317405462265, "tot_sp2_time": 189.0884120464325, "tot_heu_time": 0.06605935096740723, "raw_solution": [[[1.0, [0, 5, 31], [[[5, 11], 0], [[5, 18], 1], [[5, 30], 1], [[5, 2], 0]]], [1.0, [0, 7, 23, 28, 31], [[[7, 14], 0], [[28, 9], 0]]], [1.0, [0, 22, 26, 17, 6, 25, 31], []], [1.0, [0, 1, 31], [[[1, 4], 0], [[1, 12], 1], [[1, 19], 0], [[1, 20], 1], [[1, 22], 0], [[1, 27], 0]]], [1.0, [0, 13, 8, 31], [[[13, 16], 0], [[8, 10], 0], [[8, 29], 1], [[8, 24], 1]]], [1.0, [0, 15, 3, 21, 31], [[[15, 4], 0], [[15, 12], 1], [[21, 29], 0]]]], [[1.0, [1, 4]], [1.0, [1, 12]], [1.0, [1, 19]], [1.0, [1, 20]], [1.0, [1, 27]], [1.0, [5, 2]], [1.0, [5, 11]], [1.0, [5, 18]], [1.0, [5, 30]], [1.0, [7, 14]], [1.0, [8, 10]], [1.0, [8, 24]], [1.0, [8, 29]], [1.0, [13, 16]], [1.0, [28, 9]]]], "solution": [[[0, 5, 31], [[[5, 11], [5, 2]], [[5, 18], [5, 30]]]], [[0, 7, 23, 28, 31], [[[7, 14], [28, 9]], []]], [[0, 22, 26, 17, 6, 25, 31], [[], []]], [[0, 1, 31], [[[1, 4], [1, 19], [1, 27]], [[1, 12], [1, 20]]]], [[0, 13, 8, 31], [[[13, 16], [8, 10]], [[8, 29], [8, 24]]]], [[0, 15, 3, 21, 31], [[], []]]], "num_bnb_nodes": 1, "num_bnb_remaining_nodes": 0, "tot_num_gen_cols": 730, "tot_num_labels": 30033675, "termination_status": "Time limit"}