{"problem": {"name": "CVS-21-2", "datafile": "problems/ups_tw/CVS-21-2.vrp", "num_cust_nodes": 20, "num_tot_nodes": 22, "Gamma": 1, "t_range": 0.25, "Delta": 0, "d_range": 0.25, "num_drones": 2, "drone_time_multiplier": 1, "drone_cost_multiplier": 1, "flight_limit": 500, "demand_ratio": 0.75}, "timelimit": 3600, "num_cpus": 4, "alg": "BnP", "root_LP": 34162.75, "tot_cg_iterations": 625, "global_lb": 34793.75, "time": 263.8790946006775, "obj": 34795.0, "tot_mp_time": 0.6914851665496826, "tot_sp_time": 251.12108254432678, "tot_sp_heu1_time": 56.86113667488098, "tot_sp_heu2_time": 111.9883360862732, "tot_sp_exact_time": 82.11652040481567, "tot_num_sp_heu1": 625, "tot_num_sp_heu2": 584, "tot_num_sp_exact": 312, "tot_sp1_time": 689.2343144416809, "tot_sp2_time": 234.30189752578735, "tot_heu_time": 9.888793230056763, "raw_solution": [[[1.0, [0, 2, 8, 4, 21], [[[2, 3], 0], [[8, 17], 0], [[8, 19], 1]]], [1.0, [0, 6, 9, 21], [[[9, 14], 0], [[9, 5], 1], [[9, 20], 1]]], [1.0, [0, 11, 16, 13, 1, 21], []], [1.0, [0, 12, 10, 15, 7, 18, 21], []]], [[1.0, [2, 3]], [1.0, [8, 17]], [1.0, [8, 19]], [0.9999999999999997, [9, 5]], [1.0, [9, 14]], [1.0, [9, 20]]]], "solution": [[[0, 2, 8, 4, 21], [[[2, 3], [8, 17]], [[8, 19]]]], [[0, 6, 9, 21], [[[9, 14]], [[9, 5], [9, 20]]]], [[0, 11, 16, 13, 1, 21], [[], []]], [[0, 12, 10, 15, 7, 18, 21], [[], []]]], "num_bnb_nodes": 215, "num_bnb_remaining_nodes": 0, "tot_num_gen_cols": 3084, "tot_num_labels": 11448325, "termination_status": "Optimal"}