{"problem": {"name": "CVS-21-5", "datafile": "problems/ups_tw/CVS-21-5.vrp", "num_cust_nodes": 20, "num_tot_nodes": 22, "Gamma": 1, "t_range": 0.25, "Delta": 2, "d_range": 0.25, "num_drones": 2, "drone_time_multiplier": 1, "drone_cost_multiplier": 1, "flight_limit": 500, "demand_ratio": 0.75}, "timelimit": 3600, "num_cpus": 4, "alg": "BnP", "root_LP": 36358.333333333336, "tot_cg_iterations": 105, "global_lb": 37336.5, "time": 20.458993434906006, "obj": 37394.0, "tot_mp_time": 0.06161165237426758, "tot_sp_time": 19.688344478607178, "tot_sp_heu1_time": 7.98673415184021, "tot_sp_heu2_time": 7.622378826141357, "tot_sp_exact_time": 4.063230037689209, "tot_num_sp_heu1": 105, "tot_num_sp_heu2": 88, "tot_num_sp_exact": 45, "tot_sp1_time": 61.85752558708191, "tot_sp2_time": 8.178377151489258, "tot_heu_time": 0.5342350006103516, "raw_solution": [[[1.0, [0, 15, 21], []], [1.0, [0, 18, 21], [[[18, 11], 0], [[18, 20], 1], [[18, 2], 0]]], [1.0, [0, 3, 12, 7, 21], [[[3, 6], 0]]], [1.0, [0, 9, 14, 1, 5, 21], [[[14, 13], 0], [[1, 8], 0]]], [1.0, [0, 16, 10, 21], [[[16, 4], 0], [[16, 19], 1], [[10, 17], 0]]]], [[1.0, [1, 8]], [1.0, [3, 6]], [1.0, [10, 17]], [1.0, [14, 13]], [1.0, [16, 4]], [1.0, [16, 19]], [1.0, [18, 2]], [1.0, [18, 11]], [1.0, [18, 20]]]], "solution": [[[0, 15, 21], [[], []]], [[0, 18, 21], [[[18, 11], [18, 2]], [[18, 20]]]], [[0, 3, 12, 7, 21], [[[3, 6]], []]], [[0, 9, 14, 1, 5, 21], [[[14, 13], [1, 8]], []]], [[0, 16, 10, 21], [[[16, 4], [10, 17]], [[16, 19]]]]], "num_bnb_nodes": 41, "num_bnb_remaining_nodes": 0, "tot_num_gen_cols": 398, "tot_num_labels": 55611, "termination_status": "Optimal"}