{"problem": {"name": "CVS-31-4", "datafile": "problems/ups_tw/CVS-31-4.vrp", "num_cust_nodes": 30, "num_tot_nodes": 32, "Gamma": 2, "t_range": 0.25, "Delta": 0, "d_range": 0.25, "num_drones": 2, "drone_time_multiplier": 1, "drone_cost_multiplier": 1, "flight_limit": 500, "demand_ratio": 0.75}, "timelimit": 3600, "num_cpus": 4, "alg": "BnP", "root_LP": 47912.62857142857, "tot_cg_iterations": 94, "global_lb": 47912.62857142857, "time": 3604.78697013855, "obj": 58603.0, "tot_mp_time": 0.29108595848083496, "tot_sp_time": 3604.21452832222, "tot_sp_heu1_time": 29.494349479675293, "tot_sp_heu2_time": 3571.20250248909, "tot_sp_exact_time": 3.474005699157715, "tot_num_sp_heu1": 94, "tot_num_sp_heu2": 72, "tot_num_sp_exact": 1, "tot_sp1_time": 13911.237469673157, "tot_sp2_time": 367.1267399787903, "tot_heu_time": 0.11388826370239258, "raw_solution": [[[1.0, [0, 5, 31], [[[5, 11], 0], [[5, 18], 1], [[5, 30], 1], [[5, 2], 0]]], [1.0, [0, 8, 31], [[[8, 29], 0], [[8, 21], 1], [[8, 10], 0], [[8, 24], 1]]], [1.0, [0, 16, 31], [[[16, 13], 0]]], [1.0, [0, 26, 31], [[[26, 12], 0], [[26, 22], 1], [[26, 4], 1], [[26, 15], 1], [[26, 19], 0], [[26, 27], 1]]], [1.0, [0, 28, 31], [[[28, 12], 0], [[28, 9], 1], [[28, 14], 1], [[28, 15], 0], [[28, 20], 1]]], [1.0, [0, 1, 6, 25, 17, 31], []], [1.0, [0, 2, 7, 23, 15, 3, 31], []]], [[1.0, [5, 11]], [1.0, [5, 18]], [1.0, [5, 30]], [1.0, [8, 10]], [1.0, [8, 21]], [1.0, [8, 24]], [1.0, [8, 29]], [1.0, [16, 13]], [1.0, [26, 4]], [1.0, [26, 12]], [1.0, [26, 19]], [1.0, [26, 22]], [1.0, [26, 27]], [1.0, [28, 9]], [1.0, [28, 14]], [1.0, [28, 20]]]], "solution": [[[0, 5, 31], [[[5, 11]], [[5, 18], [5, 30]]]], [[0, 8, 31], [[[8, 29], [8, 10]], [[8, 21], [8, 24]]]], [[0, 16, 31], [[[16, 13]], []]], [[0, 26, 31], [[[26, 12], [26, 19]], [[26, 22], [26, 4], [26, 27]]]], [[0, 28, 31], [[], [[28, 9], [28, 14], [28, 20]]]], [[0, 1, 6, 25, 17, 31], [[], []]], [[0, 2, 7, 23, 15, 3, 31], [[], []]]], "num_bnb_nodes": 1, "num_bnb_remaining_nodes": 0, "tot_num_gen_cols": 718, "tot_num_labels": 41153229, "termination_status": "Time limit"}