{"problem": {"name": "CVS-31-10", "datafile": "problems/ups_tw/CVS-31-10.vrp", "num_cust_nodes": 30, "num_tot_nodes": 32, "Gamma": 1, "t_range": 0.25, "Delta": 1, "d_range": 0.25, "num_drones": 2, "drone_time_multiplier": 1, "drone_cost_multiplier": 1, "flight_limit": 500, "demand_ratio": 0.75}, "timelimit": 3600, "num_cpus": 4, "alg": "BnP", "root_LP": 42263.771428571425, "tot_cg_iterations": 16, "global_lb": 42263.771428571425, "time": 3636.3515605926514, "obj": 47134.0, "tot_mp_time": 0.019153833389282227, "tot_sp_time": 3636.158215522766, "tot_sp_heu1_time": 4.363234043121338, "tot_sp_heu2_time": 3618.9129502773285, "tot_sp_exact_time": 12.8793785572052, "tot_num_sp_heu1": 16, "tot_num_sp_heu2": 1, "tot_num_sp_exact": 1, "tot_sp1_time": 14528.892677545547, "tot_sp2_time": 10.37530255317688, "tot_heu_time": 0.11493444442749023, "raw_solution": [[[1.0, [0, 3, 31], [[[3, 25], 0], [[3, 20], 1], [[3, 26], 0], [[3, 16], 1], [[3, 22], 0], [[3, 27], 1]]], [1.0, [0, 9, 31], [[[9, 24], 0], [[9, 15], 1], [[9, 29], 1], [[9, 11], 0]]], [1.0, [0, 28, 31], [[[28, 24], 0], [[28, 7], 1], [[28, 18], 1], [[28, 23], 0]]], [1.0, [0, 10, 19, 30, 1, 5, 31], []], [1.0, [0, 6, 21, 2, 13, 31], [[[13, 12], 0]]], [1.0, [0, 8, 16, 26, 20, 25, 27, 22, 31], []], [1.0, [0, 4, 14, 31], [[[14, 17], 0]]]], [[1.0, [9, 11]], [1.0, [9, 15]], [1.0, [9, 29]], [1.0, [13, 12]], [1.0, [14, 17]], [1.0, [28, 7]], [1.0, [28, 18]], [1.0, [28, 23]], [1.0, [28, 24]]]], "solution": [[[0, 3, 31], [[], []]], [[0, 9, 31], [[[9, 11]], [[9, 15], [9, 29]]]], [[0, 28, 31], [[[28, 24], [28, 23]], [[28, 7], [28, 18]]]], [[0, 10, 19, 30, 1, 5, 31], [[], []]], [[0, 6, 21, 2, 13, 31], [[[13, 12]], []]], [[0, 8, 16, 26, 20, 25, 27, 22, 31], [[], []]], [[0, 4, 14, 31], [[[14, 17]], []]]], "num_bnb_nodes": 1, "num_bnb_remaining_nodes": 0, "tot_num_gen_cols": 387, "tot_num_labels": 4946188, "termination_status": "Time limit"}