{"problem": {"name": "CVS-21-9", "datafile": "problems/ups_tw/CVS-21-9.vrp", "num_cust_nodes": 20, "num_tot_nodes": 22, "Gamma": 1, "t_range": 0.25, "Delta": 0, "d_range": 0.25, "num_drones": 2, "drone_time_multiplier": 1, "drone_cost_multiplier": 1, "flight_limit": 500, "demand_ratio": 0.75}, "timelimit": 3600, "num_cpus": 4, "alg": "BnP", "root_LP": 28423.61111111111, "tot_cg_iterations": 69, "global_lb": 28423.61111111111, "time": 3601.372200489044, "obj": 30208.0, "tot_mp_time": 0.07545065879821777, "tot_sp_time": 3601.192233324051, "tot_sp_heu1_time": 8.148579120635986, "tot_sp_heu2_time": 3456.83714056015, "tot_sp_exact_time": 136.17993426322937, "tot_num_sp_heu1": 69, "tot_num_sp_heu2": 54, "tot_num_sp_exact": 4, "tot_sp1_time": 14052.233054876328, "tot_sp2_time": 105.79026246070862, "tot_heu_time": 0.04358386993408203, "raw_solution": [[[1.0, [0, 1, 21], [[[1, 10], 0], [[1, 14], 1]]], [1.0, [0, 17, 9, 3, 21], [[[9, 11], 0], [[9, 20], 1], [[3, 14], 0]]], [1.0, [0, 7, 12, 16, 15, 21], [[[16, 2], 0]]], [1.0, [0, 8, 5, 6, 19, 21], [[[8, 13], 0], [[5, 18], 0], [[19, 4], 0]]]], [[1.0, [1, 10]], [1.0, [3, 14]], [1.0, [5, 18]], [1.0, [8, 13]], [1.0, [9, 11]], [1.0, [9, 20]], [1.0, [16, 2]], [1.0, [19, 4]]]], "solution": [[[0, 1, 21], [[[1, 10]], []]], [[0, 17, 9, 3, 21], [[[9, 11], [3, 14]], [[9, 20]]]], [[0, 7, 12, 16, 15, 21], [[[16, 2]], []]], [[0, 8, 5, 6, 19, 21], [[[8, 13], [5, 18], [19, 4]], []]]], "num_bnb_nodes": 1, "num_bnb_remaining_nodes": 0, "tot_num_gen_cols": 359, "tot_num_labels": 28539961, "termination_status": "Time limit"}