{"problem": {"name": "CVS-31-5", "datafile": "problems/ups_tw/CVS-31-5.vrp", "num_cust_nodes": 30, "num_tot_nodes": 32, "Gamma": 1, "t_range": 0.25, "Delta": 0, "d_range": 0.25, "num_drones": 2, "drone_time_multiplier": 1, "drone_cost_multiplier": 1, "flight_limit": 500, "demand_ratio": 0.75}, "timelimit": 3600, "num_cpus": 4, "alg": "BnP", "root_LP": 46151.89655172413, "tot_cg_iterations": 37, "global_lb": 46151.89655172413, "time": 3632.2113609313965, "obj": 48750.0, "tot_mp_time": 0.07263708114624023, "tot_sp_time": 3631.9248576164246, "tot_sp_heu1_time": 14.539580583572388, "tot_sp_heu2_time": 3603.7115037441254, "tot_sp_exact_time": 13.66144347190857, "tot_num_sp_heu1": 37, "tot_num_sp_heu2": 9, "tot_num_sp_exact": 1, "tot_sp1_time": 14439.12257552147, "tot_sp2_time": 43.65970420837402, "tot_heu_time": 0.09009695053100586, "raw_solution": [[[1.0, [0, 7, 31], [[[7, 3], 0], [[7, 12], 1]]], [1.0, [0, 2, 25, 11, 18, 23, 21, 31], [[[2, 20], 0], [[23, 14], 0]]], [1.0, [0, 10, 19, 30, 3, 6, 31], []], [1.0, [0, 15, 9, 24, 13, 31], [[[24, 14], 0], [[24, 26], 1]]], [1.0, [0, 16, 4, 27, 17, 29, 31], []], [1.0, [0, 1, 5, 31], [[[1, 8], 0], [[1, 28], 1], [[1, 22], 0]]]], [[1.0, [1, 8]], [1.0, [1, 22]], [1.0, [1, 28]], [1.0, [2, 20]], [1.0, [7, 12]], [1.0, [24, 14]], [1.0, [24, 26]]]], "solution": [[[0, 7, 31], [[], [[7, 12]]]], [[0, 2, 25, 11, 18, 23, 21, 31], [[[2, 20]], []]], [[0, 10, 19, 30, 3, 6, 31], [[], []]], [[0, 15, 9, 24, 13, 31], [[[24, 14]], [[24, 26]]]], [[0, 16, 4, 27, 17, 29, 31], [[], []]], [[0, 1, 5, 31], [[[1, 8], [1, 22]], [[1, 28]]]]], "num_bnb_nodes": 1, "num_bnb_remaining_nodes": 0, "tot_num_gen_cols": 674, "tot_num_labels": 7876098, "termination_status": "Time limit"}