{"problem": {"name": "CVS-21-3", "datafile": "problems/ups_tw/CVS-21-3.vrp", "num_cust_nodes": 20, "num_tot_nodes": 22, "Gamma": 2, "t_range": 0.25, "Delta": 0, "d_range": 0.25, "num_drones": 2, "drone_time_multiplier": 1, "drone_cost_multiplier": 1, "flight_limit": 500, "demand_ratio": 0.75}, "timelimit": 3600, "num_cpus": 4, "alg": "BnP", "root_LP": 36493.0, "tot_cg_iterations": 2820, "global_lb": 38121.33333333333, "time": 543.2112290859222, "obj": 38123.0, "tot_mp_time": 6.363208293914795, "tot_sp_time": 399.92861104011536, "tot_sp_heu1_time": 143.63060331344604, "tot_sp_heu2_time": 155.26067352294922, "tot_sp_exact_time": 100.63564825057983, "tot_num_sp_heu1": 2820, "tot_num_sp_heu2": 2762, "tot_num_sp_exact": 1755, "tot_sp1_time": 1204.3012166023254, "tot_sp2_time": 233.22589468955994, "tot_heu_time": 115.41461992263794, "raw_solution": [[[1.0, [0, 5, 13, 21], [[[5, 7], 0], [[5, 19], 1]]], [1.0, [0, 10, 12, 21], [[[12, 4], 0], [[12, 17], 1]]], [1.0, [0, 6, 8, 21], [[[6, 2], 0], [[6, 11], 1]]], [1.0, [0, 14, 21], [[[14, 1], 0], [[14, 3], 1], [[14, 16], 1], [[14, 15], 1]]], [1.0, [0, 20, 18, 21], [[[20, 3], 0], [[18, 9], 0], [[18, 15], 1]]]], [[1.0, [5, 7]], [1.0, [5, 19]], [1.0, [6, 2]], [1.0, [6, 11]], [1.0, [12, 4]], [1.0, [12, 17]], [1.0, [14, 1]], [1.0, [14, 15]], [1.0, [14, 16]], [1.0, [18, 9]], [1.0, [20, 3]]]], "solution": [[[0, 5, 13, 21], [[[5, 7]], [[5, 19]]]], [[0, 10, 12, 21], [[[12, 4]], [[12, 17]]]], [[0, 6, 8, 21], [[[6, 2]], [[6, 11]]]], [[0, 14, 21], [[[14, 1]], [[14, 16], [14, 15]]]], [[0, 20, 18, 21], [[[20, 3], [18, 9]], []]]], "num_bnb_nodes": 1517, "num_bnb_remaining_nodes": 0, "tot_num_gen_cols": 4558, "tot_num_labels": 1974693, "termination_status": "Optimal"}