{"problem": {"name": "CVS-21-2", "datafile": "problems/ups_tw/CVS-21-2.vrp", "num_cust_nodes": 20, "num_tot_nodes": 22, "Gamma": 2, "t_range": 0.25, "Delta": 0, "d_range": 0.25, "num_drones": 2, "drone_time_multiplier": 1, "drone_cost_multiplier": 1, "flight_limit": 500, "demand_ratio": 0.75}, "timelimit": 3600, "num_cpus": 4, "alg": "BnP", "root_LP": 34259.5, "tot_cg_iterations": 3869, "global_lb": 35797.0, "time": 1729.572597026825, "obj": 35798.0, "tot_mp_time": 13.760203838348389, "tot_sp_time": 1450.422350883484, "tot_sp_heu1_time": 332.3022074699402, "tot_sp_heu2_time": 569.7624132633209, "tot_sp_exact_time": 547.420095205307, "tot_num_sp_heu1": 3869, "tot_num_sp_heu2": 3745, "tot_num_sp_exact": 2416, "tot_sp1_time": 3444.739260673523, "tot_sp2_time": 1862.8435413837433, "tot_heu_time": 222.52183413505554, "raw_solution": [[[1.0, [0, 16, 5, 11, 21], [[[11, 9], 0]]], [1.0, [0, 2, 8, 4, 21], [[[2, 3], 0], [[8, 17], 0], [[8, 19], 1]]], [1.0, [0, 6, 9, 13, 1, 21], [[[9, 14], 0]]], [1.0, [0, 12, 10, 7, 15, 18, 21], [[[15, 20], 0]]]], [[1.0, [2, 3]], [1.0, [8, 17]], [1.0, [8, 19]], [1.0, [9, 14]], [1.0, [15, 20]]]], "solution": [[[0, 16, 5, 11, 21], [[], []]], [[0, 2, 8, 4, 21], [[[2, 3], [8, 17]], [[8, 19]]]], [[0, 6, 9, 13, 1, 21], [[[9, 14]], []]], [[0, 12, 10, 7, 15, 18, 21], [[[15, 20]], []]]], "num_bnb_nodes": 1877, "num_bnb_remaining_nodes": 0, "tot_num_gen_cols": 7807, "tot_num_labels": 64976745, "termination_status": "Optimal"}