{"problem": {"name": "CVS-21-2", "datafile": "problems/ups_tw/CVS-21-2.vrp", "num_cust_nodes": 20, "num_tot_nodes": 22, "Gamma": 1, "t_range": 0.25, "Delta": 2, "d_range": 0.25, "num_drones": 2, "drone_time_multiplier": 1, "drone_cost_multiplier": 1, "flight_limit": 500, "demand_ratio": 0.75}, "timelimit": 3600, "num_cpus": 4, "alg": "BnP", "root_LP": 34162.75, "tot_cg_iterations": 665, "global_lb": 34793.666666666664, "time": 317.7338352203369, "obj": 34795.0, "tot_mp_time": 0.7436842918395996, "tot_sp_time": 305.37951850891113, "tot_sp_heu1_time": 57.7825767993927, "tot_sp_heu2_time": 144.1689212322235, "tot_sp_exact_time": 103.24920201301575, "tot_num_sp_heu1": 665, "tot_num_sp_heu2": 633, "tot_num_sp_exact": 340, "tot_sp1_time": 839.5182058811188, "tot_sp2_time": 278.5071334838867, "tot_heu_time": 9.52422571182251, "raw_solution": [[[1.0, [0, 2, 8, 4, 21], [[[2, 3], 0], [[8, 17], 0], [[8, 19], 1]]], [1.0, [0, 11, 16, 13, 1, 21], []], [1.0, [0, 12, 10, 15, 7, 18, 21], []], [1.0, [0, 6, 9, 21], [[[9, 14], 0], [[9, 5], 1], [[9, 20], 1]]]], [[1.0, [2, 3]], [1.0, [8, 17]], [1.0, [8, 19]], [1.0, [9, 5]], [1.0, [9, 14]], [1.0, [9, 20]]]], "solution": [[[0, 2, 8, 4, 21], [[[2, 3], [8, 17]], [[8, 19]]]], [[0, 11, 16, 13, 1, 21], [[], []]], [[0, 12, 10, 15, 7, 18, 21], [[], []]], [[0, 6, 9, 21], [[[9, 14]], [[9, 5], [9, 20]]]]], "num_bnb_nodes": 213, "num_bnb_remaining_nodes": 0, "tot_num_gen_cols": 2886, "tot_num_labels": 17989616, "termination_status": "Optimal"}