{"problem": {"name": "CVS-21-9", "datafile": "problems/ups_tw/CVS-21-9.vrp", "num_cust_nodes": 20, "num_tot_nodes": 22, "Gamma": 2, "t_range": 0.25, "Delta": 0, "d_range": 0.25, "num_drones": 2, "drone_time_multiplier": 1, "drone_cost_multiplier": 1, "flight_limit": 500, "demand_ratio": 0.75}, "timelimit": 3600, "num_cpus": 4, "alg": "BnP", "root_LP": 28407.59259259259, "tot_cg_iterations": 88, "global_lb": 28454.925925925927, "time": 3602.4351704120636, "obj": 30208.0, "tot_mp_time": 0.10355138778686523, "tot_sp_time": 3602.0836634635925, "tot_sp_heu1_time": 10.444274187088013, "tot_sp_heu2_time": 2797.528454065323, "tot_sp_exact_time": 794.0761277675629, "tot_num_sp_heu1": 88, "tot_num_sp_heu2": 71, "tot_num_sp_exact": 12, "tot_sp1_time": 13847.875320196152, "tot_sp2_time": 150.16323328018188, "tot_heu_time": 0.1602010726928711, "raw_solution": [[[1.0, [0, 1, 21], [[[1, 10], 0], [[1, 14], 1]]], [1.0, [0, 17, 9, 3, 21], [[[9, 11], 0], [[9, 20], 1], [[3, 14], 0]]], [1.0, [0, 7, 12, 16, 15, 21], [[[16, 2], 0]]], [1.0, [0, 8, 5, 6, 19, 21], [[[8, 13], 0], [[5, 18], 0], [[19, 4], 0]]]], [[1.0, [1, 10]], [1.0, [3, 14]], [1.0, [5, 18]], [1.0, [8, 13]], [1.0, [9, 11]], [1.0, [9, 20]], [1.0, [16, 2]], [1.0, [19, 4]]]], "solution": [[[0, 1, 21], [[[1, 10]], []]], [[0, 17, 9, 3, 21], [[[9, 11], [3, 14]], [[9, 20]]]], [[0, 7, 12, 16, 15, 21], [[[16, 2]], []]], [[0, 8, 5, 6, 19, 21], [[[8, 13], [5, 18], [19, 4]], []]]], "num_bnb_nodes": 7, "num_bnb_remaining_nodes": 3, "tot_num_gen_cols": 396, "tot_num_labels": 37155637, "termination_status": "Time limit"}