{"problem": {"name": "CVS-21-4", "datafile": "problems/ups_tw/CVS-21-4.vrp", "num_cust_nodes": 20, "num_tot_nodes": 22, "Gamma": 2, "t_range": 0.25, "Delta": 0, "d_range": 0.25, "num_drones": 2, "drone_time_multiplier": 1, "drone_cost_multiplier": 1, "flight_limit": 500, "demand_ratio": 0.75}, "timelimit": 3600, "num_cpus": 4, "alg": "BnP", "root_LP": 40291.0, "tot_cg_iterations": 103, "global_lb": 41060.8, "time": 25.50878119468689, "obj": 41110.0, "tot_mp_time": 0.0565028190612793, "tot_sp_time": 24.86690640449524, "tot_sp_heu1_time": 7.715136289596558, "tot_sp_heu2_time": 10.534404754638672, "tot_sp_exact_time": 6.598073244094849, "tot_num_sp_heu1": 103, "tot_num_sp_heu2": 83, "tot_num_sp_exact": 45, "tot_sp1_time": 60.56426024436951, "tot_sp2_time": 29.89179754257202, "tot_heu_time": 0.44882988929748535, "raw_solution": [[[1.0, [0, 18, 21], [[[18, 5], 0]]], [1.0, [0, 6, 17, 19, 21], [[[19, 12], 0]]], [1.0, [0, 11, 13, 21], [[[11, 5], 0], [[13, 2], 0], [[13, 16], 1]]], [1.0, [0, 10, 7, 21], [[[10, 8], 0], [[7, 9], 0], [[7, 14], 1]]], [1.0, [0, 15, 21], [[[15, 1], 0], [[15, 3], 1], [[15, 20], 0], [[15, 4], 0]]]], [[1.0, [7, 9]], [1.0, [7, 14]], [1.0, [10, 8]], [1.0, [13, 2]], [1.0, [13, 16]], [1.0, [15, 1]], [1.0, [15, 3]], [1.0, [15, 4]], [1.0, [15, 20]], [1.0, [18, 5]], [1.0, [19, 12]]]], "solution": [[[0, 18, 21], [[[18, 5]], []]], [[0, 6, 17, 19, 21], [[[19, 12]], []]], [[0, 11, 13, 21], [[[13, 2]], [[13, 16]]]], [[0, 10, 7, 21], [[[10, 8], [7, 9]], [[7, 14]]]], [[0, 15, 21], [[[15, 1], [15, 20], [15, 4]], [[15, 3]]]]], "num_bnb_nodes": 33, "num_bnb_remaining_nodes": 0, "tot_num_gen_cols": 554, "tot_num_labels": 995642, "termination_status": "Optimal"}