{"problem": {"name": "CVS-31-6", "datafile": "problems/ups_tw/CVS-31-6.vrp", "num_cust_nodes": 30, "num_tot_nodes": 32, "Gamma": 2, "t_range": 0.25, "Delta": 1, "d_range": 0.25, "num_drones": 2, "drone_time_multiplier": 1, "drone_cost_multiplier": 1, "flight_limit": 500, "demand_ratio": 0.75}, "timelimit": 3600, "num_cpus": 4, "alg": "BnP", "root_LP": 48889.67499999999, "tot_cg_iterations": 354, "global_lb": 49316.025, "time": 3600.5152456760406, "obj": 50014.0, "tot_mp_time": 2.429706335067749, "tot_sp_time": 3588.4404463768005, "tot_sp_heu1_time": 83.44443488121033, "tot_sp_heu2_time": 1302.2721869945526, "tot_sp_exact_time": 2202.5489115715027, "tot_num_sp_heu1": 354, "tot_num_sp_heu2": 338, "tot_num_sp_exact": 171, "tot_sp1_time": 4182.3412754535675, "tot_sp2_time": 9738.673551559448, "tot_heu_time": 7.9279069900512695, "raw_solution": [[[1.0, [0, 23, 31], [[[23, 7], 0], [[23, 18], 1], [[23, 30], 0], [[23, 22], 1]]], [1.0, [0, 5, 2, 16, 31], [[[5, 14], 0]]], [1.0, [0, 11, 28, 31], [[[11, 24], 0], [[28, 26], 0]]], [1.0, [0, 13, 12, 31], [[[13, 3], 0], [[13, 10], 1], [[12, 19], 0]]], [1.0, [0, 25, 31], [[[25, 1], 0], [[25, 15], 1], [[25, 21], 1], [[25, 29], 1], [[25, 17], 1], [[25, 6], 0], [[25, 20], 1]]], [1.0, [0, 4, 8, 27, 31], [[[4, 9], 0], [[4, 15], 1]]]], [[1.0, [4, 9]], [1.0, [5, 14]], [1.0, [11, 24]], [1.0, [12, 19]], [1.0, [13, 3]], [1.0, [13, 10]], [1.0, [23, 7]], [1.0, [23, 18]], [1.0, [23, 22]], [1.0, [23, 30]], [1.0, [25, 1]], [1.0, [25, 6]], [1.0, [25, 15]], [1.0, [25, 17]], [1.0, [25, 20]], [1.0, [25, 21]], [1.0, [25, 29]], [1.0, [28, 26]]]], "solution": [[[0, 23, 31], [[[23, 7], [23, 30]], [[23, 18], [23, 22]]]], [[0, 5, 2, 16, 31], [[[5, 14]], []]], [[0, 11, 28, 31], [[[11, 24], [28, 26]], []]], [[0, 13, 12, 31], [[[13, 3], [12, 19]], [[13, 10]]]], [[0, 25, 31], [[[25, 1], [25, 6]], [[25, 15], [25, 21], [25, 29], [25, 17], [25, 20]]]], [[0, 4, 8, 27, 31], [[[4, 9]], []]]], "num_bnb_nodes": 87, "num_bnb_remaining_nodes": 43, "tot_num_gen_cols": 3859, "tot_num_labels": 99371584, "termination_status": "Time limit"}