{"problem": {"name": "CVS-21-1", "datafile": "problems/ups_tw/CVS-21-1.vrp", "num_cust_nodes": 20, "num_tot_nodes": 22, "Gamma": 2, "t_range": 0.25, "Delta": 0, "d_range": 0.25, "num_drones": 2, "drone_time_multiplier": 1, "drone_cost_multiplier": 1, "flight_limit": 500, "demand_ratio": 0.75}, "timelimit": 3600, "num_cpus": 4, "alg": "BnP", "root_LP": 38460.25, "tot_cg_iterations": 13, "global_lb": 38460.25, "time": 1.5740528106689453, "obj": 38569.0, "tot_mp_time": 0.007441997528076172, "tot_sp_time": 1.5355768203735352, "tot_sp_heu1_time": 0.79799485206604, "tot_sp_heu2_time": 0.48085904121398926, "tot_sp_exact_time": 0.254986047744751, "tot_num_sp_heu1": 13, "tot_num_sp_heu2": 8, "tot_num_sp_exact": 4, "tot_sp1_time": 5.4751482009887695, "tot_sp2_time": 0.09096717834472656, "tot_heu_time": 0.01777505874633789, "raw_solution": [[[1.0, [0, 20, 7, 8, 21], []], [1.0, [0, 10, 17, 21], [[[10, 15], 0], [[10, 20], 1], [[10, 16], 1]]], [1.0, [0, 12, 5, 21], [[[5, 13], 0]]], [1.0, [0, 14, 11, 21], [[[14, 3], 0], [[11, 18], 0]]], [1.0, [0, 9, 2, 4, 21], [[[9, 19], 0], [[4, 1], 0], [[4, 6], 1]]]], [[1.0, [4, 1]], [1.0, [4, 6]], [1.0, [5, 13]], [1.0, [9, 19]], [1.0, [10, 15]], [1.0, [10, 16]], [1.0, [11, 18]], [1.0, [14, 3]]]], "solution": [[[0, 20, 7, 8, 21], [[], []]], [[0, 10, 17, 21], [[[10, 15]], [[10, 16]]]], [[0, 12, 5, 21], [[[5, 13]], []]], [[0, 14, 11, 21], [[[14, 3], [11, 18]], []]], [[0, 9, 2, 4, 21], [[[9, 19], [4, 1]], [[4, 6]]]]], "num_bnb_nodes": 3, "num_bnb_remaining_nodes": 0, "tot_num_gen_cols": 136, "tot_num_labels": 570, "termination_status": "Optimal"}