{"problem": {"name": "CVS-21-1", "datafile": "problems/ups_tw/CVS-21-1.vrp", "num_cust_nodes": 20, "num_tot_nodes": 22, "Gamma": 0, "t_range": 0.25, "Delta": 1, "d_range": 0.25, "num_drones": 2, "drone_time_multiplier": 1, "drone_cost_multiplier": 1, "flight_limit": 500, "demand_ratio": 0.75}, "timelimit": 3600, "num_cpus": 4, "alg": "BnP", "root_LP": 35320.5, "tot_cg_iterations": 86, "global_lb": 36320.0, "time": 16.803114652633667, "obj": 36320.0, "tot_mp_time": 0.05002593994140625, "tot_sp_time": 16.02201795578003, "tot_sp_heu1_time": 6.1712422370910645, "tot_sp_heu2_time": 6.165692567825317, "tot_sp_exact_time": 3.6718554496765137, "tot_num_sp_heu1": 86, "tot_num_sp_heu2": 76, "tot_num_sp_exact": 43, "tot_sp1_time": 51.50028038024902, "tot_sp2_time": 4.909466028213501, "tot_heu_time": 0.5641322135925293, "raw_solution": [[[1.0, [0, 20, 7, 8, 13, 21], []], [1.0, [0, 9, 17, 2, 21], [[[9, 19], 0], [[2, 4], 0]]], [1.0, [0, 12, 11, 21], [[[12, 19], 0], [[11, 1], 0], [[11, 6], 1], [[11, 18], 0]]], [1.0, [0, 10, 5, 14, 21], [[[10, 15], 0], [[10, 16], 1], [[14, 3], 0]]]], [[1.0, [2, 4]], [1.0, [9, 19]], [1.0, [10, 15]], [1.0, [10, 16]], [1.0, [11, 1]], [1.0, [11, 6]], [1.0, [11, 18]], [1.0, [14, 3]]]], "solution": [[[0, 20, 7, 8, 13, 21], [[], []]], [[0, 9, 17, 2, 21], [[[9, 19], [2, 4]], []]], [[0, 12, 11, 21], [[[11, 1], [11, 18]], [[11, 6]]]], [[0, 10, 5, 14, 21], [[[10, 15], [14, 3]], [[10, 16]]]]], "num_bnb_nodes": 49, "num_bnb_remaining_nodes": 0, "tot_num_gen_cols": 378, "tot_num_labels": 26541, "termination_status": "Optimal"}