{"problem": {"name": "CVS-21-2", "datafile": "problems/ups_tw/CVS-21-2.vrp", "num_cust_nodes": 20, "num_tot_nodes": 22, "Gamma": 0, "t_range": 0.25, "Delta": 1, "d_range": 0.25, "num_drones": 2, "drone_time_multiplier": 1, "drone_cost_multiplier": 1, "flight_limit": 500, "demand_ratio": 0.75}, "timelimit": 3600, "num_cpus": 4, "alg": "BnP", "root_LP": 34087.5, "tot_cg_iterations": 508, "global_lb": 34787.0625, "time": 465.42280292510986, "obj": 34794.99999999999, "tot_mp_time": 0.692455530166626, "tot_sp_time": 454.2375135421753, "tot_sp_heu1_time": 47.8348650932312, "tot_sp_heu2_time": 227.15075826644897, "tot_sp_exact_time": 179.08370447158813, "tot_num_sp_heu1": 508, "tot_num_sp_heu2": 463, "tot_num_sp_exact": 223, "tot_sp1_time": 1294.935539484024, "tot_sp2_time": 381.0392253398895, "tot_heu_time": 8.824724435806274, "raw_solution": [[[1.0, [0, 11, 16, 13, 1, 21], []], [1.0, [0, 2, 8, 4, 21], [[[2, 3], 0], [[8, 17], 0], [[8, 19], 1]]], [0.9999999999999996, [0, 6, 9, 21], [[[9, 14], 0], [[9, 5], 1], [[9, 20], 1]]], [0.9999999999999996, [0, 12, 10, 15, 7, 18, 21], []]], [[1.0, [2, 3]], [1.0, [8, 17]], [1.0, [8, 19]], [0.9999999999999996, [9, 5]], [0.9999999999999996, [9, 14]], [0.9999999999999996, [9, 20]]]], "solution": [[[0, 11, 16, 13, 1, 21], [[], []]], [[0, 2, 8, 4, 21], [[[2, 3], [8, 17]], [[8, 19]]]], [[0, 6, 9, 21], [[[9, 14]], [[9, 5], [9, 20]]]], [[0, 12, 10, 15, 7, 18, 21], [[], []]]], "num_bnb_nodes": 145, "num_bnb_remaining_nodes": 0, "tot_num_gen_cols": 2893, "tot_num_labels": 27953387, "termination_status": "Optimal"}