{"problem": {"name": "CVS-21-9", "datafile": "problems/ups_tw/CVS-21-9.vrp", "num_cust_nodes": 20, "num_tot_nodes": 22, "Gamma": 2, "t_range": 0.25, "Delta": 1, "d_range": 0.25, "num_drones": 2, "drone_time_multiplier": 1, "drone_cost_multiplier": 1, "flight_limit": 500, "demand_ratio": 0.75}, "timelimit": 3600, "num_cpus": 4, "alg": "BnP", "root_LP": 28458.592592592588, "tot_cg_iterations": 103, "global_lb": 28518.0, "time": 3601.9056129455566, "obj": 30208.0, "tot_mp_time": 0.10969305038452148, "tot_sp_time": 3601.223524093628, "tot_sp_heu1_time": 13.196688652038574, "tot_sp_heu2_time": 2504.105075120926, "tot_sp_exact_time": 1083.8828401565552, "tot_num_sp_heu1": 103, "tot_num_sp_heu2": 83, "tot_num_sp_exact": 17, "tot_sp1_time": 13688.158636569977, "tot_sp2_time": 141.20617485046387, "tot_heu_time": 0.4431016445159912, "raw_solution": [[[1.0, [0, 1, 21], [[[1, 10], 0], [[1, 14], 1]]], [1.0, [0, 8, 5, 6, 19, 21], [[[8, 13], 0], [[5, 18], 0], [[19, 4], 0]]], [1.0, [0, 17, 9, 3, 21], [[[9, 11], 0], [[9, 20], 1], [[3, 14], 0]]], [1.0, [0, 7, 12, 16, 15, 21], [[[16, 2], 0]]]], [[1.0, [1, 10]], [1.0, [3, 14]], [1.0, [5, 18]], [1.0, [8, 13]], [1.0, [9, 11]], [1.0, [9, 20]], [1.0, [16, 2]], [1.0, [19, 4]]]], "solution": [[[0, 1, 21], [[[1, 10]], []]], [[0, 8, 5, 6, 19, 21], [[[8, 13], [5, 18], [19, 4]], []]], [[0, 17, 9, 3, 21], [[[9, 11], [3, 14]], [[9, 20]]]], [[0, 7, 12, 16, 15, 21], [[[16, 2]], []]]], "num_bnb_nodes": 21, "num_bnb_remaining_nodes": 10, "tot_num_gen_cols": 405, "tot_num_labels": 34061389, "termination_status": "Time limit"}