{"problem": {"name": "CVS-21-9", "datafile": "problems/ups_tw/CVS-21-9.vrp", "num_cust_nodes": 20, "num_tot_nodes": 22, "Gamma": 1, "t_range": 0.25, "Delta": 1, "d_range": 0.25, "num_drones": 2, "drone_time_multiplier": 1, "drone_cost_multiplier": 1, "flight_limit": 500, "demand_ratio": 0.75}, "timelimit": 3600, "num_cpus": 4, "alg": "BnP", "root_LP": 28400.481481481478, "tot_cg_iterations": 65, "global_lb": 28400.481481481478, "time": 3604.1384534835815, "obj": 30208.0, "tot_mp_time": 0.07837343215942383, "tot_sp_time": 3603.958758354187, "tot_sp_heu1_time": 7.844964265823364, "tot_sp_heu2_time": 3256.553359746933, "tot_sp_exact_time": 339.53991770744324, "tot_num_sp_heu1": 65, "tot_num_sp_heu2": 50, "tot_num_sp_exact": 6, "tot_sp1_time": 14033.092107534409, "tot_sp2_time": 93.07458639144897, "tot_heu_time": 0.04502296447753906, "raw_solution": [[[1.0, [0, 1, 21], [[[1, 10], 0], [[1, 14], 1]]], [1.0, [0, 17, 9, 3, 21], [[[9, 11], 0], [[9, 20], 1], [[3, 14], 0]]], [1.0, [0, 7, 12, 16, 15, 21], [[[16, 2], 0]]], [1.0, [0, 8, 5, 6, 19, 21], [[[8, 13], 0], [[5, 18], 0], [[19, 4], 0]]]], [[1.0, [1, 10]], [1.0, [3, 14]], [1.0, [5, 18]], [1.0, [8, 13]], [1.0, [9, 11]], [1.0, [9, 20]], [1.0, [16, 2]], [1.0, [19, 4]]]], "solution": [[[0, 1, 21], [[[1, 10]], []]], [[0, 17, 9, 3, 21], [[[9, 11], [3, 14]], [[9, 20]]]], [[0, 7, 12, 16, 15, 21], [[[16, 2]], []]], [[0, 8, 5, 6, 19, 21], [[[8, 13], [5, 18], [19, 4]], []]]], "num_bnb_nodes": 1, "num_bnb_remaining_nodes": 0, "tot_num_gen_cols": 340, "tot_num_labels": 27440467, "termination_status": "Time limit"}