{"problem": {"name": "CVS-31-9", "datafile": "problems/ups_tw/CVS-31-9.vrp", "num_cust_nodes": 30, "num_tot_nodes": 32, "Gamma": 2, "t_range": 0.25, "Delta": 0, "d_range": 0.25, "num_drones": 2, "drone_time_multiplier": 1, "drone_cost_multiplier": 1, "flight_limit": 500, "demand_ratio": 0.75}, "timelimit": 3600, "num_cpus": 4, "alg": "BnP", "root_LP": 41476.4, "tot_cg_iterations": 472, "global_lb": 41965.0, "time": 238.41889905929565, "obj": 41966.0, "tot_mp_time": 0.7036178112030029, "tot_sp_time": 220.90262937545776, "tot_sp_heu1_time": 83.71449494361877, "tot_sp_heu2_time": 88.71038293838501, "tot_sp_exact_time": 48.37206220626831, "tot_num_sp_heu1": 472, "tot_num_sp_heu2": 460, "tot_num_sp_exact": 237, "tot_sp1_time": 712.518880367279, "tot_sp2_time": 101.36502599716187, "tot_heu_time": 13.784430027008057, "raw_solution": [[[1.0, [0, 26, 31], [[[26, 7], 0], [[26, 18], 1], [[26, 8], 0], [[26, 13], 1], [[26, 30], 0]]], [1.0, [0, 5, 6, 30, 31], [[[6, 21], 0], [[6, 29], 1], [[6, 19], 0], [[6, 27], 0], [[6, 28], 0]]], [1.0, [0, 14, 3, 20, 11, 31], [[[20, 9], 0]]], [1.0, [0, 7, 17, 31], [[[7, 22], 0], [[17, 8], 0]]], [1.0, [0, 24, 31], [[[24, 2], 0], [[24, 4], 1], [[24, 12], 1], [[24, 15], 0], [[24, 16], 1], [[24, 28], 1]]], [1.0, [0, 25, 23, 31], [[[23, 1], 0], [[23, 10], 1]]]], [[1.0, [6, 19]], [1.0, [6, 21]], [1.0, [6, 27]], [1.0, [6, 29]], [1.0, [7, 22]], [1.0, [20, 9]], [1.0, [23, 1]], [1.0, [23, 10]], [1.0, [24, 2]], [1.0, [24, 4]], [1.0, [24, 12]], [1.0, [24, 15]], [1.0, [24, 16]], [1.0, [24, 28]], [1.0, [26, 8]], [1.0, [26, 13]], [1.0, [26, 18]]]], "solution": [[[0, 26, 31], [[[26, 8]], [[26, 18], [26, 13]]]], [[0, 5, 6, 30, 31], [[[6, 21], [6, 19], [6, 27]], [[6, 29]]]], [[0, 14, 3, 20, 11, 31], [[[20, 9]], []]], [[0, 7, 17, 31], [[[7, 22]], []]], [[0, 24, 31], [[[24, 2], [24, 15]], [[24, 4], [24, 12], [24, 16], [24, 28]]]], [[0, 25, 23, 31], [[[23, 1]], [[23, 10]]]]], "num_bnb_nodes": 181, "num_bnb_remaining_nodes": 0, "tot_num_gen_cols": 2117, "tot_num_labels": 573326, "termination_status": "Optimal"}