{"problem": {"name": "CVS-31-10", "datafile": "problems/ups_tw/CVS-31-10.vrp", "num_cust_nodes": 30, "num_tot_nodes": 32, "Gamma": 1, "t_range": 0.25, "Delta": 0, "d_range": 0.25, "num_drones": 2, "drone_time_multiplier": 1, "drone_cost_multiplier": 1, "flight_limit": 500, "demand_ratio": 0.75}, "timelimit": 3600, "num_cpus": 4, "alg": "BnP", "root_LP": 43986.11363636364, "tot_cg_iterations": 16, "global_lb": 43986.11363636364, "time": 3629.2910108566284, "obj": 48311.0, "tot_mp_time": 0.01843404769897461, "tot_sp_time": 3629.1276428699493, "tot_sp_heu1_time": 4.530095338821411, "tot_sp_heu2_time": 3611.6501257419586, "tot_sp_exact_time": 12.943025588989258, "tot_num_sp_heu1": 16, "tot_num_sp_heu2": 3, "tot_num_sp_exact": 1, "tot_sp1_time": 14453.529380321503, "tot_sp2_time": 12.250342607498169, "tot_heu_time": 0.09598684310913086, "raw_solution": [[[1.0, [0, 8, 31], [[[8, 26], 0], [[8, 16], 1], [[8, 22], 0], [[8, 27], 1], [[8, 3], 0]]], [1.0, [0, 18, 31], [[[18, 5], 0], [[18, 1], 1], [[18, 7], 1], [[18, 30], 0], [[18, 28], 0]]], [1.0, [0, 3, 27, 20, 25, 29, 9, 15, 31], [[[3, 26], 0]]], [1.0, [0, 17, 6, 2, 13, 31], []], [1.0, [0, 4, 14, 12, 23, 31], [[[23, 21], 0]]], [0.9999999999999999, [0, 11, 24, 19, 10, 28, 31], []]], [[1.0, [3, 26]], [1.0, [8, 16]], [1.0, [8, 22]], [1.0, [18, 1]], [1.0, [18, 5]], [1.0, [18, 7]], [1.0, [18, 30]], [1.0, [23, 21]]]], "solution": [[[0, 8, 31], [[[8, 22]], [[8, 16]]]], [[0, 18, 31], [[[18, 5], [18, 30]], [[18, 1], [18, 7]]]], [[0, 3, 27, 20, 25, 29, 9, 15, 31], [[[3, 26]], []]], [[0, 17, 6, 2, 13, 31], [[], []]], [[0, 4, 14, 12, 23, 31], [[[23, 21]], []]], [[0, 11, 24, 19, 10, 28, 31], [[], []]]], "num_bnb_nodes": 1, "num_bnb_remaining_nodes": 0, "tot_num_gen_cols": 367, "tot_num_labels": 6099190, "termination_status": "Time limit"}