{"problem": {"name": "CVS-31-2", "datafile": "problems/ups_tw/CVS-31-2.vrp", "num_cust_nodes": 30, "num_tot_nodes": 32, "Gamma": 2, "t_range": 0.25, "Delta": 0, "d_range": 0.25, "num_drones": 2, "drone_time_multiplier": 1, "drone_cost_multiplier": 1, "flight_limit": 500, "demand_ratio": 0.75}, "timelimit": 3600, "num_cpus": 4, "alg": "BnP", "root_LP": 44732.88888888889, "tot_cg_iterations": 23, "global_lb": 44732.88888888889, "time": 3617.2236540317535, "obj": 46073.0, "tot_mp_time": 0.05760669708251953, "tot_sp_time": 3617.049095392227, "tot_sp_heu1_time": 7.268484115600586, "tot_sp_heu2_time": 3603.1843230724335, "tot_sp_exact_time": 6.588900804519653, "tot_num_sp_heu1": 23, "tot_num_sp_heu2": 6, "tot_num_sp_exact": 1, "tot_sp1_time": 14366.97518825531, "tot_sp2_time": 48.64146614074707, "tot_heu_time": 0.04940176010131836, "raw_solution": [[[1.0, [0, 20, 31], [[[20, 15], 0], [[20, 14], 1], [[20, 26], 1], [[20, 9], 0], [[20, 10], 1]]], [1.0, [0, 8, 22, 29, 17, 4, 31], [[[22, 19], 0], [[4, 21], 0]]], [1.0, [0, 9, 23, 7, 10, 12, 18, 31], [[[10, 6], 0]]], [1.0, [0, 1, 28, 13, 24, 31], [[[28, 27], 0], [[24, 25], 0], [[24, 30], 1]]], [1.0, [0, 2, 5, 11, 16, 31], [[[2, 3], 0]]]], [[1.0, [2, 3]], [1.0, [4, 21]], [1.0, [10, 6]], [1.0, [20, 14]], [1.0, [20, 15]], [1.0, [20, 26]], [1.0, [22, 19]], [1.0, [24, 25]], [1.0, [24, 30]], [1.0, [28, 27]]]], "solution": [[[0, 20, 31], [[[20, 15]], [[20, 14], [20, 26]]]], [[0, 8, 22, 29, 17, 4, 31], [[[22, 19], [4, 21]], []]], [[0, 9, 23, 7, 10, 12, 18, 31], [[[10, 6]], []]], [[0, 1, 28, 13, 24, 31], [[[28, 27], [24, 25]], [[24, 30]]]], [[0, 2, 5, 11, 16, 31], [[[2, 3]], []]]], "num_bnb_nodes": 1, "num_bnb_remaining_nodes": 0, "tot_num_gen_cols": 385, "tot_num_labels": 9483528, "termination_status": "Time limit"}