{"problem": {"name": "CVS-31-9", "datafile": "problems/ups_tw/CVS-31-9.vrp", "num_cust_nodes": 30, "num_tot_nodes": 32, "Gamma": 0, "t_range": 0.25, "Delta": 0, "d_range": 0.25, "num_drones": 2, "drone_time_multiplier": 1, "drone_cost_multiplier": 1, "flight_limit": 500, "demand_ratio": 0.75}, "timelimit": 3600, "num_cpus": 4, "alg": "BnP", "root_LP": 41476.4, "tot_cg_iterations": 493, "global_lb": 41966.0, "time": 258.84335708618164, "obj": 41966.0, "tot_mp_time": 0.7678670883178711, "tot_sp_time": 234.62524604797363, "tot_sp_heu1_time": 89.80250382423401, "tot_sp_heu2_time": 98.58939552307129, "tot_sp_exact_time": 46.11583423614502, "tot_num_sp_heu1": 493, "tot_num_sp_heu2": 480, "tot_num_sp_exact": 219, "tot_sp1_time": 703.0964531898499, "tot_sp2_time": 163.84761214256287, "tot_heu_time": 19.84517741203308, "raw_solution": [[[1.0, [0, 26, 31], [[[26, 7], 0], [[26, 18], 1], [[26, 8], 0], [[26, 13], 1], [[26, 30], 0]]], [1.0, [0, 5, 6, 30, 31], [[[6, 21], 0], [[6, 19], 1], [[6, 27], 0], [[6, 28], 1], [[6, 29], 0]]], [1.0, [0, 14, 3, 20, 11, 31], [[[20, 9], 0]]], [1.0, [0, 24, 31], [[[24, 2], 0], [[24, 4], 1], [[24, 12], 1], [[24, 15], 0], [[24, 16], 1], [[24, 28], 1]]], [1.0, [0, 25, 23, 31], [[[23, 1], 0], [[23, 10], 1]]], [1.0, [0, 7, 17, 31], [[[7, 22], 0]]]], [[1.0, [6, 19]], [1.0, [6, 21]], [1.0, [6, 27]], [1.0, [6, 29]], [1.0, [7, 22]], [1.0, [20, 9]], [1.0, [23, 1]], [1.0, [23, 10]], [1.0, [24, 2]], [1.0, [24, 4]], [1.0, [24, 12]], [1.0, [24, 15]], [1.0, [24, 16]], [1.0, [24, 28]], [1.0, [26, 8]], [1.0, [26, 13]], [1.0, [26, 18]]]], "solution": [[[0, 26, 31], [[[26, 8]], [[26, 18], [26, 13]]]], [[0, 5, 6, 30, 31], [[[6, 21], [6, 27], [6, 29]], [[6, 19]]]], [[0, 14, 3, 20, 11, 31], [[[20, 9]], []]], [[0, 24, 31], [[[24, 2], [24, 15]], [[24, 4], [24, 12], [24, 16], [24, 28]]]], [[0, 25, 23, 31], [[[23, 1]], [[23, 10]]]], [[0, 7, 17, 31], [[[7, 22]], []]]], "num_bnb_nodes": 221, "num_bnb_remaining_nodes": 0, "tot_num_gen_cols": 2478, "tot_num_labels": 1324519, "termination_status": "Optimal"}