{"problem": {"name": "CVS-21-1", "datafile": "problems/ups_tw/CVS-21-1.vrp", "num_cust_nodes": 20, "num_tot_nodes": 22, "Gamma": 1, "t_range": 0.25, "Delta": 2, "d_range": 0.25, "num_drones": 2, "drone_time_multiplier": 1, "drone_cost_multiplier": 1, "flight_limit": 500, "demand_ratio": 0.75}, "timelimit": 3600, "num_cpus": 4, "alg": "BnP", "root_LP": 38460.75, "tot_cg_iterations": 14, "global_lb": 38460.75, "time": 2.0526514053344727, "obj": 38569.0, "tot_mp_time": 0.008848428726196289, "tot_sp_time": 2.009300708770752, "tot_sp_heu1_time": 0.9746036529541016, "tot_sp_heu2_time": 0.6658775806427002, "tot_sp_exact_time": 0.3669919967651367, "tot_num_sp_heu1": 14, "tot_num_sp_heu2": 10, "tot_num_sp_exact": 5, "tot_sp1_time": 6.955167770385742, "tot_sp2_time": 0.15983796119689941, "tot_heu_time": 0.0223846435546875, "raw_solution": [[[1.0, [0, 20, 7, 8, 21], []], [1.0, [0, 10, 17, 21], [[[10, 15], 0], [[10, 20], 1], [[10, 16], 1]]], [1.0, [0, 12, 5, 21], [[[12, 19], 0], [[5, 13], 0]]], [1.0, [0, 14, 11, 21], [[[14, 3], 0], [[11, 18], 0]]], [1.0, [0, 9, 2, 4, 21], [[[9, 19], 0], [[4, 1], 0], [[4, 6], 1]]]], [[1.0, [4, 1]], [1.0, [4, 6]], [1.0, [5, 13]], [1.0, [9, 19]], [1.0, [10, 15]], [1.0, [10, 16]], [1.0, [11, 18]], [1.0, [14, 3]]]], "solution": [[[0, 20, 7, 8, 21], [[], []]], [[0, 10, 17, 21], [[[10, 15]], [[10, 16]]]], [[0, 12, 5, 21], [[[5, 13]], []]], [[0, 14, 11, 21], [[[14, 3], [11, 18]], []]], [[0, 9, 2, 4, 21], [[[9, 19], [4, 1]], [[4, 6]]]]], "num_bnb_nodes": 3, "num_bnb_remaining_nodes": 0, "tot_num_gen_cols": 133, "tot_num_labels": 779, "termination_status": "Optimal"}