{"problem": {"name": "CVS-21-1", "datafile": "problems/ups_tw/CVS-21-1.vrp", "num_cust_nodes": 20, "num_tot_nodes": 22, "Gamma": 1, "t_range": 0.25, "Delta": 0, "d_range": 0.25, "num_drones": 2, "drone_time_multiplier": 1, "drone_cost_multiplier": 1, "flight_limit": 500, "demand_ratio": 0.75}, "timelimit": 3600, "num_cpus": 4, "alg": "BnP", "root_LP": 38460.25, "tot_cg_iterations": 15, "global_lb": 38460.25, "time": 1.9528796672821045, "obj": 38569.0, "tot_mp_time": 0.008299827575683594, "tot_sp_time": 1.915050745010376, "tot_sp_heu1_time": 1.0014171600341797, "tot_sp_heu2_time": 0.6473903656005859, "tot_sp_exact_time": 0.2641899585723877, "tot_num_sp_heu1": 15, "tot_num_sp_heu2": 10, "tot_num_sp_exact": 4, "tot_sp1_time": 6.845583915710449, "tot_sp2_time": 0.09138298034667969, "tot_heu_time": 0.017173290252685547, "raw_solution": [[[1.0, [0, 20, 7, 8, 21], []], [1.0, [0, 12, 5, 21], [[[5, 13], 0]]], [1.0, [0, 14, 11, 21], [[[14, 3], 0], [[11, 18], 0]]], [1.0, [0, 9, 2, 4, 21], [[[9, 19], 0], [[4, 1], 0], [[4, 6], 1]]], [1.0, [0, 10, 17, 21], [[[10, 15], 0], [[10, 20], 1], [[10, 16], 1]]]], [[1.0, [4, 1]], [1.0, [4, 6]], [1.0, [5, 13]], [1.0, [9, 19]], [1.0, [10, 15]], [1.0, [10, 16]], [1.0, [11, 18]], [1.0, [14, 3]]]], "solution": [[[0, 20, 7, 8, 21], [[], []]], [[0, 12, 5, 21], [[[5, 13]], []]], [[0, 14, 11, 21], [[[14, 3], [11, 18]], []]], [[0, 9, 2, 4, 21], [[[9, 19], [4, 1]], [[4, 6]]]], [[0, 10, 17, 21], [[[10, 15]], [[10, 16]]]]], "num_bnb_nodes": 3, "num_bnb_remaining_nodes": 0, "tot_num_gen_cols": 118, "tot_num_labels": 559, "termination_status": "Optimal"}