{"problem": {"name": "CVS-31-9", "datafile": "problems/ups_tw/CVS-31-9.vrp", "num_cust_nodes": 30, "num_tot_nodes": 32, "Gamma": 2, "t_range": 0.25, "Delta": 2, "d_range": 0.25, "num_drones": 2, "drone_time_multiplier": 1, "drone_cost_multiplier": 1, "flight_limit": 500, "demand_ratio": 0.75}, "timelimit": 3600, "num_cpus": 4, "alg": "BnP", "root_LP": 41476.4, "tot_cg_iterations": 401, "global_lb": 41963.49999999999, "time": 240.72324514389038, "obj": 41965.999999999985, "tot_mp_time": 0.7279403209686279, "tot_sp_time": 227.19514346122742, "tot_sp_heu1_time": 84.76145052909851, "tot_sp_heu2_time": 91.4000506401062, "tot_sp_exact_time": 50.869669675827026, "tot_num_sp_heu1": 401, "tot_num_sp_heu2": 392, "tot_num_sp_exact": 205, "tot_sp1_time": 744.9843022823334, "tot_sp2_time": 95.85349822044373, "tot_heu_time": 10.979297637939453, "raw_solution": [[[1.0, [0, 26, 31], [[[26, 7], 0], [[26, 18], 1], [[26, 8], 0], [[26, 13], 1], [[26, 30], 0]]], [1.0, [0, 5, 6, 30, 31], [[[6, 21], 0], [[6, 29], 1], [[6, 19], 0], [[6, 27], 0], [[6, 28], 0]]], [1.0, [0, 14, 3, 20, 11, 31], [[[20, 9], 0]]], [0.9999999999999974, [0, 24, 31], [[[24, 2], 0], [[24, 4], 1], [[24, 12], 1], [[24, 15], 0], [[24, 16], 1], [[24, 28], 1]]], [1.0, [0, 25, 23, 31], [[[23, 1], 0], [[23, 10], 1]]], [1.0, [0, 7, 17, 31], [[[7, 22], 0]]]], [[1.0, [6, 19]], [1.0, [6, 21]], [1.0, [6, 27]], [1.0, [6, 29]], [1.0, [7, 22]], [1.0, [20, 9]], [1.0, [23, 1]], [1.0, [23, 10]], [1.0, [24, 2]], [1.0, [24, 4]], [0.9999999999999974, [24, 12]], [1.0, [24, 15]], [0.9999999999999974, [24, 16]], [0.9999999999999974, [24, 28]], [1.0, [26, 8]], [1.0, [26, 13]], [1.0, [26, 18]]]], "solution": [[[0, 26, 31], [[[26, 8]], [[26, 18], [26, 13]]]], [[0, 5, 6, 30, 31], [[[6, 21], [6, 19], [6, 27]], [[6, 29]]]], [[0, 14, 3, 20, 11, 31], [[[20, 9]], []]], [[0, 24, 31], [[[24, 2], [24, 15]], [[24, 4], [24, 12], [24, 16], [24, 28]]]], [[0, 25, 23, 31], [[[23, 1]], [[23, 10]]]], [[0, 7, 17, 31], [[[7, 22]], []]]], "num_bnb_nodes": 157, "num_bnb_remaining_nodes": 0, "tot_num_gen_cols": 1872, "tot_num_labels": 494960, "termination_status": "Optimal"}