{"problem": {"name": "CVS-21-3", "datafile": "problems/ups_tw/CVS-21-3.vrp", "num_cust_nodes": 20, "num_tot_nodes": 22, "Gamma": 0, "t_range": 0.25, "Delta": 0, "d_range": 0.25, "num_drones": 2, "drone_time_multiplier": 1, "drone_cost_multiplier": 1, "flight_limit": 500, "demand_ratio": 0.75}, "timelimit": 3600, "num_cpus": 4, "alg": "BnP", "root_LP": 36493.0, "tot_cg_iterations": 5327, "global_lb": 38121.66666666667, "time": 1280.8134665489197, "obj": 38123.0, "tot_mp_time": 18.4712131023407, "tot_sp_time": 719.3161962032318, "tot_sp_heu1_time": 249.3354995250702, "tot_sp_heu2_time": 271.44297885894775, "tot_sp_exact_time": 197.8078875541687, "tot_num_sp_heu1": 5327, "tot_num_sp_heu2": 5238, "tot_num_sp_exact": 3806, "tot_sp1_time": 2056.242866754532, "tot_sp2_time": 491.92871952056885, "tot_heu_time": 447.24215269088745, "raw_solution": [[[1.0, [0, 10, 12, 21], [[[12, 4], 0], [[12, 17], 1]]], [1.0, [0, 6, 8, 21], [[[6, 2], 0], [[6, 11], 1]]], [1.0, [0, 5, 13, 21], [[[5, 7], 0], [[5, 19], 1]]], [1.0, [0, 14, 21], [[[14, 1], 0], [[14, 3], 1], [[14, 16], 1], [[14, 15], 1]]], [1.0, [0, 20, 18, 21], [[[20, 3], 0], [[18, 9], 0], [[18, 15], 1]]]], [[1.0, [5, 7]], [1.0, [5, 19]], [1.0, [6, 2]], [1.0, [6, 11]], [1.0, [12, 4]], [1.0, [12, 17]], [1.0, [14, 1]], [1.0, [14, 15]], [1.0, [14, 16]], [1.0, [18, 9]], [1.0, [20, 3]]]], "solution": [[[0, 10, 12, 21], [[[12, 4]], [[12, 17]]]], [[0, 6, 8, 21], [[[6, 2]], [[6, 11]]]], [[0, 5, 13, 21], [[[5, 7]], [[5, 19]]]], [[0, 14, 21], [[[14, 1]], [[14, 16], [14, 15]]]], [[0, 20, 18, 21], [[[20, 3], [18, 9]], []]]], "num_bnb_nodes": 3499, "num_bnb_remaining_nodes": 0, "tot_num_gen_cols": 6090, "tot_num_labels": 3931946, "termination_status": "Optimal"}