{"problem": {"name": "CVS-21-6", "datafile": "problems/ups_tw/CVS-21-6.vrp", "num_cust_nodes": 20, "num_tot_nodes": 22, "Gamma": 0, "t_range": 0.25, "Delta": 2, "d_range": 0.25, "num_drones": 2, "drone_time_multiplier": 1, "drone_cost_multiplier": 1, "flight_limit": 500, "demand_ratio": 0.75}, "timelimit": 3600, "num_cpus": 4, "alg": "BnP", "root_LP": 35025.5, "tot_cg_iterations": 26, "global_lb": 35025.5, "time": 5.698901176452637, "obj": 35614.0, "tot_mp_time": 0.036916494369506836, "tot_sp_time": 5.608335971832275, "tot_sp_heu1_time": 2.0571646690368652, "tot_sp_heu2_time": 2.056330680847168, "tot_sp_exact_time": 1.4905054569244385, "tot_num_sp_heu1": 26, "tot_num_sp_heu2": 19, "tot_num_sp_exact": 6, "tot_sp1_time": 18.41793131828308, "tot_sp2_time": 1.8751990795135498, "tot_heu_time": 0.027133703231811523, "raw_solution": [[[1.0, [0, 7, 17, 21], [[[7, 5], 0], [[7, 14], 1]]], [1.0, [0, 13, 19, 21], [[[13, 16], 0], [[19, 10], 0], [[19, 12], 1]]], [1.0, [0, 15, 4, 21], [[[15, 6], 0], [[15, 20], 1], [[4, 1], 0], [[4, 9], 1]]], [1.0, [0, 18, 16, 21], [[[18, 8], 0], [[18, 11], 1], [[16, 2], 0], [[16, 3], 1]]]], [[1.0, [4, 1]], [1.0, [4, 9]], [1.0, [7, 5]], [1.0, [7, 14]], [1.0, [15, 6]], [1.0, [15, 20]], [1.0, [16, 2]], [1.0, [16, 3]], [1.0, [18, 8]], [1.0, [18, 11]], [1.0, [19, 10]], [1.0, [19, 12]]]], "solution": [[[0, 7, 17, 21], [[[7, 5]], [[7, 14]]]], [[0, 13, 19, 21], [[[19, 10]], [[19, 12]]]], [[0, 15, 4, 21], [[[15, 6], [4, 1]], [[15, 20], [4, 9]]]], [[0, 18, 16, 21], [[[18, 8], [16, 2]], [[18, 11], [16, 3]]]]], "num_bnb_nodes": 3, "num_bnb_remaining_nodes": 0, "tot_num_gen_cols": 414, "tot_num_labels": 136967, "termination_status": "Optimal"}