{"problem": {"name": "CVS-31-7", "datafile": "problems/ups_tw/CVS-31-7.vrp", "num_cust_nodes": 30, "num_tot_nodes": 32, "Gamma": 1, "t_range": 0.25, "Delta": 1, "d_range": 0.25, "num_drones": 2, "drone_time_multiplier": 1, "drone_cost_multiplier": 1, "flight_limit": 500, "demand_ratio": 0.75}, "timelimit": 3600, "num_cpus": 4, "alg": "BnP", "root_LP": 47082.071428571435, "tot_cg_iterations": 1252, "global_lb": 47618.109375, "time": 3600.65958070755, "obj": 48115.0, "tot_mp_time": 2.3617208003997803, "tot_sp_time": 3499.477605819702, "tot_sp_heu1_time": 328.18985056877136, "tot_sp_heu2_time": 1554.523244857788, "tot_sp_exact_time": 1616.247303724289, "tot_num_sp_heu1": 1252, "tot_num_sp_heu2": 1228, "tot_num_sp_exact": 870, "tot_sp1_time": 8322.062819004059, "tot_sp2_time": 5079.951401948929, "tot_heu_time": 85.88278317451477, "raw_solution": [[[1.0, [0, 16, 31], [[[16, 17], 0], [[16, 9], 1], [[16, 3], 1], [[16, 22], 0]]], [1.0, [0, 24, 31], [[[24, 19], 0], [[24, 21], 1], [[24, 30], 1], [[24, 7], 0]]], [1.0, [0, 6, 18, 2, 31], [[[2, 23], 0]]], [1.0, [0, 4, 28, 10, 31], [[[28, 27], 0], [[10, 7], 0]]], [1.0, [0, 12, 20, 31], [[[12, 1], 0], [[12, 22], 1]]], [1.0, [0, 13, 25, 8, 31], [[[13, 26], 0], [[25, 11], 0]]], [1.0, [0, 15, 31], [[[15, 5], 0], [[15, 14], 1], [[15, 29], 0]]]], [[1.0, [2, 23]], [1.0, [10, 7]], [1.0, [12, 1]], [1.0, [12, 22]], [1.0, [13, 26]], [1.0, [15, 5]], [1.0, [15, 14]], [1.0, [15, 29]], [1.0, [16, 3]], [1.0, [16, 9]], [1.0, [16, 17]], [1.0, [24, 19]], [1.0, [24, 21]], [1.0, [24, 30]], [1.0, [25, 11]], [1.0, [28, 27]]]], "solution": [[[0, 16, 31], [[[16, 17]], [[16, 9], [16, 3]]]], [[0, 24, 31], [[[24, 19]], [[24, 21], [24, 30]]]], [[0, 6, 18, 2, 31], [[[2, 23]], []]], [[0, 4, 28, 10, 31], [[[28, 27], [10, 7]], []]], [[0, 12, 20, 31], [[[12, 1]], [[12, 22]]]], [[0, 13, 25, 8, 31], [[[13, 26], [25, 11]], []]], [[0, 15, 31], [[[15, 5], [15, 29]], [[15, 14]]]]], "num_bnb_nodes": 1517, "num_bnb_remaining_nodes": 736, "tot_num_gen_cols": 2389, "tot_num_labels": 251656891, "termination_status": "Time limit"}