{"problem": {"name": "CVS-21-3", "datafile": "problems/ups_tw/CVS-21-3.vrp", "num_cust_nodes": 20, "num_tot_nodes": 22, "Gamma": 2, "t_range": 0.25, "Delta": 2, "d_range": 0.25, "num_drones": 2, "drone_time_multiplier": 1, "drone_cost_multiplier": 1, "flight_limit": 500, "demand_ratio": 0.75}, "timelimit": 3600, "num_cpus": 4, "alg": "BnP", "root_LP": 36493.0, "tot_cg_iterations": 2777, "global_lb": 38121.290322580644, "time": 572.2043406963348, "obj": 38123.0, "tot_mp_time": 6.342071771621704, "tot_sp_time": 410.2318067550659, "tot_sp_heu1_time": 146.9248354434967, "tot_sp_heu2_time": 158.47737503051758, "tot_sp_exact_time": 104.44513201713562, "tot_num_sp_heu1": 2777, "tot_num_sp_heu2": 2723, "tot_num_sp_exact": 1761, "tot_sp1_time": 1214.331359386444, "tot_sp2_time": 256.5734529495239, "tot_heu_time": 132.89014840126038, "raw_solution": [[[1.0, [0, 5, 13, 21], [[[5, 7], 0], [[5, 19], 1]]], [1.0, [0, 10, 12, 21], [[[12, 4], 0], [[12, 17], 1]]], [1.0, [0, 6, 8, 21], [[[6, 2], 0], [[6, 11], 1]]], [1.0, [0, 14, 21], [[[14, 1], 0], [[14, 2], 1], [[14, 16], 1], [[14, 15], 1]]], [1.0, [0, 20, 18, 21], [[[20, 3], 0], [[18, 9], 0], [[18, 11], 1]]]], [[1.0, [5, 7]], [1.0, [5, 19]], [1.0, [6, 2]], [1.0, [6, 11]], [1.0, [12, 4]], [1.0, [12, 17]], [1.0, [14, 1]], [1.0, [14, 15]], [1.0, [14, 16]], [1.0, [18, 9]], [1.0, [20, 3]]]], "solution": [[[0, 5, 13, 21], [[[5, 7]], [[5, 19]]]], [[0, 10, 12, 21], [[[12, 4]], [[12, 17]]]], [[0, 6, 8, 21], [[[6, 2]], [[6, 11]]]], [[0, 14, 21], [[[14, 1]], [[14, 16], [14, 15]]]], [[0, 20, 18, 21], [[[20, 3], [18, 9]], []]]], "num_bnb_nodes": 1539, "num_bnb_remaining_nodes": 0, "tot_num_gen_cols": 4410, "tot_num_labels": 1917326, "termination_status": "Optimal"}