{"problem": {"name": "CVS-31-3", "datafile": "problems/ups_tw/CVS-31-3.vrp", "num_cust_nodes": 30, "num_tot_nodes": 32, "Gamma": 2, "t_range": 0.25, "Delta": 2, "d_range": 0.25, "num_drones": 2, "drone_time_multiplier": 1, "drone_cost_multiplier": 1, "flight_limit": 500, "demand_ratio": 0.75}, "timelimit": 3600, "num_cpus": 4, "alg": "BnP", "root_LP": 44502.43478260868, "tot_cg_iterations": 26, "global_lb": 44502.43478260868, "time": 3625.5934026241302, "obj": 48861.0, "tot_mp_time": 0.05871129035949707, "tot_sp_time": 3625.2735192775726, "tot_sp_heu1_time": 6.8704588413238525, "tot_sp_heu2_time": 3606.194878101349, "tot_sp_exact_time": 12.201131343841553, "tot_num_sp_heu1": 26, "tot_num_sp_heu2": 4, "tot_num_sp_exact": 1, "tot_sp1_time": 14349.188180685043, "tot_sp2_time": 116.54990267753601, "tot_heu_time": 0.12805604934692383, "raw_solution": [[[1.0, [0, 18, 31], [[[18, 11], 0], [[18, 6], 1], [[18, 9], 1], [[18, 8], 0], [[18, 2], 1]]], [1.0, [0, 19, 31], [[[19, 23], 0], [[19, 30], 1]]], [1.0, [0, 21, 31], [[[21, 9], 0], [[21, 2], 1], [[21, 3], 0], [[21, 15], 1], [[21, 14], 1], [[21, 1], 0]]], [1.0, [0, 10, 4, 17, 28, 25, 31], [[[4, 12], 0]]], [1.0, [0, 23, 5, 7, 31], [[[23, 13], 0]]], [1.0, [0, 27, 8, 22, 24, 31], [[[8, 2], 0]]], [1.0, [0, 1, 3, 20, 31], [[[1, 26], 0], [[3, 16], 0], [[20, 29], 0]]]], [[1.0, [1, 26]], [1.0, [3, 16]], [1.0, [4, 12]], [1.0, [18, 2]], [1.0, [18, 6]], [1.0, [18, 9]], [1.0, [18, 11]], [1.0, [19, 30]], [1.0, [20, 29]], [1.0, [21, 14]], [1.0, [21, 15]], [1.0, [23, 13]]]], "solution": [[[0, 18, 31], [[[18, 11]], [[18, 6], [18, 9], [18, 2]]]], [[0, 19, 31], [[], [[19, 30]]]], [[0, 21, 31], [[], [[21, 15], [21, 14]]]], [[0, 10, 4, 17, 28, 25, 31], [[[4, 12]], []]], [[0, 23, 5, 7, 31], [[[23, 13]], []]], [[0, 27, 8, 22, 24, 31], [[], []]], [[0, 1, 3, 20, 31], [[[1, 26], [3, 16], [20, 29]], []]]], "num_bnb_nodes": 1, "num_bnb_remaining_nodes": 0, "tot_num_gen_cols": 771, "tot_num_labels": 6668663, "termination_status": "Time limit"}