{"problem": {"name": "CVS-21-5", "datafile": "problems/ups_tw/CVS-21-5.vrp", "num_cust_nodes": 20, "num_tot_nodes": 22, "Gamma": 0, "t_range": 0.25, "Delta": 2, "d_range": 0.25, "num_drones": 2, "drone_time_multiplier": 1, "drone_cost_multiplier": 1, "flight_limit": 500, "demand_ratio": 0.75}, "timelimit": 3600, "num_cpus": 4, "alg": "BnP", "root_LP": 35593.0, "tot_cg_iterations": 32, "global_lb": 35622.0, "time": 4.420884370803833, "obj": 35808.0, "tot_mp_time": 0.034499406814575195, "tot_sp_time": 4.322476625442505, "tot_sp_heu1_time": 2.4014294147491455, "tot_sp_heu2_time": 1.4645767211914062, "tot_sp_exact_time": 0.4519054889678955, "tot_num_sp_heu1": 32, "tot_num_sp_heu2": 19, "tot_num_sp_exact": 5, "tot_sp1_time": 14.794381141662598, "tot_sp2_time": 1.1022422313690186, "tot_heu_time": 0.041283607482910156, "raw_solution": [[[1.0, [0, 18, 21], [[[18, 11], 0], [[18, 20], 1], [[18, 2], 0]]], [1.0, [0, 3, 12, 1, 5, 21], [[[3, 6], 0], [[1, 8], 0]]], [1.0, [0, 15, 16, 21], [[[16, 4], 0], [[16, 19], 1], [[16, 17], 1]]], [1.0, [0, 9, 14, 10, 7, 21], [[[14, 13], 0]]]], [[1.0, [1, 8]], [1.0, [3, 6]], [1.0, [14, 13]], [1.0, [16, 4]], [1.0, [16, 17]], [1.0, [16, 19]], [1.0, [18, 2]], [1.0, [18, 11]], [1.0, [18, 20]]]], "solution": [[[0, 18, 21], [[[18, 11], [18, 2]], [[18, 20]]]], [[0, 3, 12, 1, 5, 21], [[[3, 6], [1, 8]], []]], [[0, 15, 16, 21], [[[16, 4]], [[16, 19], [16, 17]]]], [[0, 9, 14, 10, 7, 21], [[[14, 13]], []]]], "num_bnb_nodes": 5, "num_bnb_remaining_nodes": 0, "tot_num_gen_cols": 290, "tot_num_labels": 18525, "termination_status": "Optimal"}