{"problem": {"name": "CVS-21-7", "datafile": "problems/ups_tw/CVS-21-7.vrp", "num_cust_nodes": 20, "num_tot_nodes": 22, "Gamma": 1, "t_range": 0.25, "Delta": 1, "d_range": 0.25, "num_drones": 2, "drone_time_multiplier": 1, "drone_cost_multiplier": 1, "flight_limit": 500, "demand_ratio": 0.75}, "timelimit": 3600, "num_cpus": 4, "alg": "BnP", "root_LP": 36977.0, "tot_cg_iterations": 21, "global_lb": 36977.0, "time": 2.2617475986480713, "obj": 36977.0, "tot_mp_time": 0.028643131256103516, "tot_sp_time": 2.2040469646453857, "tot_sp_heu1_time": 1.4241631031036377, "tot_sp_heu2_time": 0.4938936233520508, "tot_sp_exact_time": 0.2833578586578369, "tot_num_sp_heu1": 21, "tot_num_sp_heu2": 7, "tot_num_sp_exact": 3, "tot_sp1_time": 7.675942659378052, "tot_sp2_time": 0.27898550033569336, "tot_heu_time": 0.008209705352783203, "raw_solution": [[[1.0, [0, 1, 17, 9, 3, 12, 21], [[[9, 16], 0]]], [1.0, [0, 20, 8, 21], [[[8, 2], 0]]], [1.0, [0, 6, 5, 15, 21], [[[6, 18], 0], [[5, 11], 0], [[15, 14], 0]]], [1.0, [0, 19, 7, 10, 4, 21], [[[19, 13], 0]]]], [[1.0, [5, 11]], [1.0, [6, 18]], [1.0, [8, 2]], [1.0, [9, 16]], [1.0, [15, 14]], [1.0, [19, 13]]]], "solution": [[[0, 1, 17, 9, 3, 12, 21], [[[9, 16]], []]], [[0, 20, 8, 21], [[[8, 2]], []]], [[0, 6, 5, 15, 21], [[[6, 18], [5, 11], [15, 14]], []]], [[0, 19, 7, 10, 4, 21], [[[19, 13]], []]]], "num_bnb_nodes": 1, "num_bnb_remaining_nodes": 0, "tot_num_gen_cols": 273, "tot_num_labels": 2267, "termination_status": "Optimal"}