{"problem": {"name": "CVS-31-3", "datafile": "problems/ups_tw/CVS-31-3.vrp", "num_cust_nodes": 30, "num_tot_nodes": 32, "Gamma": 0, "t_range": 0.25, "Delta": 0, "d_range": 0.25, "num_drones": 2, "drone_time_multiplier": 1, "drone_cost_multiplier": 1, "flight_limit": 500, "demand_ratio": 0.75}, "timelimit": 3600, "num_cpus": 4, "alg": "BnP", "root_LP": 48022.658536585375, "tot_cg_iterations": 21, "global_lb": 48022.658536585375, "time": 3631.3631715774536, "obj": 51680.0, "tot_mp_time": 0.026707172393798828, "tot_sp_time": 3631.1353328227997, "tot_sp_heu1_time": 6.370025634765625, "tot_sp_heu2_time": 3614.1722869873047, "tot_sp_exact_time": 10.587445259094238, "tot_num_sp_heu1": 21, "tot_num_sp_heu2": 2, "tot_num_sp_exact": 1, "tot_sp1_time": 14438.123313903809, "tot_sp2_time": 74.97856736183167, "tot_heu_time": 0.13606524467468262, "raw_solution": [[[1.0, [0, 16, 31], [[[16, 9], 0], [[16, 4], 1], [[16, 3], 1], [[16, 15], 0], [[16, 14], 1], [[16, 1], 0]]], [1.0, [0, 18, 31], [[[18, 11], 0], [[18, 6], 1], [[18, 9], 1], [[18, 8], 0], [[18, 2], 1]]], [1.0, [0, 19, 31], [[[19, 23], 0], [[19, 30], 1]]], [1.0, [0, 1, 26, 29, 15, 21, 20, 31], []], [1.0, [0, 4, 17, 28, 25, 10, 31], [[[4, 12], 0]]], [1.0, [0, 5, 23, 7, 31], [[[23, 13], 0]]], [1.0, [0, 27, 8, 22, 24, 31], [[[8, 9], 0]]]], [[1.0, [4, 12]], [1.0, [16, 3]], [1.0, [16, 14]], [1.0, [18, 2]], [1.0, [18, 6]], [1.0, [18, 9]], [1.0, [18, 11]], [1.0, [19, 30]], [1.0, [23, 13]]]], "solution": [[[0, 16, 31], [[], [[16, 3], [16, 14]]]], [[0, 18, 31], [[[18, 11]], [[18, 6], [18, 9], [18, 2]]]], [[0, 19, 31], [[], [[19, 30]]]], [[0, 1, 26, 29, 15, 21, 20, 31], [[], []]], [[0, 4, 17, 28, 25, 10, 31], [[[4, 12]], []]], [[0, 5, 23, 7, 31], [[[23, 13]], []]], [[0, 27, 8, 22, 24, 31], [[], []]]], "num_bnb_nodes": 1, "num_bnb_remaining_nodes": 0, "tot_num_gen_cols": 563, "tot_num_labels": 5590796, "termination_status": "Time limit"}