{"problem": {"name": "CVS-31-2", "datafile": "problems/ups_tw/CVS-31-2.vrp", "num_cust_nodes": 30, "num_tot_nodes": 32, "Gamma": 2, "t_range": 0.25, "Delta": 2, "d_range": 0.25, "num_drones": 2, "drone_time_multiplier": 1, "drone_cost_multiplier": 1, "flight_limit": 500, "demand_ratio": 0.75}, "timelimit": 3600, "num_cpus": 4, "alg": "BnP", "root_LP": 45564.64285714286, "tot_cg_iterations": 15, "global_lb": 45564.64285714286, "time": 3620.160503387451, "obj": 47179.0, "tot_mp_time": 0.03789067268371582, "tot_sp_time": 3619.9943685531616, "tot_sp_heu1_time": 4.393649578094482, "tot_sp_heu2_time": 3608.0029492378235, "tot_sp_exact_time": 7.593048572540283, "tot_num_sp_heu1": 15, "tot_num_sp_heu2": 3, "tot_num_sp_exact": 1, "tot_sp1_time": 14399.569365024567, "tot_sp2_time": 28.36648392677307, "tot_heu_time": 0.0645296573638916, "raw_solution": [[[1.0, [0, 2, 31], [[[2, 3], 0], [[2, 27], 1]]], [1.0, [0, 6, 31], [[[6, 7], 0], [[6, 15], 1], [[6, 14], 1], [[6, 9], 0], [[6, 10], 1], [[6, 16], 0]]], [1.0, [0, 25, 31], [[[25, 30], 0], [[25, 21], 1], [[25, 24], 1]]], [1.0, [0, 8, 19, 22, 17, 4, 31], [[[17, 29], 0], [[4, 21], 0]]], [1.0, [0, 23, 20, 26, 7, 12, 18, 31], []], [1.0, [0, 13, 28, 1, 5, 11, 31], []]], [[1.0, [2, 3]], [1.0, [2, 27]], [1.0, [4, 21]], [1.0, [6, 9]], [1.0, [6, 10]], [1.0, [6, 14]], [1.0, [6, 15]], [1.0, [6, 16]], [1.0, [17, 29]], [1.0, [25, 24]], [1.0, [25, 30]]]], "solution": [[[0, 2, 31], [[[2, 3]], [[2, 27]]]], [[0, 6, 31], [[[6, 9], [6, 16]], [[6, 15], [6, 14], [6, 10]]]], [[0, 25, 31], [[[25, 30]], [[25, 24]]]], [[0, 8, 19, 22, 17, 4, 31], [[[17, 29], [4, 21]], []]], [[0, 23, 20, 26, 7, 12, 18, 31], [[], []]], [[0, 13, 28, 1, 5, 11, 31], [[], []]]], "num_bnb_nodes": 1, "num_bnb_remaining_nodes": 0, "tot_num_gen_cols": 313, "tot_num_labels": 6278361, "termination_status": "Time limit"}