{"problem": {"name": "CVS-31-5", "datafile": "problems/ups_tw/CVS-31-5.vrp", "num_cust_nodes": 30, "num_tot_nodes": 32, "Gamma": 2, "t_range": 0.25, "Delta": 2, "d_range": 0.25, "num_drones": 2, "drone_time_multiplier": 1, "drone_cost_multiplier": 1, "flight_limit": 500, "demand_ratio": 0.75}, "timelimit": 3600, "num_cpus": 4, "alg": "BnP", "root_LP": 46194.46153846154, "tot_cg_iterations": 39, "global_lb": 46194.46153846154, "time": 3629.517497777939, "obj": 48521.0, "tot_mp_time": 0.12583184242248535, "tot_sp_time": 3629.1403126716614, "tot_sp_heu1_time": 14.293462991714478, "tot_sp_heu2_time": 3602.104046344757, "tot_sp_exact_time": 12.729342460632324, "tot_num_sp_heu1": 39, "tot_num_sp_heu2": 10, "tot_num_sp_exact": 1, "tot_sp1_time": 14427.037373781204, "tot_sp2_time": 38.12743425369263, "tot_heu_time": 0.10738301277160645, "raw_solution": [[[1.0, [0, 23, 31], [[[23, 22], 0], [[23, 14], 1], [[23, 20], 1], [[23, 11], 0], [[23, 18], 0], [[23, 21], 1]]], [1.0000000000000002, [0, 10, 19, 30, 5, 31], [[[5, 12], 0]]], [1.0, [0, 15, 17, 27, 4, 16, 31], []], [1.0, [0, 7, 3, 6, 31], [[[7, 12], 0]]], [1.0, [0, 1, 2, 25, 31], [[[1, 8], 0], [[2, 20], 0], [[25, 28], 0]]], [1.0, [0, 9, 24, 13, 29, 14, 31], [[[14, 26], 0]]]], [[1.0, [1, 8]], [1.0, [2, 20]], [1.0, [7, 12]], [1.0, [14, 26]], [1.0, [23, 11]], [1.0, [23, 18]], [1.0, [23, 21]], [1.0, [23, 22]], [1.0, [25, 28]]]], "solution": [[[0, 23, 31], [[[23, 22], [23, 11], [23, 18]], [[23, 21]]]], [[0, 10, 19, 30, 5, 31], [[], []]], [[0, 15, 17, 27, 4, 16, 31], [[], []]], [[0, 7, 3, 6, 31], [[[7, 12]], []]], [[0, 1, 2, 25, 31], [[[1, 8], [2, 20], [25, 28]], []]], [[0, 9, 24, 13, 29, 14, 31], [[[14, 26]], []]]], "num_bnb_nodes": 1, "num_bnb_remaining_nodes": 0, "tot_num_gen_cols": 623, "tot_num_labels": 6958740, "termination_status": "Time limit"}